-- phpMyAdmin SQL Dump
-- version 4.8.5
-- https://www.phpmyadmin.net/
--
-- Host: 127.0.0.1
-- Generation Time: Mar 21, 2021 at 07:05 AM
-- Server version: 10.1.38-MariaDB
-- PHP Version: 7.3.2

SET SQL_MODE = "NO_AUTO_VALUE_ON_ZERO";
SET AUTOCOMMIT = 0;
START TRANSACTION;
SET time_zone = "+00:00";


/*!40101 SET @OLD_CHARACTER_SET_CLIENT=@@CHARACTER_SET_CLIENT */;
/*!40101 SET @OLD_CHARACTER_SET_RESULTS=@@CHARACTER_SET_RESULTS */;
/*!40101 SET @OLD_COLLATION_CONNECTION=@@COLLATION_CONNECTION */;
/*!40101 SET NAMES utf8mb4 */;

--
-- Database: `klinik`
--

-- --------------------------------------------------------

--
-- Table structure for table `tbl_daerah`
--

CREATE TABLE `tbl_daerah` (
  `kode_daerah` varchar(10) NOT NULL,
  `nama_daerah` varchar(100) NOT NULL
) ENGINE=InnoDB DEFAULT CHARSET=latin1;

--
-- Dumping data for table `tbl_daerah`
--

INSERT INTO `tbl_daerah` (`kode_daerah`, `nama_daerah`) VALUES
('01', 'Donomulyo'),
('02', 'Tempursari'),
('03', 'Kedungsalam'),
('04', 'Tlogosari'),
('05', 'Mentaraman'),
('06', 'Purworejo'),
('07', 'Lain-Lain');

-- --------------------------------------------------------

--
-- Table structure for table `tbl_detreturnobat`
--

CREATE TABLE `tbl_detreturnobat` (
  `id_pendaftaran` varchar(20) NOT NULL,
  `id_obat` varchar(50) NOT NULL,
  `jumlah_return` int(10) NOT NULL
) ENGINE=InnoDB DEFAULT CHARSET=latin1;

--
-- Dumping data for table `tbl_detreturnobat`
--

INSERT INTO `tbl_detreturnobat` (`id_pendaftaran`, `id_obat`, `jumlah_return`) VALUES
('RI-00001', '19', 9),
('RI-00001', '20', 10),
('RI-00001', '183', 9),
('RI-00001', '184', 10),
('RI-00001', '189', 9),
('RI-00001', '190', 10);

-- --------------------------------------------------------

--
-- Table structure for table `tbl_icd`
--

CREATE TABLE `tbl_icd` (
  `id_icd` varchar(10) NOT NULL,
  `nama_icd` varchar(500) NOT NULL
) ENGINE=InnoDB DEFAULT CHARSET=latin1;

-- --------------------------------------------------------

--
-- Table structure for table `tbl_kategoriobat`
--

CREATE TABLE `tbl_kategoriobat` (
  `kategori` varchar(500) NOT NULL
) ENGINE=InnoDB DEFAULT CHARSET=latin1;

--
-- Dumping data for table `tbl_kategoriobat`
--

INSERT INTO `tbl_kategoriobat` (`kategori`) VALUES
('BEDAK-SALEP-SUPPO'),
('INJEKSI-CAIRAN-NEBUL'),
('PSIKOTROPIK-NARKOTIK-OOT'),
('SIRUP-DROP'),
('TABLET-KAPLET-KAPSUL');

-- --------------------------------------------------------

--
-- Table structure for table `tbl_laporanobatbulanan`
--

CREATE TABLE `tbl_laporanobatbulanan` (
  `id_obat` int(10) NOT NULL,
  `nama_obat` varchar(100) NOT NULL,
  `merek_obat` varchar(100) DEFAULT NULL,
  `kategori_obat` varchar(100) NOT NULL,
  `harga_beli` int(50) DEFAULT NULL,
  `harga_jual` int(100) DEFAULT NULL,
  `stok_obat` int(100) DEFAULT NULL
) ENGINE=InnoDB DEFAULT CHARSET=latin1;

--
-- Dumping data for table `tbl_laporanobatbulanan`
--

INSERT INTO `tbl_laporanobatbulanan` (`id_obat`, `nama_obat`, `merek_obat`, `kategori_obat`, `harga_beli`, `harga_jual`, `stok_obat`) VALUES
(10, 'Acarbose 50mg', 'Generik', 'TABLET-KAPLET-KAPSUL', 935, 2338, 210),
(11, 'Acetylsistein 200mg', 'generik', 'TABLET-KAPLET-KAPSUL', 1283, 3208, 400),
(12, 'Aclycovir 200mg', 'generik', 'TABLET-KAPLET-KAPSUL', 665, 1638, 200),
(13, 'Aclycovir 400mg', 'generik', 'TABLET-KAPLET-KAPSUL', 912, 2338, 200),
(14, 'Allystrenol 5mg', 'Pregnabion', 'TABLET-KAPLET-KAPSUL', 3338, 8470, 210),
(15, 'Albendazole', 'generik', 'TABLET-KAPLET-KAPSUL', 406, 1015, 200),
(16, 'Allopurinol 100 mg ', 'generik', 'TABLET-KAPLET-KAPSUL', 209, 523, 210),
(17, 'Allopurinol 300 mg  ', 'generik', 'TABLET-KAPLET-KAPSUL', 462, 1115, 200),
(18, 'Allopurinol 300 mg  ', 'selespurinol 300', 'TABLET-KAPLET-KAPSUL', 549, 1373, 200),
(19, 'Alpara ', '-', 'TABLET-KAPLET-KAPSUL', 597, 1492, 200),
(20, 'Ambeven ', '-', 'TABLET-KAPLET-KAPSUL', 1550, 3875, 200),
(21, 'Ambroxol 30 mg ', 'generik', 'TABLET-KAPLET-KAPSUL', 105, 450, 200),
(22, 'Aminophilin 200 mg ', 'generik', 'TABLET-KAPLET-KAPSUL', 186, 465, 200),
(23, 'Amlodipin 5 mg ', 'generik', 'TABLET-KAPLET-KAPSUL', 262, 1250, 200),
(24, 'Amlodipin 10 mg  ', 'generik', 'TABLET-KAPLET-KAPSUL', 549, 1372, 200),
(25, 'Amlodipin 10 mg  ', 'Trivask 10', 'TABLET-KAPLET-KAPSUL', 833, 2083, 200),
(26, 'Amoxilin 500 mg   ', 'generik', 'TABLET-KAPLET-KAPSUL', 329, 823, 200),
(27, 'Amoxilin 500 mg   ', 'Omemox', 'TABLET-KAPLET-KAPSUL', 938, 235, 200),
(28, 'Amoxilin 500 mg   ', 'Yusimox', 'TABLET-KAPLET-KAPSUL', 419, 1046, 200),
(29, 'Antasida 200 mg ', 'generik', 'TABLET-KAPLET-KAPSUL', 171, 427, 200),
(30, 'Antasida 250 mg  ', 'Carsida', 'TABLET-KAPLET-KAPSUL', 228, 570, 200),
(31, 'Antasida 250 mg  ', 'Magten', 'TABLET-KAPLET-KAPSUL', 240, 600, 200),
(32, 'Antasida 300 mg ', 'Magnidicon', 'TABLET-KAPLET-KAPSUL', 2178, 3049, 200),
(33, 'Antasida 400 mg ', 'Biomag', 'TABLET-KAPLET-KAPSUL', 276, 689, 200),
(34, 'Asam Folat 400 mcg ', 'Folarin', 'TABLET-KAPLET-KAPSUL', 135, 338, 200),
(35, 'Asam Folat 1000 mcg ', 'Anelat', 'TABLET-KAPLET-KAPSUL', 281, 701, 200),
(36, 'Asam Asetil Salisilat 80 mg  ', 'Aspilet Chew', 'TABLET-KAPLET-KAPSUL', 620, 1550, 210),
(37, 'Asam Asetil Salisilat 80 mg  ', 'Miniaspi', 'TABLET-KAPLET-KAPSUL', 276, 690, 210),
(38, 'Asam Asetil Salisilat 100 mg ', 'Aptor', 'TABLET-KAPLET-KAPSUL', 1800, 4500, 200),
(39, 'Asam Mefenamat 500 mg   ', 'generik', 'TABLET-KAPLET-KAPSUL', 308, 770, 200),
(40, 'Asam Mefenamat 500 mg   ', 'Cargersik', 'TABLET-KAPLET-KAPSUL', 379, 947, 200),
(41, 'Asam Mefenamat 500 mg   ', 'Trifastan', 'TABLET-KAPLET-KAPSUL', 401, 1003, 200),
(42, 'Asam Tranexamat    ', 'generik', 'TABLET-KAPLET-KAPSUL', 1050, 2625, 200),
(43, 'Asam Tranexamat    ', 'Nexitra', 'TABLET-KAPLET-KAPSUL', 1390, 3475, 200),
(44, 'Asam Tranexamat    ', 'Nutranex', 'TABLET-KAPLET-KAPSUL', 2789, 4462, 200),
(45, 'Asam Tranexamat    ', 'Tranec', 'TABLET-KAPLET-KAPSUL', 3575, 4648, 200),
(46, 'Attapulgite 600 mg  ', 'Akita', 'TABLET-KAPLET-KAPSUL', 218, 545, 200),
(47, 'Attapulgite 600 mg  ', 'Tagyt', 'TABLET-KAPLET-KAPSUL', 446, 1115, 200),
(48, 'Atorvastatin 10 mg ', 'generik', 'TABLET-KAPLET-KAPSUL', 2200, 5500, 200),
(49, 'Atorvastatin 20 mg ', 'generik', 'TABLET-KAPLET-KAPSUL', 3300, 5016, 200),
(50, 'Azthromycin 500 mg ', 'generik', 'TABLET-KAPLET-KAPSUL', 3960, 7920, 200),
(51, 'Betahistin 6 mg  ', 'generik', 'TABLET-KAPLET-KAPSUL', 785, 1962, 200),
(52, 'Betahistin 6 mg  ', 'Histigo', 'TABLET-KAPLET-KAPSUL', 550, 1375, 200),
(53, 'Bisacodyl 5 mg ', 'Laxana', 'TABLET-KAPLET-KAPSUL', 550, 1375, 200),
(54, 'Bisoprolol 2,5 mg ', 'Concor', 'TABLET-KAPLET-KAPSUL', 6550, 8515, 210),
(55, 'Bisoprolol 5 mg ', 'generik', 'TABLET-KAPLET-KAPSUL', 545, 2322, 210),
(56, 'Bromhexin 8 mg   ', 'Bromedcyl', 'TABLET-KAPLET-KAPSUL', 163, 408, 200),
(57, 'Bromhexin 8 mg   ', 'Bronex', 'TABLET-KAPLET-KAPSUL', 175, 438, 210),
(58, 'Bromhexin 8 mg   ', 'Bronkris', 'TABLET-KAPLET-KAPSUL', 170, 425, 200),
(59, 'Bromhexin 8 mg & GG 100 mg  ', 'Graxine', 'TABLET-KAPLET-KAPSUL', 210, 525, 200),
(60, 'Bromhexin 8 mg & GG 100 mg  ', 'Bromifar Plus', 'TABLET-KAPLET-KAPSUL', 200, 500, 210),
(61, 'Captopril 12,5 mg ', 'generik', 'TABLET-KAPLET-KAPSUL', 125, 313, 200),
(62, 'Captopril 25 mg  ', 'generik', 'TABLET-KAPLET-KAPSUL', 207, 519, 200),
(63, 'Captopril 25 mg  ', 'Famoten', 'TABLET-KAPLET-KAPSUL', 244, 611, 200),
(64, 'Candesartan 8 mg ', 'generik', 'TABLET-KAPLET-KAPSUL', 2406, 6016, 200),
(65, 'Candesartan 16 mg ', 'generik', 'TABLET-KAPLET-KAPSUL', 3630, 9075, 200),
(66, 'Caviplex ', '-', 'TABLET-KAPLET-KAPSUL', 750, 1875, 200),
(67, 'Cefadroxil 500 mg ', 'generik', 'TABLET-KAPLET-KAPSUL', 1100, 2750, 200),
(68, 'Cefixime 100 mg ', 'generik', 'TABLET-KAPLET-KAPSUL', 1001, 2503, 200),
(69, 'Cefixime 200 mg ', 'generik', 'TABLET-KAPLET-KAPSUL', 3667, 5501, 200),
(70, 'Cetirizine 10 mg ', 'generik', 'TABLET-KAPLET-KAPSUL', 350, 875, 200),
(71, 'Cholcicine 0,5 mg ', 'generik', 'TABLET-KAPLET-KAPSUL', 2500, 6250, 200),
(72, 'Ciprofloxacin 500 mg  ', 'generik', 'TABLET-KAPLET-KAPSUL', 528, 1320, 210),
(73, 'Ciprofloxacin 500 mg  ', 'Foligra', 'TABLET-KAPLET-KAPSUL', 1000, 2500, 210),
(74, 'Ciproheptadine ', 'Proman', 'TABLET-KAPLET-KAPSUL', 286, 715, 200),
(75, 'Citicolin 500 mg ', 'generik', 'TABLET-KAPLET-KAPSUL', 5005, 7508, 200),
(76, 'Clindamicin 300 mg  ', 'generik', 'TABLET-KAPLET-KAPSUL', 1425, 3561, 200),
(77, 'Clindamicin 300 mg  ', 'Milorin', 'TABLET-KAPLET-KAPSUL', 2260, 5651, 200),
(78, 'Clomiphene Citrate 50 mg  ', 'Profetril', 'TABLET-KAPLET-KAPSUL', 19000, 33250, 200),
(79, 'Clomiphene Citrate 50 mg  ', 'Gp-Fertil', 'TABLET-KAPLET-KAPSUL', 15373, 34896, 200),
(80, 'Clopidogrel 75 mg ', 'generik', 'TABLET-KAPLET-KAPSUL', 3850, 9625, 210),
(81, 'Co-Enzym Q10 ', 'Nuzym', 'TABLET-KAPLET-KAPSUL', 7150, 9653, 210),
(82, 'Colpica ', '-', 'TABLET-KAPLET-KAPSUL', 320, 800, 200),
(83, 'Coparcetin ', '-', 'TABLET-KAPLET-KAPSUL', 345, 863, 200),
(84, 'Cotrimoxazol 480   ', 'generik', 'TABLET-KAPLET-KAPSUL', 216, 540, 200),
(85, 'Cotrimoxazol 480   ', 'Miratrim 480', 'TABLET-KAPLET-KAPSUL', 285, 713, 200),
(86, 'Cotrimoxazol 960 ', 'Miratrim 960', 'BEDAK-SALEP-SUPPO', 509, 1273, 200),
(87, 'CTM 4 mg  ', 'generik', 'TABLET-KAPLET-KAPSUL', 72, 180, 200),
(88, 'CTM 4 mg  ', 'Aleron', 'BEDAK-SALEP-SUPPO', 40, 100, 200),
(89, 'Curcuma  ', 'generik', 'TABLET-KAPLET-KAPSUL', 1100, 2750, 200),
(90, 'Curcuma  ', 'Cavicur', 'TABLET-KAPLET-KAPSUL', 600, 1500, 200),
(91, 'Demacolin ', '-', 'TABLET-KAPLET-KAPSUL', 450, 1125, 200),
(92, 'Dextromethorpan & Noscapain ', 'Tilomix', 'BEDAK-SALEP-SUPPO', 720, 1800, 200),
(93, 'Dexamethason 0,5 mg   ', 'generik', 'TABLET-KAPLET-KAPSUL', 166, 415, 200),
(94, 'Dexamethason 0,5 mg   ', 'Cabidu 0,5', 'TABLET-KAPLET-KAPSUL', 198, 495, 200),
(95, 'Dexamethason 0,5 mg   ', 'Trifason 0,5', 'TABLET-KAPLET-KAPSUL', 126, 315, 200),
(96, 'Dexamethason 0,5 mg & Dexctm 2 mg   ', 'Bufacaril', 'TABLET-KAPLET-KAPSUL', 200, 500, 200),
(97, 'Dexamethason 0,5 mg & Dexctm 2 mg   ', 'Galafaclor', 'TABLET-KAPLET-KAPSUL', 166, 416, 200),
(98, 'Dexamethason 0,5 mg & Dexctm 2 mg   ', 'Prodex', 'TABLET-KAPLET-KAPSUL', 500, 1250, 200),
(99, 'Dexamethason 0,75 mg ', 'Cabidru 0,75', 'TABLET-KAPLET-KAPSUL', 150, 375, 200),
(100, 'Digoxin 0,25 mg  ', 'generik', 'TABLET-KAPLET-KAPSUL', 155, 388, 200),
(101, 'Digoxin 0,25 mg  ', 'Fargoxin', 'TABLET-KAPLET-KAPSUL', 265, 661, 200),
(102, 'Diltiazem 30 mg ', 'generik', 'TABLET-KAPLET-KAPSUL', 175, 438, 200),
(103, 'Dimenhidrinat 50 mg ', 'Mantino', 'TABLET-KAPLET-KAPSUL', 213, 533, 210),
(104, 'Difenhidramin 25 mg ', 'Sominal', 'TABLET-KAPLET-KAPSUL', 215, 538, 200),
(105, 'Domperidone 10 mg  ', 'generik', 'TABLET-KAPLET-KAPSUL', 430, 1075, 200),
(106, 'Domperidone 10 mg  ', 'Hufadon', 'TABLET-KAPLET-KAPSUL', 170, 424, 210),
(107, 'Echinacea ', '-', 'TABLET-KAPLET-KAPSUL', 2197, 5493, 200),
(108, 'Eprison HCl  ', 'Folerax', 'TABLET-KAPLET-KAPSUL', 5170, 7497, 200),
(109, 'Eprison HCl  ', 'Relaxon', 'TABLET-KAPLET-KAPSUL', 641, 1603, 200),
(110, 'Erdostein ', 'generik', 'TABLET-KAPLET-KAPSUL', 2310, 5082, 200),
(111, 'Ergotamin Caffeine ', 'generik', 'TABLET-KAPLET-KAPSUL', 185, 463, 210),
(112, 'Erytromicin 500 mg   ', 'generik', 'TABLET-KAPLET-KAPSUL', 1306, 3266, 200),
(113, 'Erytromicin 500 mg   ', 'Eryra', 'TABLET-KAPLET-KAPSUL', 870, 2175, 200),
(114, 'Ethinylestradiol & Levonorgestrel    ', 'Pil KB BKKPN', 'TABLET-KAPLET-KAPSUL', 0, 0, 200),
(115, 'Ethinylestradiol & Levonorgestrel    ', 'Andalan Biru', 'TABLET-KAPLET-KAPSUL', 4750, 9025, 200),
(116, 'Ethinylestradiol & Levonorgestrel    ', 'Mycrogynon', 'TABLET-KAPLET-KAPSUL', 14750, 20060, 200),
(117, 'Ethinylestradiol & Levonorgestrel    ', 'Pilkab', 'TABLET-KAPLET-KAPSUL', 3750, 5375, 210),
(118, 'Ethinylestradiol, Levonorgestrel, & Fe ', 'Andalan Hijau', 'TABLET-KAPLET-KAPSUL', 9300, 16740, 200),
(119, 'FG Troches ', '-', 'TABLET-KAPLET-KAPSUL', 1027, 2568, 200),
(120, 'Flucadex ', '-', 'TABLET-KAPLET-KAPSUL', 578, 1445, 200),
(121, 'Flunarizine 5 mg   ', 'Funar', 'TABLET-KAPLET-KAPSUL', 620, 2170, 200),
(122, 'Flunarizine 5 mg   ', 'Seremig', 'TABLET-KAPLET-KAPSUL', 620, 1550, 200),
(123, 'Furosemid 40 mg  ', 'generik', 'TABLET-KAPLET-KAPSUL', 142, 355, 200),
(124, 'Furosemid 40 mg  ', 'Farsiretik', 'TABLET-KAPLET-KAPSUL', 219, 547, 200),
(125, 'Gabapentin 300 mg ', 'generik', 'TABLET-KAPLET-KAPSUL', 5000, 12500, 200),
(126, 'Gemfibrozil 300 mg ', 'generik', 'TABLET-KAPLET-KAPSUL', 600, 1500, 200),
(127, 'Gestiamin Plus ', '-', 'TABLET-KAPLET-KAPSUL', 1613, 4033, 200),
(128, 'Glyceryl Guaicolate 100 mg ', 'generik', 'TABLET-KAPLET-KAPSUL', 85, 213, 200),
(129, 'Glibenclamide 5 mg ', 'genrik', 'TABLET-KAPLET-KAPSUL', 256, 640, 200),
(130, 'Glimepiride 1 mg ', 'generik', 'TABLET-KAPLET-KAPSUL', 303, 758, 210),
(131, 'Glimepiride 2 mg ', 'generik', 'TABLET-KAPLET-KAPSUL', 572, 1430, 200),
(132, 'Glukosamin 250 mg ', 'genrik', 'TABLET-KAPLET-KAPSUL', 660, 1650, 200),
(133, 'Glukosamin 500 mg ', 'generik', 'TABLET-KAPLET-KAPSUL', 1850, 4625, 200),
(134, 'Griesofulvin ', 'Gricin', 'TABLET-KAPLET-KAPSUL', 285, 713, 200),
(135, 'Herbatia Sari Ayu ', '-', 'TABLET-KAPLET-KAPSUL', 1815, 4538, 200),
(136, 'Herbatia Sari Rapet ', '-', 'TABLET-KAPLET-KAPSUL', 1815, 4538, 200),
(137, 'Herbatia Sari Putih ', '-', 'TABLET-KAPLET-KAPSUL', 1000, 2500, 200),
(138, 'Herbatia Sari Langsing ', '-', 'TABLET-KAPLET-KAPSUL', 1000, 2500, 200),
(139, 'Hyoscine ', 'Buscopan', 'TABLET-KAPLET-KAPSUL', 3436, 5497, 200),
(140, 'Hyoscine & Paresetamol ', 'Gencopan Plus', 'TABLET-KAPLET-KAPSUL', 1045, 2613, 200),
(141, 'Ibuprofen 200 ', 'Farsifen 200', 'TABLET-KAPLET-KAPSUL', 227, 568, 200),
(142, 'Ibuprofen 400 mg  ', 'generik', 'TABLET-KAPLET-KAPSUL', 422, 1056, 210),
(143, 'Ibuprofen 400 mg  ', 'Parsifen 400', 'TABLET-KAPLET-KAPSUL', 369, 923, 200),
(144, 'Ibuprofen, Coffein, & PCT ', 'Parsien Plus', 'TABLET-KAPLET-KAPSUL', 279, 697, 200),
(145, 'ISDN 5 mg ', 'generik', 'TABLET-KAPLET-KAPSUL', 163, 408, 200),
(146, 'Isoxsuprine 20 mg  ', 'Histolan', 'TABLET-KAPLET-KAPSUL', 6362, 15905, 200),
(147, 'Isoxsuprine 20 mg  ', 'Tonoton', 'TABLET-KAPLET-KAPSUL', 3850, 9625, 200),
(148, 'Kalium Diklofenak 50 mg  ', 'generik', 'TABLET-KAPLET-KAPSUL', 750, 1875, 200),
(149, 'Kalium Diklofenak 50 mg  ', 'Protaflam', 'TABLET-KAPLET-KAPSUL', 264, 660, 200),
(150, 'Kalsium    ', 'generik', 'TABLET-KAPLET-KAPSUL', 750, 1875, 200),
(151, 'Kalsium    ', 'Calsifar', 'TABLET-KAPLET-KAPSUL', 145, 363, 200),
(152, 'Kalsium    ', 'Trifacalc', 'TABLET-KAPLET-KAPSUL', 194, 681, 200),
(153, 'Kalsium & Vitamin D ', 'Calcid', 'TABLET-KAPLET-KAPSUL', 1613, 4033, 200),
(154, 'Ketokonazole 200 mg ', 'generik', 'TABLET-KAPLET-KAPSUL', 875, 2188, 200),
(155, 'Lansoprazol 30 mg ', 'generik', 'TABLET-KAPLET-KAPSUL', 1225, 3063, 200),
(156, 'Levonorgestrol 0,75 mg  ', 'Postinor', 'TABLET-KAPLET-KAPSUL', 24200, 60500, 200),
(157, 'Levonorgestrol 0,75 mg  ', 'Velenor', 'TABLET-KAPLET-KAPSUL', 12500, 31250, 200),
(158, 'Levofloxacin 500 mg ', 'generik', 'TABLET-KAPLET-KAPSUL', 750, 1875, 210),
(159, 'Lisinopril 5 mg ', 'generik', 'TABLET-KAPLET-KAPSUL', 484, 1210, 200),
(160, 'Lisinopril 10 mg ', 'generik', 'TABLET-KAPLET-KAPSUL', 673, 1683, 200),
(161, 'Livapro ', '-', 'TABLET-KAPLET-KAPSUL', 12100, 30250, 200),
(162, 'Loperamide 2 mg   ', 'Antilida', 'TABLET-KAPLET-KAPSUL', 250, 625, 200),
(163, 'Loperamide 2 mg   ', 'Bidium', 'TABLET-KAPLET-KAPSUL', 115, 289, 200),
(164, 'Loperamide 2 mg   ', 'Primodiar', 'TABLET-KAPLET-KAPSUL', 180, 450, 200),
(165, 'Loratadin 10 mg ', 'generik', 'TABLET-KAPLET-KAPSUL', 412, 1030, 200),
(166, 'Lynestrenol 0,5 mg ', 'Andalan Laktasi', 'TABLET-KAPLET-KAPSUL', 11500, 15065, 200),
(167, 'Medroxyprogesteron ', 'Protyra', 'TABLET-KAPLET-KAPSUL', 3800, 9500, 200),
(168, 'Meloxicam 7,5 mg ', 'generik', 'TABLET-KAPLET-KAPSUL', 628, 1570, 200),
(169, 'Meloxicam 15 mg ', 'generik', 'TABLET-KAPLET-KAPSUL', 700, 1750, 200),
(170, 'Metamizole 500 mg ', 'Trifalgin', 'TABLET-KAPLET-KAPSUL', 282, 706, 200),
(171, 'Metamizole 500 mg & BC  ', 'Biomega', 'TABLET-KAPLET-KAPSUL', 711, 1778, 200),
(172, 'Metamizole 500 mg & BC  ', 'Nevaprion', 'TABLET-KAPLET-KAPSUL', 450, 1125, 200),
(173, 'Metamizole, Beladona, & Papaverin ', 'Saminal', 'TABLET-KAPLET-KAPSUL', 606, 1515, 200),
(174, 'Metformin 500 mg  ', 'generik', 'TABLET-KAPLET-KAPSUL', 185, 463, 200),
(175, 'Metformin 500 mg  ', 'Gludepic', 'TABLET-KAPLET-KAPSUL', 266, 666, 200),
(176, 'Metformin XR 750 mg ', '-', 'TABLET-KAPLET-KAPSUL', 737, 1843, 200),
(177, 'Methylergometrine 0,125 mg ', 'generik', 'TABLET-KAPLET-KAPSUL', 274, 685, 200),
(178, 'Metilprednisolon 4 mg ', 'generik', 'TABLET-KAPLET-KAPSUL', 545, 1134, 200),
(179, 'Metoclopramide 10 mg  ', 'generik', 'TABLET-KAPLET-KAPSUL', 155, 388, 200),
(180, 'Metronidazole 500 mg  ', 'generik', 'TABLET-KAPLET-KAPSUL', 277, 693, 200),
(181, 'Metronidazole 500 mg  ', 'Farizol', 'TABLET-KAPLET-KAPSUL', 502, 1204, 200),
(182, 'Misoprostol ', 'Misotab', 'TABLET-KAPLET-KAPSUL', 20833, 35416, 200),
(183, 'Natrium Bicarbonate 500 mg ', 'generik', 'TABLET-KAPLET-KAPSUL', 45, 113, 200),
(184, 'Natrium Diklofenak 50 mg   ', 'generik', 'TABLET-KAPLET-KAPSUL', 281, 701, 200),
(185, 'Natrium Diklofenak 50 mg   ', 'Fanaren', 'TABLET-KAPLET-KAPSUL', 231, 578, 200),
(186, 'Natrium Diklofenak 50 mg   ', 'Samcoenac', 'TABLET-KAPLET-KAPSUL', 131, 327, 200),
(187, 'Nifedipin 10 mg ', 'generik', 'TABLET-KAPLET-KAPSUL', 228, 570, 200),
(188, 'Nitrogliserin 2,5 mg ', 'Nitrokaf Retard', 'TABLET-KAPLET-KAPSUL', 1560, 3900, 200),
(189, 'Norethisterone 5 mg   ', 'Luteron', 'TABLET-KAPLET-KAPSUL', 4216, 10540, 200),
(190, 'Omegdiar ', '-', 'TABLET-KAPLET-KAPSUL', 230, 575, 200),
(191, 'Omeprazole 20 mg  ', 'generik', 'TABLET-KAPLET-KAPSUL', 415, 1038, 200),
(192, 'Omeprazole 20 mg  ', 'Etagastrin', 'TABLET-KAPLET-KAPSUL', 471, 1178, 200),
(193, 'Ondancentron 4 mg ', 'generik', 'TABLET-KAPLET-KAPSUL', 1144, 2860, 200),
(194, 'Ondancentron 8 mg ', 'generik', 'TABLET-KAPLET-KAPSUL', 1216, 3039, 200),
(195, 'Oralit ', 'Ramolit', 'TABLET-KAPLET-KAPSUL', 600, 1500, 200),
(196, 'Pancreatin & Simethicone ', 'Zepazym', 'TABLET-KAPLET-KAPSUL', 3025, 5506, 200),
(197, 'Paracetamol 500 mg    ', 'generik', 'TABLET-KAPLET-KAPSUL', 458, 1145, 200),
(198, 'Paracetamol 500 mg    ', 'Fasidol', 'TABLET-KAPLET-KAPSUL', 188, 215, 200),
(199, 'Paracetamol 500 mg    ', 'Mirasic', 'TABLET-KAPLET-KAPSUL', 386, 965, 200),
(200, 'Paracetamol 500 mg    ', 'Sanmol', 'TABLET-KAPLET-KAPSUL', 335, 838, 200),
(201, 'Parasetamol 600 mg ', 'Paramol Forte', 'TABLET-KAPLET-KAPSUL', 255, 638, 200),
(202, 'Parasetamol 650 mg  ', 'Grafadon Forte', 'TABLET-KAPLET-KAPSUL', 305, 763, 200),
(203, 'Parasetamol 650 mg  ', 'Mirasic Forte', 'TABLET-KAPLET-KAPSUL', 400, 1000, 200),
(204, 'Parasetamol & Coffeine  ', 'Fasidol Plus', 'TABLET-KAPLET-KAPSUL', 261, 654, 200),
(205, 'Parasetamol & Coffeine  ', 'Mirasic Plus', 'TABLET-KAPLET-KAPSUL', 310, 775, 200),
(206, 'Pelancar ASI  ', 'Herbatia Sari Asi', 'TABLET-KAPLET-KAPSUL', 1700, 4250, 200),
(207, 'Pelancar ASI  ', 'Vitonal Asi', 'TABLET-KAPLET-KAPSUL', 1140, 2850, 200),
(208, 'Pil Kb Neyna ', '-', 'TABLET-KAPLET-KAPSUL', 64000, 104690, 200),
(209, 'Pil Kb Trinordiol ', '-', 'TABLET-KAPLET-KAPSUL', 10000, 16500, 200),
(210, 'Pil Sutra Perkasa ', '-', 'TABLET-KAPLET-KAPSUL', 6250, 15625, 200),
(211, 'Piracetam 800 mg  ', 'generik', 'TABLET-KAPLET-KAPSUL', 669, 1673, 200),
(212, 'Piracetam 800 mg  ', 'Sevotam 800', 'TABLET-KAPLET-KAPSUL', 645, 1611, 200),
(213, 'Piracetam 1200 mg ', 'generik', 'TABLET-KAPLET-KAPSUL', 1130, 2825, 200),
(214, 'Piroxicam 10 mg ', 'generik', 'TABLET-KAPLET-KAPSUL', 240, 600, 200),
(215, 'Piroxicam 20 mg ', 'generik', 'TABLET-KAPLET-KAPSUL', 168, 420, 200),
(216, 'Prednisone 5 mg ', 'generik', 'TABLET-KAPLET-KAPSUL', 180, 288, 200),
(217, 'Probiotik  ', 'Lacbon Granul', 'TABLET-KAPLET-KAPSUL', 3630, 9075, 200),
(218, 'Probiotik  ', 'Lacto B', 'TABLET-KAPLET-KAPSUL', 7464, 14928, 200),
(219, 'Pseudoefedrin & Tripolidine   ', 'Eflin', 'TABLET-KAPLET-KAPSUL', 1240, 3100, 200),
(220, 'Pseudoefedrin & Tripolidine   ', 'Neo Protified', 'TABLET-KAPLET-KAPSUL', 711, 1779, 200),
(221, 'Pseudoefedrin & Tripolidine   ', 'Rhinofed', 'TABLET-KAPLET-KAPSUL', 1856, 4640, 200),
(222, 'Ranitidine 150 mg ', 'generik', 'TABLET-KAPLET-KAPSUL', 262, 655, 200),
(223, 'Salbutamol & Teofilin  ', 'Teolas', 'TABLET-KAPLET-KAPSUL', 140, 350, 200),
(224, 'Salbutamol & Teofilin  ', 'Teosal', 'TABLET-KAPLET-KAPSUL', 209, 523, 200),
(225, 'Salbutamol 2 mg ', 'generik', 'TABLET-KAPLET-KAPSUL', 107, 269, 200),
(226, 'Salbutamol 4 mg ', 'generik', 'TABLET-KAPLET-KAPSUL', 145, 363, 200),
(227, 'Simethicone 50 mg ', 'Dysflatil', 'TABLET-KAPLET-KAPSUL', 600, 1500, 200),
(228, 'Simvastatin 10 mg ', 'generik', 'TABLET-KAPLET-KAPSUL', 500, 1250, 200),
(229, 'Simvastatin 20 mg ', 'generik', 'TABLET-KAPLET-KAPSUL', 715, 1788, 200),
(230, 'Spinorolacton 100 mg ', 'generik', 'TABLET-KAPLET-KAPSUL', 450, 1125, 200),
(231, 'Tablet Tambah Darah   ', 'Etabion', 'TABLET-KAPLET-KAPSUL', 500, 1250, 200),
(232, 'Tablet Tambah Darah   ', 'Huabion', 'TABLET-KAPLET-KAPSUL', 267, 667, 200),
(233, 'Tablet Tambah Darah   ', 'Fitonal F', 'TABLET-KAPLET-KAPSUL', 575, 1438, 200),
(234, 'Tera F ', '-', 'TABLET-KAPLET-KAPSUL', 330, 825, 200),
(235, 'Tetracycline 500 mg ', 'Novobiotik', 'TABLET-KAPLET-KAPSUL', 380, 950, 200),
(236, 'Thiamphenicol 500 mg  ', 'Dinicol', 'TABLET-KAPLET-KAPSUL', 850, 2125, 200),
(237, 'Thiamphenicol 500 mg  ', 'Thiamfilex', 'TABLET-KAPLET-KAPSUL', 847, 2118, 200),
(238, 'Tranabat ', '-', 'TABLET-KAPLET-KAPSUL', 334, 835, 200),
(239, 'Tranaflu ', '-', 'TABLET-KAPLET-KAPSUL', 320, 800, 200),
(240, 'Ursodeoxycholic Acid 250 mg  ', 'generik', 'TABLET-KAPLET-KAPSUL', 11500, 28750, 200),
(241, 'Ursodeoxycholic Acid 250 mg  ', 'Urdafalk', 'TABLET-KAPLET-KAPSUL', 11500, 28750, 200),
(242, 'Vitamin A ', 'generik', 'TABLET-KAPLET-KAPSUL', 50, 125, 200),
(243, 'Vitamin B1 50 mg  ', 'generik', 'TABLET-KAPLET-KAPSUL', 213, 533, 200),
(244, 'Vitamin B1 100 mg ', 'generik', 'TABLET-KAPLET-KAPSUL', 221, 553, 200),
(245, 'Vitamin B6  ', 'generik', 'TABLET-KAPLET-KAPSUL', 115, 288, 200),
(246, 'Vitamin B6 & Pyrathiazine  ', 'Pontyamer', 'TABLET-KAPLET-KAPSUL', 2386, 4653, 200),
(247, 'Vitamin B6 & Pyrathiazine  ', 'Voldiamer', 'TABLET-KAPLET-KAPSUL', 2904, 5663, 200),
(248, 'Vitamin B12 ', 'generik', 'TABLET-KAPLET-KAPSUL', 138, 346, 200),
(249, 'Vitamin B1 dan B2 ', 'Alinamin F', 'TABLET-KAPLET-KAPSUL', 1420, 3550, 200),
(250, 'Vitamin B1, B6, & B12   ', 'Beneuron', 'TABLET-KAPLET-KAPSUL', 375, 938, 200),
(251, 'Vitamin B1, B6, & B12   ', 'Fenero', 'TABLET-KAPLET-KAPSUL', 550, 1496, 200),
(252, 'Vitamin B1, B6, & B12   ', 'Selesbion', 'TABLET-KAPLET-KAPSUL', 380, 1075, 200),
(253, 'Vitamin B1, B6, B12, & Ca ', 'Selesbion Plus', 'TABLET-KAPLET-KAPSUL', 395, 1161, 200),
(254, 'Vitamin B Kompleks (BC) ', 'generik', 'TABLET-KAPLET-KAPSUL', 85, 259, 200),
(255, 'Vitamin C 50 mg ', 'generik', 'TABLET-KAPLET-KAPSUL', 120, 300, 200),
(256, 'Vitamin C & BC     ', 'Akravit C', 'TABLET-KAPLET-KAPSUL', 750, 1875, 200),
(257, 'Vitamin C & BC     ', 'Samcobrex', 'TABLET-KAPLET-KAPSUL', 900, 2250, 200),
(258, 'Vitamin C & BC     ', 'Selcom C', 'TABLET-KAPLET-KAPSUL', 1011, 2527, 200),
(259, 'Vitamin C & BC     ', 'Selcom C Gold', 'TABLET-KAPLET-KAPSUL', 1029, 2573, 200),
(260, 'Vitamin E ', 'Evigra', 'TABLET-KAPLET-KAPSUL', 550, 1375, 200),
(261, 'Vitamin E & BC ', 'Evitop', 'TABLET-KAPLET-KAPSUL', 850, 2125, 200),
(262, 'Vitamin K 10 mg  ', 'generik', 'TABLET-KAPLET-KAPSUL', 750, 1875, 200),
(263, 'Vitonal Genio ', '-', 'TABLET-KAPLET-KAPSUL', 2425, 6063, 200),
(264, 'Zink 20 mg  ', 'generik', 'TABLET-KAPLET-KAPSUL', 506, 1265, 200),
(265, 'Zink 20 mg  ', 'Zipha', 'TABLET-KAPLET-KAPSUL', 576, 1295, 200),
(266, 'Alprazolam 0,5 mg  ', 'Alganax 0,5 mg', 'PSIKOTROPIK-NARKOTIK-OOT', 3850, 8085, 200),
(267, 'Alprazolam 0,5 mg  ', 'Calmlet 0,5mg', 'PSIKOTROPIK-NARKOTIK-OOT', 2640, 6600, 200),
(268, 'Amitriptilin ', 'generik', 'PSIKOTROPIK-NARKOTIK-OOT', 0, 0, 0),
(269, 'Clidinium dan Clhordiazepoxide  ', 'clivid', 'PSIKOTROPIK-NARKOTIK-OOT', 1080, 2700, 200),
(270, 'Clidinium dan Clhordiazepoxide  ', 'Melidox', 'PSIKOTROPIK-NARKOTIK-OOT', 1331, 3860, 200),
(271, 'Clobazam ', 'generik', 'PSIKOTROPIK-NARKOTIK-OOT', 0, 0, 0),
(273, 'Codein 10 mg ', 'generik', 'PSIKOTROPIK-NARKOTIK-OOT', 623, 1558, 210),
(274, 'Diazepam 5 mg ', 'generik', 'PSIKOTROPIK-NARKOTIK-OOT', 273, 1502, 200),
(275, 'Diazepam Inj 10 mg/ 2 mL   ', 'generik', 'PSIKOTROPIK-NARKOTIK-OOT', 9628, 27564, 200),
(276, 'Diazepam Inj 10 mg/ 2 mL   ', 'Stesolid', 'PSIKOTROPIK-NARKOTIK-OOT', 11440, 28600, 200),
(277, 'Diazepam dan Metamizole ', 'Proneuron', 'PSIKOTROPIK-NARKOTIK-OOT', 1230, 3496, 200),
(278, 'Diazepam Suppo 5 mg/ 2,5 mL  ', 'Stesolid Suppo 5mg', 'PSIKOTROPIK-NARKOTIK-OOT', 26136, 39204, 200),
(279, 'Diazepam Suppo 10 mg/ 2,5 mL  ', 'Stesolid Supp 10mg', 'PSIKOTROPIK-NARKOTIK-OOT', 25640, 38460, 200),
(280, 'Tramadol ', 'generik', 'PSIKOTROPIK-NARKOTIK-OOT', 515, 2010, 200),
(281, 'Tramadol & Parasetamol ', 'Pirexin Extra', 'PSIKOTROPIK-NARKOTIK-OOT', 5445, 8875, 200),
(282, 'Tramadol Injeksi 100 mg/ 2 mL  ', 'generik', 'PSIKOTROPIK-NARKOTIK-OOT', 2640, 15048, 209),
(283, 'Anacetin ', '-', 'SIRUP-DROP', 6679, 16998, 210),
(284, 'Ambroxol  ', 'Ambrocol', 'SIRUP-DROP', 7480, 18700, 200),
(285, 'Ambroxol  ', 'Molapect', 'SIRUP-DROP', 6600, 16500, 200),
(286, 'Amoxilin Drop ', '-', 'SIRUP-DROP', 0, 0, 0),
(287, 'Amoxicillin 125 mg/ 5 mL  ', 'Yusimox', 'SIRUP-DROP', 4100, 10250, 200),
(288, 'Amoxicillin 250 mg/ 5 mL  ', 'Amobiotik DS', 'SIRUP-DROP', 17820, 31185, 200),
(289, 'Amoxicillin 250 mg/ 5 mL  ', 'Yusimox Forte', 'SIRUP-DROP', 5800, 14500, 200),
(290, 'Antasida 200 mg/ 5 mL ', 'generik', 'SIRUP-DROP', 3649, 9123, 200),
(291, 'Antasida 250 mg & Simetikon 50 mg/ 5 mL ', 'Carsida', 'SIRUP-DROP', 6439, 15873, 200),
(292, 'Antasida 300 mg & Simetikon 30 mg/ 5 mL  ', 'Stomach', 'SIRUP-DROP', 3828, 9570, 200),
(293, 'Antasida 300 mg & Simetikon 30 mg/ 5 mL  ', 'Trianta', 'SIRUP-DROP', 4201, 10502, 200),
(294, 'Antasida 400 mg & Simetikon 50 mg/ 5 mL ', 'Bufatacid Forte', 'SIRUP-DROP', 8250, 20625, 210),
(295, 'Apyalis Drop ', '-', 'SIRUP-DROP', 49500, 74250, 200),
(296, 'Apyalis Sirup ', '-', 'SIRUP-DROP', 40000, 48000, 210),
(297, 'Bronchitin ', '-', 'SIRUP-DROP', 6300, 15750, 210),
(298, 'Caviplex ', '-', 'SIRUP-DROP', 10263, 26568, 200),
(299, 'Cefadroxil 125 mg/5 mL  ', 'generik', 'SIRUP-DROP', 13379, 33448, 210),
(300, 'Cefadroxil 125 mg/5 mL  ', 'Lostacef', 'SIRUP-DROP', 7038, 17595, 200),
(301, 'Cefadroxil 250 mg/ 5 mL ', 'Lotacef Forte', 'SIRUP-DROP', 10800, 27000, 200),
(302, 'Cefixime 100 mg/ 5 mL  ', 'generik', 'SIRUP-DROP', 10800, 27000, 200),
(303, 'Cefixime 100 mg/ 5 mL  ', 'Helixime', 'SIRUP-DROP', 14850, 37125, 200),
(304, 'Cetirizin 5 mg/5 mL  ', 'generik', 'SIRUP-DROP', 11850, 20734, 200),
(305, 'Cetirizin 5 mg/5 mL  ', 'Lerzin', 'SIRUP-DROP', 6000, 15000, 200),
(306, 'Colfin ', '-', 'SIRUP-DROP', 7350, 18375, 200),
(307, 'Coparcetin  ', '-', 'SIRUP-DROP', 7500, 18750, 200),
(308, 'Cotrimoxazol 240 mg/ mL   ', 'Fasiprim', 'SIRUP-DROP', 4400, 11000, 200),
(309, 'Cotrimoxazol 240 mg/ mL   ', 'Sosiprim', 'SIRUP-DROP', 4200, 10501, 200),
(310, 'Curcuma dan Multivitamin  ', 'Cavicur', 'SIRUP-DROP', 10600, 26500, 200),
(311, 'Curcuma dan Multivitamin  ', 'Etacurvita', 'SIRUP-DROP', 6650, 16625, 200),
(312, 'Curcuma dan Echinacea ', 'Cabertis', 'SIRUP-DROP', 12675, 31687, 200),
(313, 'Delstrum ', '-', 'SIRUP-DROP', 18700, 46750, 200),
(314, 'Demacolin ', '-', 'SIRUP-DROP', 13900, 27900, 200),
(315, 'Domperidone 5 mg/5 mL  ', 'Genpridon', 'SIRUP-DROP', 3696, 9240, 200),
(316, 'Domperidone 5 mg/5 mL  ', 'Vesperum', 'SIRUP-DROP', 4350, 10874, 200),
(317, 'Ferriz Drop  ', '-', 'SIRUP-DROP', 30000, 45000, 200),
(318, 'Flucadex ', '-', 'SIRUP-DROP', 9900, 24751, 200),
(319, 'Ibuprofen 100mg/5 mL     ', 'Etafen', 'SIRUP-DROP', 4438, 11095, 200),
(320, 'Ibuprofen 100mg/5 mL     ', 'Parsifen', 'SIRUP-DROP', 4500, 11250, 200),
(321, 'Ibuprofen 100mg/5 mL     ', 'Tiafen', 'SIRUP-DROP', 7000, 17500, 200),
(322, 'Ibuprofen 100mg/5 mL     ', 'Oraprofen', 'SIRUP-DROP', 4700, 11750, 200),
(323, 'Itrabat ', '-', 'SIRUP-DROP', 9668, 24219, 200),
(324, 'Kaolin Pektin  ', 'Kanina', 'SIRUP-DROP', 3500, 8750, 200),
(325, 'Kaolin Pektin  ', 'Neo Kaominal', 'SIRUP-DROP', 5599, 13999, 200),
(326, 'Kompolax ', '-', 'SIRUP-DROP', 7600, 19000, 200),
(327, 'Loratadin  ', 'Lorihis', 'SIRUP-DROP', 8200, 20500, 200),
(328, 'Loratadin  ', 'Omelegar', 'SIRUP-DROP', 4250, 10625, 200),
(329, 'Metoclopramide ', 'Vosea', 'SIRUP-DROP', 4600, 11500, 200),
(330, 'Metronidazole  ', 'Novagyl', 'SIRUP-DROP', 7500, 18750, 200),
(331, 'Metronidazole  ', 'Omenizol', 'SIRUP-DROP', 5060, 12650, 200),
(332, 'Metronidazole  ', 'Omenizol', 'SIRUP-DROP', 5050, 12560, 200),
(333, 'Millsen ', '-', 'SIRUP-DROP', 4900, 12250, 200),
(334, 'Minivita-DHA ', '-', 'SIRUP-DROP', 16500, 41250, 200),
(335, 'Nystatin   ', 'generik', 'SIRUP-DROP', 21780, 43560, 200),
(336, 'Nystatin   ', 'Cazetin', 'SIRUP-DROP', 17500, 43750, 200),
(337, 'OBH ', '-', 'SIRUP-DROP', 4675, 11688, 200),
(338, 'Ondancentron ', 'Odane', 'SIRUP-DROP', 90000, 94500, 200),
(339, 'Parasetamol Drops   ', 'Alpamol', 'SIRUP-DROP', 10010, 25025, 200),
(340, 'Parasetamol Drops   ', 'Fasidol', 'SIRUP-DROP', 8400, 21000, 200),
(341, 'Parasetamol Drops   ', 'Grafadon', 'SIRUP-DROP', 8900, 22250, 200),
(342, 'Parasetamol 120 mg/5 mL    ', 'Kamolas', 'SIRUP-DROP', 4365, 10912, 200),
(343, 'Parasetamol 120 mg/5 mL    ', 'Novagesik', 'SIRUP-DROP', 4000, 10000, 200),
(344, 'Parasetamol 120 mg/5 mL    ', 'Pacetik', 'SIRUP-DROP', 3700, 9250, 200),
(345, 'Parasetamol 160 mg/ 5 mL  ', 'Contrexyn', 'SIRUP-DROP', 5500, 8250, 200),
(346, 'Parasetamol 250 mg/5 mL ', 'Obapa', 'SIRUP-DROP', 13063, 30045, 200),
(347, 'Pseudoefedrin 7,5 mg/0,8 mL   ', 'Devosix', 'SIRUP-DROP', 35000, 87500, 200),
(348, 'Pseudoefedrin 7,5 mg/0,8 mL   ', 'Edrin', 'SIRUP-DROP', 44000, 57200, 200),
(349, 'Stimuno ', '-', 'SIRUP-DROP', 23650, 59125, 200),
(350, 'Sukralfat 60 mL  ', 'Molafart', 'SIRUP-DROP', 13500, 23625, 200),
(351, 'Sukralfat 100 mL    ', 'generik', 'SIRUP-DROP', 21560, 53900, 200),
(352, 'Sukralfat 100 mL    ', 'Lipespa', 'SIRUP-DROP', 13000, 32500, 200),
(353, 'Sukralfat 100 mL    ', 'Mucifart', 'SIRUP-DROP', 38852, 58278, 200),
(354, 'Thiampenichol  ', 'Dionicol', 'SIRUP-DROP', 10000, 25000, 200),
(355, 'Tranabat ', '-', 'SIRUP-DROP', 12000, 3000, 200),
(356, 'Tranaflu ', '-', 'SIRUP-DROP', 10450, 26125, 200),
(357, 'Truvit ', '-', 'SIRUP-DROP', 31680, 55123, 200),
(358, 'Wybert ', '-', 'SIRUP-DROP', 9999, 24998, 200),
(359, 'Zink ', '-', 'SIRUP-DROP', 10000, 25000, 200),
(360, 'Betadin 30 mL ', '-', 'BEDAK-SALEP-SUPPO', 10000, 25000, 200),
(361, 'Betametason ', '-', 'BEDAK-SALEP-SUPPO', 3000, 7500, 200),
(362, 'Betason N ', '-', 'BEDAK-SALEP-SUPPO', 12599, 31498, 200),
(363, 'Boraginol N ', '-', 'BEDAK-SALEP-SUPPO', 86000, 111800, 200),
(364, 'BoraginoL S ', '-', 'BEDAK-SALEP-SUPPO', 117000, 152100, 200),
(365, 'Borax Gliserin (GOM) ', '-', 'BEDAK-SALEP-SUPPO', 3021, 7552, 200),
(366, 'Bufacomb  ', '-', 'BEDAK-SALEP-SUPPO', 22000, 38500, 200),
(367, 'Burnazin ', '-', 'BEDAK-SALEP-SUPPO', 63500, 82550, 200),
(368, 'Carmed 10% ', '-', 'BEDAK-SALEP-SUPPO', 31900, 60610, 200),
(369, 'Carmed 20% ', '-', 'BEDAK-SALEP-SUPPO', 41030, 71803, 200),
(370, 'Cendo Cenfresh Botol ', '-', 'BEDAK-SALEP-SUPPO', 36828, 64499, 200),
(371, 'Cendo Cenfresh Minidose ', '-', 'BEDAK-SALEP-SUPPO', 5500, 9625, 200),
(372, 'Clonitia  ', '-', 'BEDAK-SALEP-SUPPO', 14520, 36300, 200),
(373, 'Dermifar ', '-', 'BEDAK-SALEP-SUPPO', 7000, 17500, 200),
(374, 'Emla 5% Cream (Lidocain) ', '-', 'BEDAK-SALEP-SUPPO', 50000, 0, 200),
(375, 'Erlamicetin Salep Mata ', '-', 'BEDAK-SALEP-SUPPO', 10000, 25000, 200),
(376, 'Erlamicetin Tetes Mata ', '-', 'BEDAK-SALEP-SUPPO', 10000, 25000, 200),
(377, 'Erlamicetin  Plus Tetes Mata ', '-', 'BEDAK-SALEP-SUPPO', 1210, 30250, 200),
(378, 'Erlamicetin Tetes Telinga ', '-', 'BEDAK-SALEP-SUPPO', 7508, 18769, 200),
(379, 'Erlavin Tetes Hidung ', '-', 'BEDAK-SALEP-SUPPO', 15000, 37500, 200),
(380, 'Forumen ', '-', 'BEDAK-SALEP-SUPPO', 32500, 81250, 200),
(381, 'Gentamicin Salep Kulit    ', 'generik', 'BEDAK-SALEP-SUPPO', 3500, 8750, 200),
(382, 'Gentamicin Salep Kulit', 'Genalten', 'BEDAK-SALEP-SUPPO', 3350, 8375, 200),
(383, 'Gentamicin Salep Kulit    ', 'Genoint', 'BEDAK-SALEP-SUPPO', 5500, 13750, 200),
(384, 'Gentamicin Salep Kulit    ', 'Gentalex', 'BEDAK-SALEP-SUPPO', 2681, 6703, 200),
(385, 'Gentamicin Salep Mata  ', 'generik', 'BEDAK-SALEP-SUPPO', 6000, 15000, 200),
(386, 'Gentamicin Salep Mata  ', 'Genoint SM', 'BEDAK-SALEP-SUPPO', 7300, 18250, 200),
(387, 'Gentamicyn Tetes Mata ', 'Genoint TM', 'BEDAK-SALEP-SUPPO', 9059, 22646, 200),
(388, 'Gentamicyn Tetes Mata/Telinga ', 'Sagestam', 'BEDAK-SALEP-SUPPO', 31205, 78012, 200),
(389, 'H202 3% 100 cc ', '-', 'BEDAK-SALEP-SUPPO', 12000, 30000, 200),
(390, 'HICO Heparin ', '-', 'BEDAK-SALEP-SUPPO', 15500, 38750, 200),
(391, 'Hidrocortison ', '-', 'BEDAK-SALEP-SUPPO', 5000, 12500, 200),
(392, 'Ketokonazole ', '-', 'BEDAK-SALEP-SUPPO', 4666, 11665, 200),
(393, 'Miconazole ', '-', 'BEDAK-SALEP-SUPPO', 4500, 11250, 200),
(394, 'Neocenta ', '-', 'BEDAK-SALEP-SUPPO', 10900, 27250, 200),
(395, 'New Astar ', '-', 'BEDAK-SALEP-SUPPO', 8650, 21625, 200),
(396, 'Nisagon ', '-', 'BEDAK-SALEP-SUPPO', 5100, 12750, 200),
(397, 'Nufacort ', '-', 'BEDAK-SALEP-SUPPO', 5665, 14163, 200),
(398, 'Otopain ', '-', 'BEDAK-SALEP-SUPPO', 62000, 80500, 200),
(399, 'Ofloflaxin ', '-', 'BEDAK-SALEP-SUPPO', 75000, 97500, 200),
(400, 'Pantocain ', '-', 'BEDAK-SALEP-SUPPO', 50000, 65000, 200),
(401, 'Reco Tetes Telinga ', '-', 'BEDAK-SALEP-SUPPO', 7000, 17500, 200),
(402, 'Salep 24 ', '-', 'BEDAK-SALEP-SUPPO', 3300, 8250, 200),
(403, 'Scabimite 10 gram ', '-', 'BEDAK-SALEP-SUPPO', 32000, 59840, 200),
(404, 'Scabimite 30 gram ', '-', 'BEDAK-SALEP-SUPPO', 75000, 112500, 200),
(405, 'Supp Buraginol N ', '-', 'BEDAK-SALEP-SUPPO', 15500, 38750, 200),
(406, 'Supp Microlax ', '-', 'BEDAK-SALEP-SUPPO', 19649, 25543, 200),
(407, 'Supp Profenid ', '-', 'BEDAK-SALEP-SUPPO', 17500, 35000, 200),
(408, 'Supp Proris ', '-', 'BEDAK-SALEP-SUPPO', 6500, 16250, 200),
(409, 'Supp Superhoid  ', '-', 'BEDAK-SALEP-SUPPO', 4750, 11875, 200),
(410, 'Supp Triolac  ', '-', 'BEDAK-SALEP-SUPPO', 10040, 25100, 200),
(411, 'Supp Pyrexin 80 mg  ', '-', 'BEDAK-SALEP-SUPPO', 8000, 20000, 200),
(412, 'Supp Pyrexin 160 mg  ', '-', 'BEDAK-SALEP-SUPPO', 8000, 20000, 200),
(413, 'Synalten ', '-', 'BEDAK-SALEP-SUPPO', 4700, 11750, 200),
(414, 'Synarcus ', '-', 'BEDAK-SALEP-SUPPO', 3400, 8500, 200),
(415, 'Trombogel 10 gr ', '-', 'BEDAK-SALEP-SUPPO', 40828, 61234, 200),
(416, 'Trombophop Ointment 20 mg ', '-', 'BEDAK-SALEP-SUPPO', 56000, 84000, 200),
(417, 'Voltaren ', '-', 'BEDAK-SALEP-SUPPO', 26405, 39608, 200),
(418, 'Acyclovir 5 gram ', '-', 'BEDAK-SALEP-SUPPO', 3300, 8250, 200),
(419, 'Alletrol Salep Mata ', '-', 'BEDAK-SALEP-SUPPO', 11000, 22000, 200),
(420, 'Alletrol Tetes Mata ', '-', 'BEDAK-SALEP-SUPPO', 14360, 35900, 200),
(421, 'Alkohol 70% 100 mL  ', '-', 'BEDAK-SALEP-SUPPO', 6500, 16250, 200),
(422, 'Alkohol 70% 300 mL  ', '-', 'BEDAK-SALEP-SUPPO', 8142, 20354, 200),
(423, 'Alkohol 70 % 1 L ', '-', 'BEDAK-SALEP-SUPPO', 47000, 0, 200),
(424, 'Alkohol 70% 5 L ', '-', 'BEDAK-SALEP-SUPPO', 226875, 0, 0),
(425, 'Babycare ', '-', 'BEDAK-SALEP-SUPPO', 22000, 38500, 200),
(426, 'Bedak Salisil 60 gram ', '-', 'BEDAK-SALEP-SUPPO', 7083, 17708, 200),
(427, 'Betadin 1 L ', '-', 'BEDAK-SALEP-SUPPO', 55000, 0, 0),
(428, 'Betadin 5 mL ', '-', 'BEDAK-SALEP-SUPPO', 5000, 12500, 200),
(429, 'Betadin 15 mL ', '-', 'BEDAK-SALEP-SUPPO', 7500, 18750, 200),
(430, 'Adona (Carbazochrom Sodium) ', '-', 'INJEKSI-CAIRAN-NEBUL', 19000, 47500, 200),
(431, 'Alinamin F ', '-', 'INJEKSI-CAIRAN-NEBUL', 17000, 42500, 200),
(432, 'Aminofluid ', '-', 'INJEKSI-CAIRAN-NEBUL', 67590, 168875, 200),
(433, 'Aminophilin ', '-', 'INJEKSI-CAIRAN-NEBUL', 7796, 23389, 200),
(434, 'Asering ', '-', 'INJEKSI-CAIRAN-NEBUL', 25000, 62500, 200),
(435, 'Asam Traneksamat ', '-', 'INJEKSI-CAIRAN-NEBUL', 11500, 34500, 200),
(436, 'Atropin ', '-', 'INJEKSI-CAIRAN-NEBUL', 3600, 25200, 200),
(437, 'Benodon ', '-', 'INJEKSI-CAIRAN-NEBUL', 16500, 41250, 200),
(438, 'Calsium Glukonas ', '-', 'INJEKSI-CAIRAN-NEBUL', 24250, 60635, 200),
(439, 'Cefotaxim ', '-', 'INJEKSI-CAIRAN-NEBUL', 9357, 40235, 200),
(440, 'Ceftriaxon 1 gram ', '-', 'INJEKSI-CAIRAN-NEBUL', 13000, 35750, 200),
(441, 'Citicolin 250 mg/ 2 mL ', '-', 'INJEKSI-CAIRAN-NEBUL', 8663, 25988, 200),
(442, 'Citicolin 500 mg/ 4 mL ', '-', 'INJEKSI-CAIRAN-NEBUL', 15000, 45000, 200),
(443, 'Combivent ', '-', 'INJEKSI-CAIRAN-NEBUL', 9500, 50065, 200),
(444, 'Cortison Asetat ', '-', 'INJEKSI-CAIRAN-NEBUL', 17500, 43750, 200),
(445, 'Cyclofem ', '-', 'INJEKSI-CAIRAN-NEBUL', 8828, 22070, 200),
(446, 'D5 ', '-', 'INJEKSI-CAIRAN-NEBUL', 16946, 42365, 200),
(447, 'D5 1/2 NS ', '-', 'INJEKSI-CAIRAN-NEBUL', 16946, 42365, 200),
(448, 'D5 1/4 NS ', '-', 'INJEKSI-CAIRAN-NEBUL', 16949, 42365, 200),
(449, 'D10% ', '-', 'INJEKSI-CAIRAN-NEBUL', 18500, 46250, 200),
(450, 'D40% ', '-', 'INJEKSI-CAIRAN-NEBUL', 10010, 25025, 200),
(451, 'Depo ', '-', 'INJEKSI-CAIRAN-NEBUL', 2500, 6250, 200),
(452, 'Dexamethasone 5 mg/mL  ', 'generik', 'INJEKSI-CAIRAN-NEBUL', 2500, 16250, 200),
(453, 'Diphenhydramin  ', 'Recodryl', 'INJEKSI-CAIRAN-NEBUL', 5400, 13500, 200),
(454, 'Diphenhydramin  ', 'Sidiadryl', 'INJEKSI-CAIRAN-NEBUL', 5500, 13750, 200),
(455, 'Dopamine ', '-', 'INJEKSI-CAIRAN-NEBUL', 49005, 100460, 200),
(456, 'Ephineprin ', '-', 'INJEKSI-CAIRAN-NEBUL', 12100, 30250, 200),
(457, 'Ephedrin ', '-', 'INJEKSI-CAIRAN-NEBUL', 19000, 34960, 200),
(458, 'Furosemide   ', 'generik', 'INJEKSI-CAIRAN-NEBUL', 5000, 15000, 200),
(459, 'Furosemide   ', 'Edemin', 'INJEKSI-CAIRAN-NEBUL', 5500, 16500, 200),
(460, 'Furosemide   ', 'Farsic', 'INJEKSI-CAIRAN-NEBUL', 5500, 16500, 200),
(461, 'Futrolit ', '-', 'INJEKSI-CAIRAN-NEBUL', 39261, 78523, 200),
(462, 'Gentamicin ', '-', 'INJEKSI-CAIRAN-NEBUL', 8800, 22000, 200),
(463, 'Hyoscine-butilbromida  ', 'generik', 'INJEKSI-CAIRAN-NEBUL', 8800, 30800, 200),
(464, 'Hyoscine-butilbromida  ', 'Busscopan', 'INJEKSI-CAIRAN-NEBUL', 35000, 88750, 200),
(465, 'KAEN 3B ', '-', 'INJEKSI-CAIRAN-NEBUL', 25000, 62500, 200),
(466, 'Ketorolac 30 mg ', '-', 'INJEKSI-CAIRAN-NEBUL', 6600, 19800, 200),
(467, 'Lantus ', '-', 'INJEKSI-CAIRAN-NEBUL', 500, 1250, 200),
(468, 'Levofloxacin ', '-', 'INJEKSI-CAIRAN-NEBUL', 40000, 100000, 200),
(469, 'Lidocain ', '-', 'INJEKSI-CAIRAN-NEBUL', 1950, 15015, 200),
(470, 'Mersibion ', '-', 'INJEKSI-CAIRAN-NEBUL', 5500, 20625, 200),
(471, 'Metamizole  ', 'generik', 'INJEKSI-CAIRAN-NEBUL', 9500, 29450, 200),
(472, 'Metamizole  ', 'Norages', 'INJEKSI-CAIRAN-NEBUL', 5970, 20896, 200),
(473, 'Metilprednisolon ', '-', 'INJEKSI-CAIRAN-NEBUL', 35000, 87500, 200),
(474, 'Metochlopramide 10 mg/2 mL ', '-', 'INJEKSI-CAIRAN-NEBUL', 9000, 22500, 200),
(475, 'Methylergometrin ', '-', 'INJEKSI-CAIRAN-NEBUL', 17000, 42500, 200),
(476, 'Metronidazole ', '-', 'INJEKSI-CAIRAN-NEBUL', 17600, 60016, 200),
(477, 'MGSO4 20% ', '-', 'INJEKSI-CAIRAN-NEBUL', 15000, 37500, 200),
(478, 'MGSO4 40% ', '-', 'INJEKSI-CAIRAN-NEBUL', 35000, 87500, 200),
(479, 'Neurotropic ', '-', 'INJEKSI-CAIRAN-NEBUL', 8100, 20250, 200),
(480, 'Nichardiphin ', '-', 'INJEKSI-CAIRAN-NEBUL', 135000, 202500, 200),
(481, 'NS 100 ml ', '-', 'INJEKSI-CAIRAN-NEBUL', 9500, 23750, 200),
(482, 'NS 500 ml ', '-', 'INJEKSI-CAIRAN-NEBUL', 9000, 31500, 200),
(483, 'Oksitosin ', 'Tiacinon', 'INJEKSI-CAIRAN-NEBUL', 15000, 37500, 200),
(484, 'Omeprazole 40 mg ', '-', 'INJEKSI-CAIRAN-NEBUL', 22500, 67500, 200),
(485, 'Ondancentron 4 mg/ 2 ml ', '-', 'INJEKSI-CAIRAN-NEBUL', 7700, 25025, 200),
(486, 'Ondancentron 8 mg/ 4 ml ', '-', 'INJEKSI-CAIRAN-NEBUL', 6336, 25334, 200),
(487, 'Pantoprazol ', '-', 'INJEKSI-CAIRAN-NEBUL', 30000, 120000, 200),
(488, 'Parasetamol ', '-', 'INJEKSI-CAIRAN-NEBUL', 32208, 80250, 200),
(489, 'Pehacain ', '-', 'INJEKSI-CAIRAN-NEBUL', 3500, 12250, 200),
(490, 'Piracetam 3 g ', '-', 'INJEKSI-CAIRAN-NEBUL', 11500, 31625, 200),
(491, 'Ranitidin 50 mg/ 2 mL ', '-', 'INJEKSI-CAIRAN-NEBUL', 3500, 16625, 200),
(492, 'RD5 ', '-', 'INJEKSI-CAIRAN-NEBUL', 14400, 36000, 200),
(493, 'Ringer Lactate (RL) ', '-', 'INJEKSI-CAIRAN-NEBUL', 8500, 31875, 200),
(494, 'Terbutalin ', 'Niaret', 'INJEKSI-CAIRAN-NEBUL', 26400, 53912, 200),
(495, 'Triklofem ', '-', 'INJEKSI-CAIRAN-NEBUL', 9413, 23533, 200),
(496, 'Vaksin Hb0 ', '-', 'INJEKSI-CAIRAN-NEBUL', 0, 0, 0),
(497, 'Ventolin ', '-', 'INJEKSI-CAIRAN-NEBUL', 12000, 50040, 200),
(498, 'Vitamin B1 ', '-', 'INJEKSI-CAIRAN-NEBUL', 6500, 16250, 200),
(499, 'Vitamin B12 ', '-', 'INJEKSI-CAIRAN-NEBUL', 6200, 15500, 200),
(500, 'Vitamin C ', 'Probio-C', 'INJEKSI-CAIRAN-NEBUL', 42350, 105875, 200),
(501, 'Vitamin K ', 'Tiavit K', 'INJEKSI-CAIRAN-NEBUL', 8300, 24900, 200),
(502, 'WFI ', '-', 'INJEKSI-CAIRAN-NEBUL', 6606, 16516, 200),
(503, 'Widahes ', '-', 'INJEKSI-CAIRAN-NEBUL', 181912, 300155, 200),
(504, 'Abocath/ Venvlon 16 ', '-', 'BMHP', 5000, 32500, 202),
(505, 'Abocath/ Venvlon 18 ', '-', 'BMHP', 5000, 32500, 200),
(506, 'Abocath/ Venvlon 20 ', '-', 'BMHP', 5000, 32500, 200),
(507, 'Abocath/ Venvlon 22 ', '-', 'BMHP', 5000, 32500, 200),
(508, 'Abocath/ Venvlon 24 ', '-', 'BMHP', 5000, 32500, 200),
(509, 'Abocath/ Venvlon 26 ', '-', 'BMHP', 6600, 42900, 200),
(510, 'Alkohol Swab ', '-', 'BMHP', 0, 0, 0),
(511, 'Bandage 7,5 cm x 4,5 m ', '-', 'BMHP', 12500, 5000, 200),
(512, 'Bandage 15 cm x 4,5 m ', '-', 'BMHP', 101850, 132405, 200),
(513, 'Blood Lancet ', '-', 'BMHP', 210, 1000, 200),
(514, 'Blood Set  ', '-', 'BMHP', 14000, 52500, 200),
(515, 'Cangkang Kapsul No. 0 ', '-', 'BMHP', 57, 143, 200),
(516, 'Catgut Plain 2/0 ', '-', 'BMHP', 9280, 23200, 200),
(517, 'Catgut Plain 3/0 ', '-', 'BMHP', 9280, 23200, 200),
(518, 'Catgut Plain 4/0 ', '-', 'BMHP', 12500, 31250, 200),
(519, 'Catgut Chromic 3/0 ', '-', 'BMHP', 8500, 21250, 200),
(520, 'Catgut Chromic 4/0 ', '-', 'BMHP', 8500, 21250, 200),
(521, 'Catgut Plain Without Needle ', '-', 'BMHP', 9280, 23200, 200),
(522, 'Dermafik Besar 10x25 cm ', '-', 'BMHP', 23100, 57750, 200),
(523, 'Dermafix 10x8 cm ', '-', 'BMHP', 3000, 7500, 200),
(524, 'Dermafix 5x7 ', '-', 'BMHP', 0, 0, 0),
(525, 'Dermafik Kecil 6x7 cm ', '-', 'BMHP', 2660, 6650, 200),
(526, 'Dermafik (Tegaderm) ', '-', 'BMHP', 3450, 8625, 200),
(527, 'Dressing ', '-', 'BMHP', 60000, 150000, 200),
(528, 'Duk Disposible ', '-', 'BMHP', 7000, 17500, 200),
(529, 'Folleycateter No. Three Way 18 ', '-', 'BMHP', 66000, 132000, 200),
(530, 'Folleycateter No. Three Way 20 ', '-', 'BMHP', 66000, 132000, 200),
(531, 'Folleycateter No. 12 ', '-', 'BMHP', 19500, 48750, 200),
(532, 'Folleycateter No. 14 ', '-', 'BMHP', 19500, 48750, 200),
(533, 'Folleycateter No. 16 ', '-', 'BMHP', 19500, 48750, 200),
(534, 'Folleycateter No. 20 ', '-', 'BMHP', 17500, 43750, 200),
(535, 'Folleycateter No. 24 ', '-', 'BMHP', 16000, 40000, 200),
(536, 'Handscoon ', '-', 'BMHP', 3430, 8575, 200),
(537, 'Handscoon Steril ', '-', 'BMHP', 3500, 8750, 200),
(538, 'HBsAG Test ', '-', 'BMHP', 1500, 37500, 200),
(539, 'Hipafix 5 x 5 ', '-', 'BMHP', 64500, 161250, 200),
(540, 'Hipafix 5 x 10 ', '-', 'BMHP', 85000, 212500, 200),
(541, 'Hipafix 5 x 15 ', '-', 'BMHP', 179488, 448640, 200),
(542, 'Implant 3 thn ', '-', 'BMHP', 0, 0, 0),
(543, 'Infus Set Anak (Mikro) ', '-', 'BMHP', 12500, 35000, 200),
(544, 'Infus Set Dewasa (Makro) ', '-', 'BMHP', 12500, 35000, 200),
(545, 'IUD Andalan Coper T BKKBN ', '-', 'BMHP', 0, 0, 0),
(546, 'IUD Andalan Sleek ', '-', 'BMHP', 25000, 62500, 200),
(547, 'IUD Silver Line 200 ', '-', 'BMHP', 50000, 125000, 200),
(548, 'IUD Safe Load 380 ', '-', 'BMHP', 0, 0, 0),
(549, 'IUD Silver Line 380 ', '-', 'BMHP', 150000, 375000, 200),
(550, 'IUD Andalan Post Partum ', '-', 'BMHP', 200000, 500000, 200),
(551, 'Jarum 23  ', '-', 'BMHP', 320, 800, 200),
(552, 'Jarum 24  ', '-', 'BMHP', 700, 1750, 200),
(553, 'Jarum 26 ', '-', 'BMHP', 6550, 16375, 200),
(554, 'Jarum Heacting  ', '-', 'BMHP', 3000, 7500, 200),
(555, 'Jarum Cito Ject ', '-', 'BMHP', 1680, 4200, 200),
(556, 'Kapas 500 gr ', '-', 'BMHP', 32355, 80888, 200),
(557, 'Kasa Nasaco 40 Yard ', '-', 'BMHP', 140000, 350000, 200),
(558, 'Kasa Kotak ', '-', 'BMHP', 5000, 12500, 200),
(559, 'Kondom Andalan ', '-', 'BMHP', 2400, 6000, 200),
(560, 'Kondom Artika ', '-', 'BMHP', 0, 0, 0),
(561, 'Leukoplast Besar ', '-', 'BMHP', 61876, 154690, 200),
(562, 'Leukoplast Kecil ', '-', 'BMHP', 10000, 25000, 200),
(563, 'Loumatule ', '-', 'BMHP', 15500, 38750, 200),
(564, 'Masker Bedah Hijau Cantol ', '-', 'BMHP', 4400, 4400, 200),
(565, 'Masker KN95 ', '-', 'BMHP', 14533, 29067, 200),
(566, 'Masker N95 ', '-', 'BMHP', 35750, 89375, 200),
(567, 'Masker NRBM Anak ', '-', 'BMHP', 20000, 50000, 200),
(568, 'Masker NRBM Dewasa ', '-', 'BMHP', 63500, 95250, 200),
(569, 'Masker RBM Anak ', '-', 'BMHP', 55000, 71500, 200),
(570, 'Masker RBM Dewasa ', '-', 'BMHP', 28600, 75790, 200),
(571, 'Mayo Dewasa ', '-', 'BMHP', 65000, 162500, 200),
(572, 'Mayo Anak ', '-', 'BMHP', 65000, 162500, 200),
(573, 'Mess No. 11 ', '-', 'BMHP', 750, 3000, 200),
(574, 'Microfine ', '-', 'BMHP', 5000, 8750, 200),
(575, 'Nasal Kanul Anak ', '-', 'BMHP', 20000, 50000, 200),
(576, 'Nasal Kanul Bayi ', '-', 'BMHP', 20000, 50000, 200),
(577, 'Nasal Kanul Dewasa ', '-', 'BMHP', 15500, 38750, 200),
(578, 'NGT Bayi No. 5 ', '-', 'BMHP', 42350, 57173, 200),
(579, 'NGT No. 12 ', '-', 'BMHP', 12000, 45000, 200),
(580, 'NGT No. 14 ', '-', 'BMHP', 12000, 45000, 200),
(581, 'NGT No. 16 ', '-', 'BMHP', 12000, 45000, 200),
(582, 'NGT No. 18 ', '-', 'BMHP', 12000, 45000, 200),
(583, 'Nurse Caps ', '-', 'BMHP', 563, 1407, 200),
(584, 'Plano Test (Femitia Sensipack) ', '-', 'BMHP', 8800, 22000, 200),
(585, 'Plano Test (Onemed) ', '-', 'BMHP', 2000, 10000, 200),
(586, 'Plester Bulat Soft ', '-', 'BMHP', 3000, 7500, 200),
(587, 'Pot Dahak ', '-', 'BMHP', 2728, 6820, 200),
(588, 'Rapid Test ', '-', 'BMHP', 122727, 200045, 200),
(589, 'Ring Pesarium 6,0 ', '-', 'BMHP', 39600, 99000, 200),
(590, 'Ring Pesarium 7,5 ', '-', 'BMHP', 39600, 99000, 200),
(591, 'Silk 3/0 (Benang) ', '-', 'BMHP', 6170, 15425, 200),
(592, 'Slim Suiker/ Mucus Extractor ', '-', 'BMHP', 8500, 21250, 200),
(593, 'Speculum Disposible ', '-', 'BMHP', 10000, 25000, 200),
(594, 'Spuit 0,5 cc ', '-', 'BMHP', 617, 1543, 200),
(595, 'Spuit 1 cc ', '-', 'BMHP', 2450, 6125, 200),
(596, 'Spuit 1 cc Oneject ', '-', 'BMHP', 1000, 2500, 200),
(597, 'Spuit 3 cc ', '-', 'BMHP', 2000, 5000, 200),
(598, 'Spuit 5 cc ', '-', 'BMHP', 1500, 3750, 200),
(599, 'Spuit 10 cc ', '-', 'BMHP', 1800, 4500, 200),
(600, 'Spuit 20 cc ', '-', 'BMHP', 2000, 5000, 200),
(601, 'Spuit BD 50 cc ', '-', 'BMHP', 6500, 16250, 200),
(602, 'Spuit 50 cc NGT ', '-', 'BMHP', 5000, 27500, 200),
(603, 'Stik Asam Urat ', '-', 'BMHP', 3400, 25024, 200),
(604, 'Stik Cholesterol ', '-', 'BMHP', 15500, 40145, 200),
(605, 'Stik GDA on Call Plus ', '-', 'BMHP', 3480, 20010, 200),
(606, 'Stik GDA on Call Redi ', '-', 'BMHP', 3480, 20010, 200),
(607, 'Stik GDA Easy Touch ', '-', 'BMHP', 3400, 20060, 200),
(608, 'Stik GDA Easy Touch ', '-', 'BMHP', 3400, 20060, 200),
(609, 'Suction Dewasa ', '-', 'BMHP', 0, 0, 0),
(610, 'Tabung EDTA ', '-', 'BMHP', 1150, 3048, 200),
(611, 'Umbilical Cord/ Klem Tali Pusat ', '-', 'BMHP', 20087, 50218, 200),
(612, 'Urine Gluko Protein Test ', '-', 'BMHP', 6100, 15250, 200),
(613, 'Urine Bag One Med ', '-', 'BMHP', 5000, 12500, 200),
(614, 'Urin Container ', '-', 'BMHP', 1800, 6228, 200),
(615, 'Underpad Steril ', '-', 'BMHP', 15000, 37500, 200),
(616, 'Wing Needle No. 23 ', '-', 'BMHP', 1500, 3750, 200),
(617, 'Wing Needle No. 25 ', '-', 'BMHP', 1500, 3750, 200),
(618, 'Wing Needle No. 27 ', '-', 'BMHP', 1500, 3750, 200),
(619, 'Obyek Glass ', '-', 'BMHP', 0, 0, 0),
(620, 'Spatula ', '-', 'BMHP', 0, 0, 0);

-- --------------------------------------------------------

--
-- Table structure for table `tbl_laporanobatharian`
--

CREATE TABLE `tbl_laporanobatharian` (
  `id_obat` int(10) NOT NULL,
  `total_pemakaian` int(100) DEFAULT NULL,
  `rj_umum` int(21) NOT NULL,
  `rj_bpjs` int(21) NOT NULL,
  `ri_umum` int(21) NOT NULL,
  `ri_bpjs` int(21) NOT NULL,
  `p_umum` int(21) NOT NULL,
  `p_bpjs` int(21) NOT NULL
) ENGINE=InnoDB DEFAULT CHARSET=latin1;

--
-- Dumping data for table `tbl_laporanobatharian`
--

INSERT INTO `tbl_laporanobatharian` (`id_obat`, `total_pemakaian`, `rj_umum`, `rj_bpjs`, `ri_umum`, `ri_bpjs`, `p_umum`, `p_bpjs`) VALUES
(10, 30, 40, 0, 0, 0, 0, 0),
(11, 40, 40, 0, 0, 0, 0, 0),
(12, 0, 0, 0, 0, 0, 0, 0),
(13, 10, 0, 0, 10, 0, 0, 0),
(14, 0, 0, 0, 0, 0, 0, 0),
(15, 0, 0, 0, 0, 0, 0, 0),
(16, 0, 0, 0, 0, 0, 0, 0),
(17, 0, 0, 0, 0, 0, 0, 0),
(18, 0, 0, 0, 0, 0, 0, 0),
(19, 0, 0, 0, 0, 0, 0, 0),
(20, 0, 0, 0, 0, 0, 0, 0),
(21, 0, 0, 0, 0, 0, 0, 0),
(22, 0, 0, 0, 0, 0, 0, 0),
(23, 0, 0, 0, 0, 0, 0, 0),
(24, 0, 0, 0, 0, 0, 0, 0),
(25, 0, 0, 0, 0, 0, 0, 0),
(26, 10, 0, 0, 10, 0, 0, 0),
(27, 0, 0, 0, 0, 0, 0, 0),
(28, 0, 0, 0, 0, 0, 0, 0),
(29, 0, 0, 0, 0, 0, 0, 0),
(30, 0, 0, 0, 0, 0, 0, 0),
(31, 0, 0, 0, 0, 0, 0, 0),
(32, 0, 0, 0, 0, 0, 0, 0),
(33, 0, 0, 0, 0, 0, 0, 0),
(34, 0, 0, 0, 0, 0, 0, 0),
(35, 0, 0, 0, 0, 0, 0, 0),
(36, 0, 0, 0, 0, 0, 0, 0),
(37, 0, 0, 0, 0, 0, 0, 0),
(38, 0, 0, 0, 0, 0, 0, 0),
(39, 0, 0, 0, 0, 0, 0, 0),
(40, 10, 0, 0, 10, 0, 0, 0),
(41, 0, 0, 0, 0, 0, 0, 0),
(42, 0, 0, 0, 0, 0, 0, 0),
(43, 0, 0, 0, 0, 0, 0, 0),
(44, 0, 0, 0, 0, 0, 0, 0),
(45, 0, 0, 0, 0, 0, 0, 0),
(46, 10, 0, 0, 10, 0, 0, 0),
(47, 0, 0, 0, 0, 0, 0, 0),
(48, 0, 0, 0, 0, 0, 0, 0),
(49, 10, 0, 0, 10, 0, 0, 0),
(50, 0, 0, 0, 0, 0, 0, 0),
(51, 0, 0, 0, 0, 0, 0, 0),
(52, 0, 0, 0, 0, 0, 0, 0),
(53, 0, 0, 0, 0, 0, 0, 0),
(54, 0, 0, 0, 0, 0, 0, 0),
(55, 0, 0, 0, 0, 0, 0, 0),
(56, 0, 0, 0, 0, 0, 0, 0),
(57, 0, 0, 0, 0, 0, 0, 0),
(58, 0, 0, 0, 0, 0, 0, 0),
(59, 0, 0, 0, 0, 0, 0, 0),
(60, 0, 0, 0, 0, 0, 0, 0),
(61, 0, 0, 0, 0, 0, 0, 0),
(62, 0, 0, 0, 0, 0, 0, 0),
(63, 10, 0, 0, 10, 0, 0, 0),
(64, 0, 0, 0, 0, 0, 0, 0),
(65, 0, 0, 0, 0, 0, 0, 0),
(66, 0, 0, 0, 0, 0, 0, 0),
(67, 0, 0, 0, 0, 0, 0, 0),
(68, 0, 0, 0, 0, 0, 0, 0),
(69, 0, 0, 0, 0, 0, 0, 0),
(70, 0, 0, 0, 0, 0, 0, 0),
(71, 0, 0, 0, 0, 0, 0, 0),
(72, 0, 0, 0, 0, 0, 0, 0),
(73, 0, 0, 0, 0, 0, 0, 0),
(74, 0, 0, 0, 0, 0, 0, 0),
(75, 0, 0, 0, 0, 0, 0, 0),
(76, 0, 0, 0, 0, 0, 0, 0),
(77, 0, 0, 0, 0, 0, 0, 0),
(78, 0, 0, 0, 0, 0, 0, 0),
(79, 0, 0, 0, 0, 0, 0, 0),
(80, 0, 0, 0, 0, 0, 0, 0),
(81, 0, 0, 0, 0, 0, 0, 0),
(82, 0, 0, 0, 0, 0, 0, 0),
(83, 0, 0, 0, 0, 0, 0, 0),
(84, 0, 0, 0, 0, 0, 0, 0),
(85, 0, 0, 0, 0, 0, 0, 0),
(86, 0, 0, 0, 0, 0, 0, 0),
(87, 0, 0, 0, 0, 0, 0, 0),
(88, 0, 0, 0, 0, 0, 0, 0),
(89, 0, 0, 0, 0, 0, 0, 0),
(90, 0, 0, 0, 0, 0, 0, 0),
(91, 0, 0, 0, 0, 0, 0, 0),
(92, 0, 0, 0, 0, 0, 0, 0),
(93, 0, 0, 0, 0, 0, 0, 0),
(94, 0, 0, 0, 0, 0, 0, 0),
(95, 0, 0, 0, 0, 0, 0, 0),
(96, 0, 0, 0, 0, 0, 0, 0),
(97, 0, 0, 0, 0, 0, 0, 0),
(98, 10, 0, 0, 10, 0, 0, 0),
(99, 0, 0, 0, 0, 0, 0, 0),
(100, 0, 0, 0, 0, 0, 0, 0),
(101, 0, 0, 0, 0, 0, 0, 0),
(102, 0, 0, 0, 0, 0, 0, 0),
(103, 0, 0, 0, 0, 0, 0, 0),
(104, 0, 0, 0, 0, 0, 0, 0),
(105, 0, 0, 0, 0, 0, 0, 0),
(106, 0, 0, 0, 0, 0, 0, 0),
(107, 0, 0, 0, 0, 0, 0, 0),
(108, 0, 0, 0, 0, 0, 0, 0),
(109, 0, 0, 0, 0, 0, 0, 0),
(110, 0, 0, 0, 0, 0, 0, 0),
(111, 0, 0, 0, 0, 0, 0, 0),
(112, 0, 0, 0, 0, 0, 0, 0),
(113, 0, 0, 0, 0, 0, 0, 0),
(114, 0, 0, 0, 0, 0, 0, 0),
(115, 0, 0, 0, 0, 0, 0, 0),
(116, 0, 0, 0, 0, 0, 0, 0),
(117, 0, 0, 0, 0, 0, 0, 0),
(118, 0, 0, 0, 0, 0, 0, 0),
(119, 0, 0, 0, 0, 0, 0, 0),
(120, 0, 0, 0, 0, 0, 0, 0),
(121, 0, 0, 0, 0, 0, 0, 0),
(122, 0, 0, 0, 0, 0, 0, 0),
(123, 0, 0, 0, 0, 0, 0, 0),
(124, 0, 0, 0, 0, 0, 0, 0),
(125, 0, 0, 0, 0, 0, 0, 0),
(126, 0, 0, 0, 0, 0, 0, 0),
(127, 0, 0, 0, 0, 0, 0, 0),
(128, 0, 0, 0, 0, 0, 0, 0),
(129, 0, 0, 0, 0, 0, 0, 0),
(130, 0, 0, 0, 0, 0, 0, 0),
(131, 0, 0, 0, 0, 0, 0, 0),
(132, 0, 0, 0, 0, 0, 0, 0),
(133, 0, 0, 0, 0, 0, 0, 0),
(134, 0, 0, 0, 0, 0, 0, 0),
(135, 0, 0, 0, 0, 0, 0, 0),
(136, 0, 0, 0, 0, 0, 0, 0),
(137, 0, 0, 0, 0, 0, 0, 0),
(138, 0, 0, 0, 0, 0, 0, 0),
(139, 0, 0, 0, 0, 0, 0, 0),
(140, 0, 0, 0, 0, 0, 0, 0),
(141, 0, 0, 0, 0, 0, 0, 0),
(142, 0, 0, 0, 0, 0, 0, 0),
(143, 0, 0, 0, 0, 0, 0, 0),
(144, 0, 0, 0, 0, 0, 0, 0),
(145, 0, 0, 0, 0, 0, 0, 0),
(146, 0, 0, 0, 0, 0, 0, 0),
(147, 0, 0, 0, 0, 0, 0, 0),
(148, 0, 0, 0, 0, 0, 0, 0),
(149, 0, 0, 0, 0, 0, 0, 0),
(150, 0, 0, 0, 0, 0, 0, 0),
(151, 0, 0, 0, 0, 0, 0, 0),
(152, 0, 0, 0, 0, 0, 0, 0),
(153, 0, 0, 0, 0, 0, 0, 0),
(154, 0, 0, 0, 0, 0, 0, 0),
(155, 0, 0, 0, 0, 0, 0, 0),
(156, 0, 0, 0, 0, 0, 0, 0),
(157, 0, 0, 0, 0, 0, 0, 0),
(158, 0, 0, 0, 0, 0, 0, 0),
(159, 0, 0, 0, 0, 0, 0, 0),
(160, 0, 0, 0, 0, 0, 0, 0),
(161, 0, 0, 0, 0, 0, 0, 0),
(162, 0, 0, 0, 0, 0, 0, 0),
(163, 0, 0, 0, 0, 0, 0, 0),
(164, 0, 0, 0, 0, 0, 0, 0),
(165, 0, 0, 0, 0, 0, 0, 0),
(166, 0, 0, 0, 0, 0, 0, 0),
(167, 0, 0, 0, 0, 0, 0, 0),
(168, 0, 0, 0, 0, 0, 0, 0),
(169, 0, 0, 0, 0, 0, 0, 0),
(170, 0, 0, 0, 0, 0, 0, 0),
(171, 0, 0, 0, 0, 0, 0, 0),
(172, 0, 0, 0, 0, 0, 0, 0),
(173, 0, 0, 0, 0, 0, 0, 0),
(174, 0, 0, 0, 0, 0, 0, 0),
(175, 0, 0, 0, 0, 0, 0, 0),
(176, 0, 0, 0, 0, 0, 0, 0),
(177, 0, 0, 0, 0, 0, 0, 0),
(178, 0, 0, 0, 0, 0, 0, 0),
(179, 0, 0, 0, 0, 0, 0, 0),
(180, 0, 0, 0, 0, 0, 0, 0),
(181, 0, 0, 0, 0, 0, 0, 0),
(182, 0, 0, 0, 0, 0, 0, 0),
(183, 0, 0, 0, 0, 0, 0, 0),
(184, 0, 0, 0, 0, 0, 0, 0),
(185, 0, 0, 0, 0, 0, 0, 0),
(186, 0, 0, 0, 0, 0, 0, 0),
(187, 0, 0, 0, 0, 0, 0, 0),
(188, 0, 0, 0, 0, 0, 0, 0),
(189, 0, 0, 0, 0, 0, 0, 0),
(190, 0, 0, 0, 0, 0, 0, 0),
(191, 0, 0, 0, 0, 0, 0, 0),
(192, 0, 0, 0, 0, 0, 0, 0),
(193, 0, 0, 0, 0, 0, 0, 0),
(194, 0, 0, 0, 0, 0, 0, 0),
(195, 0, 0, 0, 0, 0, 0, 0),
(196, 0, 0, 0, 0, 0, 0, 0),
(197, 0, 0, 0, 0, 0, 0, 0),
(198, 0, 0, 0, 0, 0, 0, 0),
(199, 0, 0, 0, 0, 0, 0, 0),
(200, 0, 0, 0, 0, 0, 0, 0),
(201, 0, 0, 0, 0, 0, 0, 0),
(202, 0, 0, 0, 0, 0, 0, 0),
(203, 0, 0, 0, 0, 0, 0, 0),
(204, 0, 0, 0, 0, 0, 0, 0),
(205, 0, 0, 0, 0, 0, 0, 0),
(206, 0, 0, 0, 0, 0, 0, 0),
(207, 0, 0, 0, 0, 0, 0, 0),
(208, 0, 0, 0, 0, 0, 0, 0),
(209, 0, 0, 0, 0, 0, 0, 0),
(210, 0, 0, 0, 0, 0, 0, 0),
(211, 0, 0, 0, 0, 0, 0, 0),
(212, 0, 0, 0, 0, 0, 0, 0),
(213, 0, 0, 0, 0, 0, 0, 0),
(214, 0, 0, 0, 0, 0, 0, 0),
(215, 0, 0, 0, 0, 0, 0, 0),
(216, 0, 0, 0, 0, 0, 0, 0),
(217, 0, 0, 0, 0, 0, 0, 0),
(218, 0, 0, 0, 0, 0, 0, 0),
(219, 0, 0, 0, 0, 0, 0, 0),
(220, 0, 0, 0, 0, 0, 0, 0),
(221, 0, 0, 0, 0, 0, 0, 0),
(222, 0, 0, 0, 0, 0, 0, 0),
(223, 0, 0, 0, 0, 0, 0, 0),
(224, 0, 0, 0, 0, 0, 0, 0),
(225, 0, 0, 0, 0, 0, 0, 0),
(226, 0, 0, 0, 0, 0, 0, 0),
(227, 0, 0, 0, 0, 0, 0, 0),
(228, 0, 0, 0, 0, 0, 0, 0),
(229, 0, 0, 0, 0, 0, 0, 0),
(230, 0, 0, 0, 0, 0, 0, 0),
(231, 0, 0, 0, 0, 0, 0, 0),
(232, 0, 0, 0, 0, 0, 0, 0),
(233, 0, 0, 0, 0, 0, 0, 0),
(234, 0, 0, 0, 0, 0, 0, 0),
(235, 0, 0, 0, 0, 0, 0, 0),
(236, 0, 0, 0, 0, 0, 0, 0),
(237, 0, 0, 0, 0, 0, 0, 0),
(238, 0, 0, 0, 0, 0, 0, 0),
(239, 0, 0, 0, 0, 0, 0, 0),
(240, 0, 0, 0, 0, 0, 0, 0),
(241, 0, 0, 0, 0, 0, 0, 0),
(242, 0, 0, 0, 0, 0, 0, 0),
(243, 0, 0, 0, 0, 0, 0, 0),
(244, 0, 0, 0, 0, 0, 0, 0),
(245, 0, 0, 0, 0, 0, 0, 0),
(246, 0, 0, 0, 0, 0, 0, 0),
(247, 0, 0, 0, 0, 0, 0, 0),
(248, 0, 0, 0, 0, 0, 0, 0),
(249, 0, 0, 0, 0, 0, 0, 0),
(250, 0, 0, 0, 0, 0, 0, 0),
(251, 0, 0, 0, 0, 0, 0, 0),
(252, 0, 0, 0, 0, 0, 0, 0),
(253, 0, 0, 0, 0, 0, 0, 0),
(254, 0, 0, 0, 0, 0, 0, 0),
(255, 0, 0, 0, 0, 0, 0, 0),
(256, 0, 0, 0, 0, 0, 0, 0),
(257, 0, 0, 0, 0, 0, 0, 0),
(258, 0, 0, 0, 0, 0, 0, 0),
(259, 0, 0, 0, 0, 0, 0, 0),
(260, 0, 0, 0, 0, 0, 0, 0),
(261, 0, 0, 0, 0, 0, 0, 0),
(262, 0, 0, 0, 0, 0, 0, 0),
(263, 0, 0, 0, 0, 0, 0, 0),
(264, 0, 0, 0, 0, 0, 0, 0),
(265, 0, 0, 0, 0, 0, 0, 0),
(266, 0, 0, 0, 0, 0, 0, 0),
(267, 0, 0, 0, 0, 0, 0, 0),
(268, 0, 0, 0, 0, 0, 0, 0),
(269, 0, 0, 0, 0, 0, 0, 0),
(270, 0, 0, 0, 0, 0, 0, 0),
(271, 0, 0, 0, 0, 0, 0, 0),
(273, 0, 0, 0, 0, 0, 0, 0),
(274, 0, 0, 0, 0, 0, 0, 0),
(275, 0, 0, 0, 0, 0, 0, 0),
(276, 0, 0, 0, 0, 0, 0, 0),
(277, 0, 0, 0, 0, 0, 0, 0),
(278, 0, 0, 0, 0, 0, 0, 0),
(279, 0, 0, 0, 0, 0, 0, 0),
(280, 0, 0, 0, 0, 0, 0, 0),
(281, 0, 0, 0, 0, 0, 0, 0),
(282, 0, 0, 0, 0, 0, 0, 0),
(283, 0, 0, 0, 0, 0, 0, 0),
(284, 0, 0, 0, 0, 0, 0, 0),
(285, 0, 0, 0, 0, 0, 0, 0),
(286, 0, 0, 0, 0, 0, 0, 0),
(287, 0, 0, 0, 0, 0, 0, 0),
(288, 0, 0, 0, 0, 0, 0, 0),
(289, 0, 0, 0, 0, 0, 0, 0),
(290, 0, 0, 0, 0, 0, 0, 0),
(291, 0, 0, 0, 0, 0, 0, 0),
(292, 0, 0, 0, 0, 0, 0, 0),
(293, 0, 0, 0, 0, 0, 0, 0),
(294, 0, 0, 0, 0, 0, 0, 0),
(295, 0, 0, 0, 0, 0, 0, 0),
(296, 0, 0, 0, 0, 0, 0, 0),
(297, 0, 0, 0, 0, 0, 0, 0),
(298, 0, 0, 0, 0, 0, 0, 0),
(299, 0, 0, 0, 0, 0, 0, 0),
(300, 0, 0, 0, 0, 0, 0, 0),
(301, 0, 0, 0, 0, 0, 0, 0),
(302, 0, 0, 0, 0, 0, 0, 0),
(303, 0, 0, 0, 0, 0, 0, 0),
(304, 0, 0, 0, 0, 0, 0, 0),
(305, 0, 0, 0, 0, 0, 0, 0),
(306, 0, 0, 0, 0, 0, 0, 0),
(307, 0, 0, 0, 0, 0, 0, 0),
(308, 0, 0, 0, 0, 0, 0, 0),
(309, 0, 0, 0, 0, 0, 0, 0),
(310, 0, 0, 0, 0, 0, 0, 0),
(311, 0, 0, 0, 0, 0, 0, 0),
(312, 0, 0, 0, 0, 0, 0, 0),
(313, 0, 0, 0, 0, 0, 0, 0),
(314, 0, 0, 0, 0, 0, 0, 0),
(315, 0, 0, 0, 0, 0, 0, 0),
(316, 0, 0, 0, 0, 0, 0, 0),
(317, 0, 0, 0, 0, 0, 0, 0),
(318, 0, 0, 0, 0, 0, 0, 0),
(319, 0, 0, 0, 0, 0, 0, 0),
(320, 0, 0, 0, 0, 0, 0, 0),
(321, 0, 0, 0, 0, 0, 0, 0),
(322, 0, 0, 0, 0, 0, 0, 0),
(323, 0, 0, 0, 0, 0, 0, 0),
(324, 0, 0, 0, 0, 0, 0, 0),
(325, 0, 0, 0, 0, 0, 0, 0),
(326, 0, 0, 0, 0, 0, 0, 0),
(327, 0, 0, 0, 0, 0, 0, 0),
(328, 0, 0, 0, 0, 0, 0, 0),
(329, 0, 0, 0, 0, 0, 0, 0),
(330, 0, 0, 0, 0, 0, 0, 0),
(331, 0, 0, 0, 0, 0, 0, 0),
(332, 0, 0, 0, 0, 0, 0, 0),
(333, 0, 0, 0, 0, 0, 0, 0),
(334, 0, 0, 0, 0, 0, 0, 0),
(335, 0, 0, 0, 0, 0, 0, 0),
(336, 0, 0, 0, 0, 0, 0, 0),
(337, 0, 0, 0, 0, 0, 0, 0),
(338, 0, 0, 0, 0, 0, 0, 0),
(339, 0, 0, 0, 0, 0, 0, 0),
(340, 0, 0, 0, 0, 0, 0, 0),
(341, 0, 0, 0, 0, 0, 0, 0),
(342, 0, 0, 0, 0, 0, 0, 0),
(343, 0, 0, 0, 0, 0, 0, 0),
(344, 0, 0, 0, 0, 0, 0, 0),
(345, 0, 0, 0, 0, 0, 0, 0),
(346, 0, 0, 0, 0, 0, 0, 0),
(347, 0, 0, 0, 0, 0, 0, 0),
(348, 0, 0, 0, 0, 0, 0, 0),
(349, 0, 0, 0, 0, 0, 0, 0),
(350, 0, 0, 0, 0, 0, 0, 0),
(351, 0, 0, 0, 0, 0, 0, 0),
(352, 0, 0, 0, 0, 0, 0, 0),
(353, 0, 0, 0, 0, 0, 0, 0),
(354, 0, 0, 0, 0, 0, 0, 0),
(355, 0, 0, 0, 0, 0, 0, 0),
(356, 0, 0, 0, 0, 0, 0, 0),
(357, 0, 0, 0, 0, 0, 0, 0),
(358, 0, 0, 0, 0, 0, 0, 0),
(359, 0, 0, 0, 0, 0, 0, 0),
(360, 0, 0, 0, 0, 0, 0, 0),
(361, 0, 0, 0, 0, 0, 0, 0),
(362, 0, 0, 0, 0, 0, 0, 0),
(363, 0, 0, 0, 0, 0, 0, 0),
(364, 0, 0, 0, 0, 0, 0, 0),
(365, 0, 0, 0, 0, 0, 0, 0),
(366, 0, 0, 0, 0, 0, 0, 0),
(367, 0, 0, 0, 0, 0, 0, 0),
(368, 0, 0, 0, 0, 0, 0, 0),
(369, 0, 0, 0, 0, 0, 0, 0),
(370, 0, 0, 0, 0, 0, 0, 0),
(371, 0, 0, 0, 0, 0, 0, 0),
(372, 0, 0, 0, 0, 0, 0, 0),
(373, 0, 0, 0, 0, 0, 0, 0),
(374, 0, 0, 0, 0, 0, 0, 0),
(375, 0, 0, 0, 0, 0, 0, 0),
(376, 0, 0, 0, 0, 0, 0, 0),
(377, 0, 0, 0, 0, 0, 0, 0),
(378, 0, 0, 0, 0, 0, 0, 0),
(379, 0, 0, 0, 0, 0, 0, 0),
(380, 0, 0, 0, 0, 0, 0, 0),
(381, 0, 0, 0, 0, 0, 0, 0),
(382, 0, 0, 0, 0, 0, 0, 0),
(383, 0, 0, 0, 0, 0, 0, 0),
(384, 0, 0, 0, 0, 0, 0, 0),
(385, 0, 0, 0, 0, 0, 0, 0),
(386, 0, 0, 0, 0, 0, 0, 0),
(387, 0, 0, 0, 0, 0, 0, 0),
(388, 0, 0, 0, 0, 0, 0, 0),
(389, 0, 0, 0, 0, 0, 0, 0),
(390, 0, 0, 0, 0, 0, 0, 0),
(391, 0, 0, 0, 0, 0, 0, 0),
(392, 0, 0, 0, 0, 0, 0, 0),
(393, 0, 0, 0, 0, 0, 0, 0),
(394, 0, 0, 0, 0, 0, 0, 0),
(395, 0, 0, 0, 0, 0, 0, 0),
(396, 0, 0, 0, 0, 0, 0, 0),
(397, 0, 0, 0, 0, 0, 0, 0),
(398, 0, 0, 0, 0, 0, 0, 0),
(399, 0, 0, 0, 0, 0, 0, 0),
(400, 0, 0, 0, 0, 0, 0, 0),
(401, 0, 0, 0, 0, 0, 0, 0),
(402, 0, 0, 0, 0, 0, 0, 0),
(403, 0, 0, 0, 0, 0, 0, 0),
(404, 0, 0, 0, 0, 0, 0, 0),
(405, 0, 0, 0, 0, 0, 0, 0),
(406, 0, 0, 0, 0, 0, 0, 0),
(407, 0, 0, 0, 0, 0, 0, 0),
(408, 0, 0, 0, 0, 0, 0, 0),
(409, 0, 0, 0, 0, 0, 0, 0),
(410, 0, 0, 0, 0, 0, 0, 0),
(411, 0, 0, 0, 0, 0, 0, 0),
(412, 0, 0, 0, 0, 0, 0, 0),
(413, 0, 0, 0, 0, 0, 0, 0),
(414, 0, 0, 0, 0, 0, 0, 0),
(415, 0, 0, 0, 0, 0, 0, 0),
(416, 0, 0, 0, 0, 0, 0, 0),
(417, 0, 0, 0, 0, 0, 0, 0),
(418, 0, 0, 0, 0, 0, 0, 0),
(419, 0, 0, 0, 0, 0, 0, 0),
(420, 0, 0, 0, 0, 0, 0, 0),
(421, 0, 0, 0, 0, 0, 0, 0),
(422, 0, 0, 0, 0, 0, 0, 0),
(423, 0, 0, 0, 0, 0, 0, 0),
(424, 0, 0, 0, 0, 0, 0, 0),
(425, 0, 0, 0, 0, 0, 0, 0),
(426, 0, 0, 0, 0, 0, 0, 0),
(427, 0, 0, 0, 0, 0, 0, 0),
(428, 0, 0, 0, 0, 0, 0, 0),
(429, 0, 0, 0, 0, 0, 0, 0),
(430, 0, 0, 0, 0, 0, 0, 0),
(431, 0, 0, 0, 0, 0, 0, 0),
(432, 0, 0, 0, 0, 0, 0, 0),
(433, 0, 0, 0, 0, 0, 0, 0),
(434, 0, 0, 0, 0, 0, 0, 0),
(435, 0, 0, 0, 0, 0, 0, 0),
(436, 0, 0, 0, 0, 0, 0, 0),
(437, 0, 0, 0, 0, 0, 0, 0),
(438, 0, 0, 0, 0, 0, 0, 0),
(439, 0, 0, 0, 0, 0, 0, 0),
(440, 0, 0, 0, 0, 0, 0, 0),
(441, 0, 0, 0, 0, 0, 0, 0),
(442, 0, 0, 0, 0, 0, 0, 0),
(443, 0, 0, 0, 0, 0, 0, 0),
(444, 0, 0, 0, 0, 0, 0, 0),
(445, 0, 0, 0, 0, 0, 0, 0),
(446, 0, 0, 0, 0, 0, 0, 0),
(447, 0, 0, 0, 0, 0, 0, 0),
(448, 0, 0, 0, 0, 0, 0, 0),
(449, 0, 0, 0, 0, 0, 0, 0),
(450, 0, 0, 0, 0, 0, 0, 0),
(451, 0, 0, 0, 0, 0, 0, 0),
(452, 0, 0, 0, 0, 0, 0, 0),
(453, 0, 0, 0, 0, 0, 0, 0),
(454, 0, 0, 0, 0, 0, 0, 0),
(455, 0, 0, 0, 0, 0, 0, 0),
(456, 0, 0, 0, 0, 0, 0, 0),
(457, 0, 0, 0, 0, 0, 0, 0),
(458, 0, 0, 0, 0, 0, 0, 0),
(459, 0, 0, 0, 0, 0, 0, 0),
(460, 0, 0, 0, 0, 0, 0, 0),
(461, 0, 0, 0, 0, 0, 0, 0),
(462, 0, 0, 0, 0, 0, 0, 0),
(463, 0, 0, 0, 0, 0, 0, 0),
(464, 0, 0, 0, 0, 0, 0, 0),
(465, 0, 0, 0, 0, 0, 0, 0),
(466, 0, 0, 0, 0, 0, 0, 0),
(467, 0, 0, 0, 0, 0, 0, 0),
(468, 0, 0, 0, 0, 0, 0, 0),
(469, 0, 0, 0, 0, 0, 0, 0),
(470, 0, 0, 0, 0, 0, 0, 0),
(471, 0, 0, 0, 0, 0, 0, 0),
(472, 0, 0, 0, 0, 0, 0, 0),
(473, 0, 0, 0, 0, 0, 0, 0),
(474, 0, 0, 0, 0, 0, 0, 0),
(475, 0, 0, 0, 0, 0, 0, 0),
(476, 0, 0, 0, 0, 0, 0, 0),
(477, 0, 0, 0, 0, 0, 0, 0),
(478, 0, 0, 0, 0, 0, 0, 0),
(479, 0, 0, 0, 0, 0, 0, 0),
(480, 0, 0, 0, 0, 0, 0, 0),
(481, 0, 0, 0, 0, 0, 0, 0),
(482, 0, 0, 0, 0, 0, 0, 0),
(483, 0, 0, 0, 0, 0, 0, 0),
(484, 0, 0, 0, 0, 0, 0, 0),
(485, 0, 0, 0, 0, 0, 0, 0),
(486, 0, 0, 0, 0, 0, 0, 0),
(487, 0, 0, 0, 0, 0, 0, 0),
(488, 0, 0, 0, 0, 0, 0, 0),
(489, 0, 0, 0, 0, 0, 0, 0),
(490, 0, 0, 0, 0, 0, 0, 0),
(491, 0, 0, 0, 0, 0, 0, 0),
(492, 0, 0, 0, 0, 0, 0, 0),
(493, 0, 0, 0, 0, 0, 0, 0),
(494, 0, 0, 0, 0, 0, 0, 0),
(495, 0, 0, 0, 0, 0, 0, 0),
(496, 0, 0, 0, 0, 0, 0, 0),
(497, 0, 0, 0, 0, 0, 0, 0),
(498, 0, 0, 0, 0, 0, 0, 0),
(499, 0, 0, 0, 0, 0, 0, 0),
(500, 0, 0, 0, 0, 0, 0, 0),
(501, 0, 0, 0, 0, 0, 0, 0),
(502, 0, 0, 0, 0, 0, 0, 0),
(503, 0, 0, 0, 0, 0, 0, 0),
(504, 0, 0, 0, 0, 0, 0, 0),
(505, 0, 0, 0, 0, 0, 0, 0),
(506, 0, 0, 0, 0, 0, 0, 0),
(507, 0, 0, 0, 0, 0, 0, 0),
(508, 0, 0, 0, 0, 0, 0, 0),
(509, 0, 0, 0, 0, 0, 0, 0),
(510, 0, 0, 0, 0, 0, 0, 0),
(511, 0, 0, 0, 0, 0, 0, 0),
(512, 0, 0, 0, 0, 0, 0, 0),
(513, 0, 0, 0, 0, 0, 0, 0),
(514, 0, 0, 0, 0, 0, 0, 0),
(515, 0, 0, 0, 0, 0, 0, 0),
(516, 0, 0, 0, 0, 0, 0, 0),
(517, 0, 0, 0, 0, 0, 0, 0),
(518, 0, 0, 0, 0, 0, 0, 0),
(519, 0, 0, 0, 0, 0, 0, 0),
(520, 0, 0, 0, 0, 0, 0, 0),
(521, 0, 0, 0, 0, 0, 0, 0),
(522, 0, 0, 0, 0, 0, 0, 0),
(523, 0, 0, 0, 0, 0, 0, 0),
(524, 0, 0, 0, 0, 0, 0, 0),
(525, 0, 0, 0, 0, 0, 0, 0),
(526, 0, 0, 0, 0, 0, 0, 0),
(527, 0, 0, 0, 0, 0, 0, 0),
(528, 0, 0, 0, 0, 0, 0, 0),
(529, 0, 0, 0, 0, 0, 0, 0),
(530, 0, 0, 0, 0, 0, 0, 0),
(531, 0, 0, 0, 0, 0, 0, 0),
(532, 0, 0, 0, 0, 0, 0, 0),
(533, 0, 0, 0, 0, 0, 0, 0),
(534, 0, 0, 0, 0, 0, 0, 0),
(535, 0, 0, 0, 0, 0, 0, 0),
(536, 0, 0, 0, 0, 0, 0, 0),
(537, 0, 0, 0, 0, 0, 0, 0),
(538, 0, 0, 0, 0, 0, 0, 0),
(539, 0, 0, 0, 0, 0, 0, 0),
(540, 0, 0, 0, 0, 0, 0, 0),
(541, 0, 0, 0, 0, 0, 0, 0),
(542, 0, 0, 0, 0, 0, 0, 0),
(543, 0, 0, 0, 0, 0, 0, 0),
(544, 0, 0, 0, 0, 0, 0, 0),
(545, 0, 0, 0, 0, 0, 0, 0),
(546, 0, 0, 0, 0, 0, 0, 0),
(547, 0, 0, 0, 0, 0, 0, 0),
(548, 0, 0, 0, 0, 0, 0, 0),
(549, 0, 0, 0, 0, 0, 0, 0),
(550, 0, 0, 0, 0, 0, 0, 0),
(551, 0, 0, 0, 0, 0, 0, 0),
(552, 0, 0, 0, 0, 0, 0, 0),
(553, 0, 0, 0, 0, 0, 0, 0),
(554, 0, 0, 0, 0, 0, 0, 0),
(555, 0, 0, 0, 0, 0, 0, 0),
(556, 0, 0, 0, 0, 0, 0, 0),
(557, 0, 0, 0, 0, 0, 0, 0),
(558, 0, 0, 0, 0, 0, 0, 0),
(559, 0, 0, 0, 0, 0, 0, 0),
(560, 0, 0, 0, 0, 0, 0, 0),
(561, 0, 0, 0, 0, 0, 0, 0),
(562, 0, 0, 0, 0, 0, 0, 0),
(563, 0, 0, 0, 0, 0, 0, 0),
(564, 0, 0, 0, 0, 0, 0, 0),
(565, 0, 0, 0, 0, 0, 0, 0),
(566, 0, 0, 0, 0, 0, 0, 0),
(567, 0, 0, 0, 0, 0, 0, 0),
(568, 0, 0, 0, 0, 0, 0, 0),
(569, 0, 0, 0, 0, 0, 0, 0),
(570, 0, 0, 0, 0, 0, 0, 0),
(571, 0, 0, 0, 0, 0, 0, 0),
(572, 0, 0, 0, 0, 0, 0, 0),
(573, 0, 0, 0, 0, 0, 0, 0),
(574, 0, 0, 0, 0, 0, 0, 0),
(575, 0, 0, 0, 0, 0, 0, 0),
(576, 0, 0, 0, 0, 0, 0, 0),
(577, 0, 0, 0, 0, 0, 0, 0),
(578, 0, 0, 0, 0, 0, 0, 0),
(579, 0, 0, 0, 0, 0, 0, 0),
(580, 0, 0, 0, 0, 0, 0, 0),
(581, 0, 0, 0, 0, 0, 0, 0),
(582, 0, 0, 0, 0, 0, 0, 0),
(583, 0, 0, 0, 0, 0, 0, 0),
(584, 0, 0, 0, 0, 0, 0, 0),
(585, 0, 0, 0, 0, 0, 0, 0),
(586, 0, 0, 0, 0, 0, 0, 0),
(587, 0, 0, 0, 0, 0, 0, 0),
(588, 0, 0, 0, 0, 0, 0, 0),
(589, 0, 0, 0, 0, 0, 0, 0),
(590, 0, 0, 0, 0, 0, 0, 0),
(591, 0, 0, 0, 0, 0, 0, 0),
(592, 0, 0, 0, 0, 0, 0, 0),
(593, 0, 0, 0, 0, 0, 0, 0),
(594, 0, 0, 0, 0, 0, 0, 0),
(595, 0, 0, 0, 0, 0, 0, 0),
(596, 0, 0, 0, 0, 0, 0, 0),
(597, 0, 0, 0, 0, 0, 0, 0),
(598, 0, 0, 0, 0, 0, 0, 0),
(599, 0, 0, 0, 0, 0, 0, 0),
(600, 0, 0, 0, 0, 0, 0, 0),
(601, 0, 0, 0, 0, 0, 0, 0),
(602, 0, 0, 0, 0, 0, 0, 0),
(603, 0, 0, 0, 0, 0, 0, 0),
(604, 0, 0, 0, 0, 0, 0, 0),
(605, 0, 0, 0, 0, 0, 0, 0),
(606, 0, 0, 0, 0, 0, 0, 0),
(607, 0, 0, 0, 0, 0, 0, 0),
(608, 0, 0, 0, 0, 0, 0, 0),
(609, 0, 0, 0, 0, 0, 0, 0),
(610, 0, 0, 0, 0, 0, 0, 0),
(611, 0, 0, 0, 0, 0, 0, 0),
(612, 0, 0, 0, 0, 0, 0, 0),
(613, 0, 0, 0, 0, 0, 0, 0),
(614, 0, 0, 0, 0, 0, 0, 0),
(615, 0, 0, 0, 0, 0, 0, 0),
(616, 0, 0, 0, 0, 0, 0, 0),
(617, 0, 0, 0, 0, 0, 0, 0),
(618, 0, 0, 0, 0, 0, 0, 0),
(619, 0, 0, 0, 0, 0, 0, 0),
(620, 0, 0, 0, 0, 0, 0, 0);

-- --------------------------------------------------------

--
-- Table structure for table `tbl_obat`
--

CREATE TABLE `tbl_obat` (
  `id_obat` int(10) NOT NULL,
  `no_batch` varchar(50) DEFAULT NULL,
  `ex_date` varchar(50) DEFAULT NULL,
  `nama_obat` varchar(100) NOT NULL,
  `merek_obat` varchar(100) DEFAULT NULL,
  `kategori_obat` varchar(100) NOT NULL,
  `harga_beli` int(50) DEFAULT NULL,
  `harga_jual` int(100) DEFAULT NULL,
  `stok_obat` int(100) DEFAULT NULL
) ENGINE=InnoDB DEFAULT CHARSET=latin1;

--
-- Dumping data for table `tbl_obat`
--

INSERT INTO `tbl_obat` (`id_obat`, `no_batch`, `ex_date`, `nama_obat`, `merek_obat`, `kategori_obat`, `harga_beli`, `harga_jual`, `stok_obat`) VALUES
(10, '-', '-', 'Acarbose 50mg', 'Generik', 'TABLET-KAPLET-KAPSUL', 935, 2338, 80),
(11, '1000001', '2021-05-15', 'Acetylsistein 200mg', 'generik', 'TABLET-KAPLET-KAPSUL', 1283, 3208, 70),
(12, '-', '-', 'Aclycovir 200mg', 'generik', 'TABLET-KAPLET-KAPSUL', 665, 1638, 90),
(13, '-', '-', 'Aclycovir 400mg', 'generik', 'TABLET-KAPLET-KAPSUL', 912, 2338, 1263),
(14, '-', '-', 'Allystrenol 5mg', 'Pregnabion', 'TABLET-KAPLET-KAPSUL', 3338, 8470, 110),
(15, '-', '-', 'Albendazole', 'generik', 'TABLET-KAPLET-KAPSUL', 406, 1015, 200),
(16, '-', '-', 'Allopurinol 100 mg ', 'generik', 'TABLET-KAPLET-KAPSUL', 209, 523, 110),
(17, '-', '-', 'Allopurinol 300 mg  ', 'generik', 'TABLET-KAPLET-KAPSUL', 462, 1115, 200),
(18, '-', '-', 'Allopurinol 300 mg  ', 'selespurinol 300', 'TABLET-KAPLET-KAPSUL', 549, 1373, 200),
(19, '-', '-', 'Alpara ', '-', 'TABLET-KAPLET-KAPSUL', 597, 1492, 199),
(20, '-', '-', 'Ambeven ', '-', 'TABLET-KAPLET-KAPSUL', 1550, 3875, 200),
(21, '-', '-', 'Ambroxol 30 mg ', 'generik', 'TABLET-KAPLET-KAPSUL', 105, 450, 200),
(22, '-', '-', 'Aminophilin 200 mg ', 'generik', 'TABLET-KAPLET-KAPSUL', 186, 465, 190),
(23, '-', '-', 'Amlodipin 5 mg ', 'generik', 'TABLET-KAPLET-KAPSUL', 262, 1250, 200),
(24, '-', '-', 'Amlodipin 10 mg  ', 'generik', 'TABLET-KAPLET-KAPSUL', 549, 1372, 200),
(25, '-', '-', 'Amlodipin 10 mg  ', 'Trivask 10', 'TABLET-KAPLET-KAPSUL', 833, 2083, 200),
(26, '-', '-', 'Amoxilin 500 mg   ', 'generik', 'TABLET-KAPLET-KAPSUL', 329, 823, 190),
(27, '-', '-', 'Amoxilin 500 mg   ', 'Omemox', 'TABLET-KAPLET-KAPSUL', 938, 235, 200),
(28, '-', '-', 'Amoxilin 500 mg   ', 'Yusimox', 'TABLET-KAPLET-KAPSUL', 419, 1046, 200),
(29, '-', '-', 'Antasida 200 mg ', 'generik', 'TABLET-KAPLET-KAPSUL', 171, 427, 200),
(30, '-', '-', 'Antasida 250 mg  ', 'Carsida', 'TABLET-KAPLET-KAPSUL', 228, 570, 200),
(31, '-', '-', 'Antasida 250 mg  ', 'Magten', 'TABLET-KAPLET-KAPSUL', 240, 600, 200),
(32, '-', '-', 'Antasida 300 mg ', 'Magnidicon', 'TABLET-KAPLET-KAPSUL', 2178, 3049, 200),
(33, '-', '-', 'Antasida 400 mg ', 'Biomag', 'TABLET-KAPLET-KAPSUL', 276, 689, 200),
(34, '-', '-', 'Asam Folat 400 mcg ', 'Folarin', 'TABLET-KAPLET-KAPSUL', 135, 338, 200),
(35, '-', '-', 'Asam Folat 1000 mcg ', 'Anelat', 'TABLET-KAPLET-KAPSUL', 281, 701, 200),
(36, '-', '-', 'Asam Asetil Salisilat 80 mg  ', 'Aspilet Chew', 'TABLET-KAPLET-KAPSUL', 620, 1550, 210),
(37, '-', '-', 'Asam Asetil Salisilat 80 mg  ', 'Miniaspi', 'TABLET-KAPLET-KAPSUL', 276, 690, 210),
(38, '-', '-', 'Asam Asetil Salisilat 100 mg ', 'Aptor', 'TABLET-KAPLET-KAPSUL', 1800, 4500, 200),
(39, '-', '-', 'Asam Mefenamat 500 mg   ', 'generik', 'TABLET-KAPLET-KAPSUL', 308, 770, 200),
(40, '-', '-', 'Asam Mefenamat 500 mg   ', 'Cargersik', 'TABLET-KAPLET-KAPSUL', 379, 947, 190),
(41, '-', '-', 'Asam Mefenamat 500 mg   ', 'Trifastan', 'TABLET-KAPLET-KAPSUL', 401, 1003, 200),
(42, '-', '-', 'Asam Tranexamat    ', 'generik', 'TABLET-KAPLET-KAPSUL', 1050, 2625, 200),
(43, '-', '-', 'Asam Tranexamat    ', 'Nexitra', 'TABLET-KAPLET-KAPSUL', 1390, 3475, 200),
(44, '-', '-', 'Asam Tranexamat    ', 'Nutranex', 'TABLET-KAPLET-KAPSUL', 2789, 4462, 200),
(45, '-', '-', 'Asam Tranexamat    ', 'Tranec', 'TABLET-KAPLET-KAPSUL', 3575, 4648, 200),
(46, '-', '-', 'Attapulgite 600 mg  ', 'Akita', 'TABLET-KAPLET-KAPSUL', 218, 545, 190),
(47, '-', '-', 'Attapulgite 600 mg  ', 'Tagyt', 'TABLET-KAPLET-KAPSUL', 446, 1115, 190),
(48, '-', '-', 'Atorvastatin 10 mg ', 'generik', 'TABLET-KAPLET-KAPSUL', 2200, 5500, 200),
(49, '-', '-', 'Atorvastatin 20 mg ', 'generik', 'TABLET-KAPLET-KAPSUL', 3300, 5016, 190),
(50, '-', '-', 'Azthromycin 500 mg ', 'generik', 'TABLET-KAPLET-KAPSUL', 3960, 7920, 190),
(51, '-', '-', 'Betahistin 6 mg  ', 'generik', 'TABLET-KAPLET-KAPSUL', 785, 1962, 200),
(52, '-', '-', 'Betahistin 6 mg  ', 'Histigo', 'TABLET-KAPLET-KAPSUL', 550, 1375, 200),
(53, '-', '-', 'Bisacodyl 5 mg ', 'Laxana', 'TABLET-KAPLET-KAPSUL', 550, 1375, 200),
(54, '-', '-', 'Bisoprolol 2,5 mg ', 'Concor', 'TABLET-KAPLET-KAPSUL', 6550, 8515, 210),
(55, '-', '-', 'Bisoprolol 5 mg ', 'generik', 'TABLET-KAPLET-KAPSUL', 545, 2322, 210),
(56, '-', '-', 'Bromhexin 8 mg   ', 'Bromedcyl', 'TABLET-KAPLET-KAPSUL', 163, 408, 200),
(57, '-', '-', 'Bromhexin 8 mg   ', 'Bronex', 'TABLET-KAPLET-KAPSUL', 175, 438, 210),
(58, '-', '-', 'Bromhexin 8 mg   ', 'Bronkris', 'TABLET-KAPLET-KAPSUL', 170, 425, 200),
(59, '-', '-', 'Bromhexin 8 mg & GG 100 mg  ', 'Graxine', 'TABLET-KAPLET-KAPSUL', 210, 525, 200),
(60, '-', '-', 'Bromhexin 8 mg & GG 100 mg  ', 'Bromifar Plus', 'TABLET-KAPLET-KAPSUL', 200, 500, 210),
(61, '-', '-', 'Captopril 12,5 mg ', 'generik', 'TABLET-KAPLET-KAPSUL', 125, 313, 200),
(62, '-', '-', 'Captopril 25 mg  ', 'generik', 'TABLET-KAPLET-KAPSUL', 207, 519, 200),
(63, '-', '-', 'Captopril 25 mg  ', 'Famoten', 'TABLET-KAPLET-KAPSUL', 244, 611, 180),
(64, '-', '-', 'Candesartan 8 mg ', 'generik', 'TABLET-KAPLET-KAPSUL', 2406, 6016, 190),
(65, '-', '-', 'Candesartan 16 mg ', 'generik', 'TABLET-KAPLET-KAPSUL', 3630, 9075, 200),
(66, '-', '-', 'Caviplex ', '-', 'TABLET-KAPLET-KAPSUL', 750, 1875, 220),
(67, '-', '-', 'Cefadroxil 500 mg ', 'generik', 'TABLET-KAPLET-KAPSUL', 1100, 2750, 200),
(68, '-', '-', 'Cefixime 100 mg ', 'generik', 'TABLET-KAPLET-KAPSUL', 1001, 2503, 200),
(69, '-', '-', 'Cefixime 200 mg ', 'generik', 'TABLET-KAPLET-KAPSUL', 3667, 5501, 200),
(70, '-', '-', 'Cetirizine 10 mg ', 'generik', 'TABLET-KAPLET-KAPSUL', 350, 875, 200),
(71, '-', '-', 'Cholcicine 0,5 mg ', 'generik', 'TABLET-KAPLET-KAPSUL', 2500, 6250, 200),
(72, '-', '-', 'Ciprofloxacin 500 mg  ', 'generik', 'TABLET-KAPLET-KAPSUL', 528, 1320, 210),
(73, '-', '-', 'Ciprofloxacin 500 mg  ', 'Foligra', 'TABLET-KAPLET-KAPSUL', 1000, 2500, 210),
(74, '-', '-', 'Ciproheptadine ', 'Proman', 'TABLET-KAPLET-KAPSUL', 286, 715, 200),
(75, '-', '-', 'Citicolin 500 mg ', 'generik', 'TABLET-KAPLET-KAPSUL', 5005, 7508, 200),
(76, '-', '-', 'Clindamicin 300 mg  ', 'generik', 'TABLET-KAPLET-KAPSUL', 1425, 3561, 200),
(77, '-', '-', 'Clindamicin 300 mg  ', 'Milorin', 'TABLET-KAPLET-KAPSUL', 2260, 5651, 200),
(78, '-', '-', 'Clomiphene Citrate 50 mg  ', 'Profetril', 'TABLET-KAPLET-KAPSUL', 19000, 33250, 200),
(79, '-', '-', 'Clomiphene Citrate 50 mg  ', 'Gp-Fertil', 'TABLET-KAPLET-KAPSUL', 15373, 34896, 200),
(80, '-', '-', 'Clopidogrel 75 mg ', 'generik', 'TABLET-KAPLET-KAPSUL', 3850, 9625, 210),
(81, '-', '-', 'Co-Enzym Q10 ', 'Nuzym', 'TABLET-KAPLET-KAPSUL', 7150, 9653, 210),
(82, '-', '-', 'Colpica ', '-', 'TABLET-KAPLET-KAPSUL', 320, 800, 200),
(83, '-', '-', 'Coparcetin ', '-', 'TABLET-KAPLET-KAPSUL', 345, 863, 200),
(84, '-', '-', 'Cotrimoxazol 480   ', 'generik', 'TABLET-KAPLET-KAPSUL', 216, 540, 200),
(85, '-', '-', 'Cotrimoxazol 480   ', 'Miratrim 480', 'TABLET-KAPLET-KAPSUL', 285, 713, 200),
(86, '-', '-', 'Cotrimoxazol 960 ', 'Miratrim 960', 'BEDAK-SALEP-SUPPO', 509, 1273, 200),
(87, '-', '-', 'CTM 4 mg  ', 'generik', 'TABLET-KAPLET-KAPSUL', 72, 180, 200),
(88, '-', '-', 'CTM 4 mg  ', 'Aleron', 'BEDAK-SALEP-SUPPO', 40, 100, 200),
(89, '-', '-', 'Curcuma  ', 'generik', 'TABLET-KAPLET-KAPSUL', 1100, 2750, 200),
(90, '-', '-', 'Curcuma  ', 'Cavicur', 'TABLET-KAPLET-KAPSUL', 600, 1500, 200),
(91, '-', '-', 'Demacolin ', '-', 'TABLET-KAPLET-KAPSUL', 450, 1125, 200),
(92, '-', '-', 'Dextromethorpan & Noscapain ', 'Tilomix', 'BEDAK-SALEP-SUPPO', 720, 1800, 200),
(93, '-', '-', 'Dexamethason 0,5 mg   ', 'generik', 'TABLET-KAPLET-KAPSUL', 166, 415, 200),
(94, '-', '-', 'Dexamethason 0,5 mg   ', 'Cabidu 0,5', 'TABLET-KAPLET-KAPSUL', 198, 495, 200),
(95, '-', '-', 'Dexamethason 0,5 mg   ', 'Trifason 0,5', 'TABLET-KAPLET-KAPSUL', 126, 315, 200),
(96, '-', '-', 'Dexamethason 0,5 mg & Dexctm 2 mg   ', 'Bufacaril', 'TABLET-KAPLET-KAPSUL', 200, 500, 200),
(97, '-', '-', 'Dexamethason 0,5 mg & Dexctm 2 mg   ', 'Galafaclor', 'TABLET-KAPLET-KAPSUL', 166, 416, 200),
(98, '-', '-', 'Dexamethason 0,5 mg & Dexctm 2 mg   ', 'Prodex', 'TABLET-KAPLET-KAPSUL', 500, 1250, 190),
(99, '-', '-', 'Dexamethason 0,75 mg ', 'Cabidru 0,75', 'TABLET-KAPLET-KAPSUL', 150, 375, 200),
(100, '-', '-', 'Digoxin 0,25 mg  ', 'generik', 'TABLET-KAPLET-KAPSUL', 155, 388, 200),
(101, '-', '-', 'Digoxin 0,25 mg  ', 'Fargoxin', 'TABLET-KAPLET-KAPSUL', 265, 661, 200),
(102, '-', '-', 'Diltiazem 30 mg ', 'generik', 'TABLET-KAPLET-KAPSUL', 175, 438, 200),
(103, '-', '-', 'Dimenhidrinat 50 mg ', 'Mantino', 'TABLET-KAPLET-KAPSUL', 213, 533, 210),
(104, '-', '-', 'Difenhidramin 25 mg ', 'Sominal', 'TABLET-KAPLET-KAPSUL', 215, 538, 200),
(105, '-', '-', 'Domperidone 10 mg  ', 'generik', 'TABLET-KAPLET-KAPSUL', 430, 1075, 200),
(106, '-', '-', 'Domperidone 10 mg  ', 'Hufadon', 'TABLET-KAPLET-KAPSUL', 170, 424, 210),
(107, '-', '-', 'Echinacea ', '-', 'TABLET-KAPLET-KAPSUL', 2197, 5493, 200),
(108, '-', '-', 'Eprison HCl  ', 'Folerax', 'TABLET-KAPLET-KAPSUL', 5170, 7497, 200),
(109, '-', '-', 'Eprison HCl  ', 'Relaxon', 'TABLET-KAPLET-KAPSUL', 641, 1603, 200),
(110, '-', '-', 'Erdostein ', 'generik', 'TABLET-KAPLET-KAPSUL', 2310, 5082, 200),
(111, '-', '-', 'Ergotamin Caffeine ', 'generik', 'TABLET-KAPLET-KAPSUL', 185, 463, 210),
(112, '-', '-', 'Erytromicin 500 mg   ', 'generik', 'TABLET-KAPLET-KAPSUL', 1306, 3266, 200),
(113, '-', '-', 'Erytromicin 500 mg   ', 'Eryra', 'TABLET-KAPLET-KAPSUL', 870, 2175, 200),
(114, '-', '-', 'Ethinylestradiol & Levonorgestrel    ', 'Pil KB BKKPN', 'TABLET-KAPLET-KAPSUL', 0, 0, 200),
(115, '-', '-', 'Ethinylestradiol & Levonorgestrel    ', 'Andalan Biru', 'TABLET-KAPLET-KAPSUL', 4750, 9025, 200),
(116, '-', '-', 'Ethinylestradiol & Levonorgestrel    ', 'Mycrogynon', 'TABLET-KAPLET-KAPSUL', 14750, 20060, 200),
(117, '-', '-', 'Ethinylestradiol & Levonorgestrel    ', 'Pilkab', 'TABLET-KAPLET-KAPSUL', 3750, 5375, 210),
(118, '-', '-', 'Ethinylestradiol, Levonorgestrel, & Fe ', 'Andalan Hijau', 'TABLET-KAPLET-KAPSUL', 9300, 16740, 200),
(119, '-', '-', 'FG Troches ', '-', 'TABLET-KAPLET-KAPSUL', 1027, 2568, 200),
(120, '-', '-', 'Flucadex ', '-', 'TABLET-KAPLET-KAPSUL', 578, 1445, 200),
(121, '-', '-', 'Flunarizine 5 mg   ', 'Funar', 'TABLET-KAPLET-KAPSUL', 620, 2170, 200),
(122, '-', '-', 'Flunarizine 5 mg   ', 'Seremig', 'TABLET-KAPLET-KAPSUL', 620, 1550, 200),
(123, '-', '-', 'Furosemid 40 mg  ', 'generik', 'TABLET-KAPLET-KAPSUL', 142, 355, 200),
(124, '-', '-', 'Furosemid 40 mg  ', 'Farsiretik', 'TABLET-KAPLET-KAPSUL', 219, 547, 200),
(125, '-', '-', 'Gabapentin 300 mg ', 'generik', 'TABLET-KAPLET-KAPSUL', 5000, 12500, 200),
(126, '-', '-', 'Gemfibrozil 300 mg ', 'generik', 'TABLET-KAPLET-KAPSUL', 600, 1500, 200),
(127, '-', '-', 'Gestiamin Plus ', '-', 'TABLET-KAPLET-KAPSUL', 1613, 4033, 200),
(128, '-', '-', 'Glyceryl Guaicolate 100 mg ', 'generik', 'TABLET-KAPLET-KAPSUL', 85, 213, 200),
(129, '-', '-', 'Glibenclamide 5 mg ', 'genrik', 'TABLET-KAPLET-KAPSUL', 256, 640, 200),
(130, '-', '-', 'Glimepiride 1 mg ', 'generik', 'TABLET-KAPLET-KAPSUL', 303, 758, 210),
(131, '-', '-', 'Glimepiride 2 mg ', 'generik', 'TABLET-KAPLET-KAPSUL', 572, 1430, 200),
(132, '-', '-', 'Glukosamin 250 mg ', 'genrik', 'TABLET-KAPLET-KAPSUL', 660, 1650, 200),
(133, '-', '-', 'Glukosamin 500 mg ', 'generik', 'TABLET-KAPLET-KAPSUL', 1850, 4625, 200),
(134, '-', '-', 'Griesofulvin ', 'Gricin', 'TABLET-KAPLET-KAPSUL', 285, 713, 200),
(135, '-', '-', 'Herbatia Sari Ayu ', '-', 'TABLET-KAPLET-KAPSUL', 1815, 4538, 200),
(136, '-', '-', 'Herbatia Sari Rapet ', '-', 'TABLET-KAPLET-KAPSUL', 1815, 4538, 200),
(137, '-', '-', 'Herbatia Sari Putih ', '-', 'TABLET-KAPLET-KAPSUL', 1000, 2500, 200),
(138, '-', '-', 'Herbatia Sari Langsing ', '-', 'TABLET-KAPLET-KAPSUL', 1000, 2500, 200),
(139, '-', '-', 'Hyoscine ', 'Buscopan', 'TABLET-KAPLET-KAPSUL', 3436, 5497, 200),
(140, '-', '-', 'Hyoscine & Paresetamol ', 'Gencopan Plus', 'TABLET-KAPLET-KAPSUL', 1045, 2613, 200),
(141, '-', '-', 'Ibuprofen 200 ', 'Farsifen 200', 'TABLET-KAPLET-KAPSUL', 227, 568, 200),
(142, '-', '-', 'Ibuprofen 400 mg  ', 'generik', 'TABLET-KAPLET-KAPSUL', 422, 1056, 210),
(143, '-', '-', 'Ibuprofen 400 mg  ', 'Parsifen 400', 'TABLET-KAPLET-KAPSUL', 369, 923, 200),
(144, '-', '-', 'Ibuprofen, Coffein, & PCT ', 'Parsien Plus', 'TABLET-KAPLET-KAPSUL', 279, 697, 200),
(145, '-', '-', 'ISDN 5 mg ', 'generik', 'TABLET-KAPLET-KAPSUL', 163, 408, 200),
(146, '-', '-', 'Isoxsuprine 20 mg  ', 'Histolan', 'TABLET-KAPLET-KAPSUL', 6362, 15905, 200),
(147, '-', '-', 'Isoxsuprine 20 mg  ', 'Tonoton', 'TABLET-KAPLET-KAPSUL', 3850, 9625, 200),
(148, '-', '-', 'Kalium Diklofenak 50 mg  ', 'generik', 'TABLET-KAPLET-KAPSUL', 750, 1875, 200),
(149, '-', '-', 'Kalium Diklofenak 50 mg  ', 'Protaflam', 'TABLET-KAPLET-KAPSUL', 264, 660, 200),
(150, '-', '-', 'Kalsium    ', 'generik', 'TABLET-KAPLET-KAPSUL', 750, 1875, 200),
(151, '-', '-', 'Kalsium    ', 'Calsifar', 'TABLET-KAPLET-KAPSUL', 145, 363, 200),
(152, '-', '-', 'Kalsium    ', 'Trifacalc', 'TABLET-KAPLET-KAPSUL', 194, 681, 200),
(153, '-', '-', 'Kalsium & Vitamin D ', 'Calcid', 'TABLET-KAPLET-KAPSUL', 1613, 4033, 200),
(154, '-', '-', 'Ketokonazole 200 mg ', 'generik', 'TABLET-KAPLET-KAPSUL', 875, 2188, 200),
(155, '-', '-', 'Lansoprazol 30 mg ', 'generik', 'TABLET-KAPLET-KAPSUL', 1225, 3063, 200),
(156, '-', '-', 'Levonorgestrol 0,75 mg  ', 'Postinor', 'TABLET-KAPLET-KAPSUL', 24200, 60500, 200),
(157, '-', '-', 'Levonorgestrol 0,75 mg  ', 'Velenor', 'TABLET-KAPLET-KAPSUL', 12500, 31250, 200),
(158, '-', '-', 'Levofloxacin 500 mg ', 'generik', 'TABLET-KAPLET-KAPSUL', 750, 1875, 210),
(159, '-', '-', 'Lisinopril 5 mg ', 'generik', 'TABLET-KAPLET-KAPSUL', 484, 1210, 200),
(160, '-', '-', 'Lisinopril 10 mg ', 'generik', 'TABLET-KAPLET-KAPSUL', 673, 1683, 200),
(161, '-', '-', 'Livapro ', '-', 'TABLET-KAPLET-KAPSUL', 12100, 30250, 200),
(162, '-', '-', 'Loperamide 2 mg   ', 'Antilida', 'TABLET-KAPLET-KAPSUL', 250, 625, 200),
(163, '-', '-', 'Loperamide 2 mg   ', 'Bidium', 'TABLET-KAPLET-KAPSUL', 115, 289, 200),
(164, '-', '-', 'Loperamide 2 mg   ', 'Primodiar', 'TABLET-KAPLET-KAPSUL', 180, 450, 200),
(165, '-', '-', 'Loratadin 10 mg ', 'generik', 'TABLET-KAPLET-KAPSUL', 412, 1030, 200),
(166, '-', '-', 'Lynestrenol 0,5 mg ', 'Andalan Laktasi', 'TABLET-KAPLET-KAPSUL', 11500, 15065, 200),
(167, '-', '-', 'Medroxyprogesteron ', 'Protyra', 'TABLET-KAPLET-KAPSUL', 3800, 9500, 200),
(168, '-', '-', 'Meloxicam 7,5 mg ', 'generik', 'TABLET-KAPLET-KAPSUL', 628, 1570, 200),
(169, '-', '-', 'Meloxicam 15 mg ', 'generik', 'TABLET-KAPLET-KAPSUL', 700, 1750, 200),
(170, '-', '-', 'Metamizole 500 mg ', 'Trifalgin', 'TABLET-KAPLET-KAPSUL', 282, 706, 200),
(171, '-', '-', 'Metamizole 500 mg & BC  ', 'Biomega', 'TABLET-KAPLET-KAPSUL', 711, 1778, 200),
(172, '-', '-', 'Metamizole 500 mg & BC  ', 'Nevaprion', 'TABLET-KAPLET-KAPSUL', 450, 1125, 200),
(173, '-', '-', 'Metamizole, Beladona, & Papaverin ', 'Saminal', 'TABLET-KAPLET-KAPSUL', 606, 1515, 200),
(174, '-', '-', 'Metformin 500 mg  ', 'generik', 'TABLET-KAPLET-KAPSUL', 185, 463, 200),
(175, '-', '-', 'Metformin 500 mg  ', 'Gludepic', 'TABLET-KAPLET-KAPSUL', 266, 666, 200),
(176, '-', '-', 'Metformin XR 750 mg ', '-', 'TABLET-KAPLET-KAPSUL', 737, 1843, 200),
(177, '-', '-', 'Methylergometrine 0,125 mg ', 'generik', 'TABLET-KAPLET-KAPSUL', 274, 685, 200),
(178, '-', '-', 'Metilprednisolon 4 mg ', 'generik', 'TABLET-KAPLET-KAPSUL', 545, 1134, 200),
(179, '-', '-', 'Metoclopramide 10 mg  ', 'generik', 'TABLET-KAPLET-KAPSUL', 155, 388, 200),
(180, '-', '-', 'Metronidazole 500 mg  ', 'generik', 'TABLET-KAPLET-KAPSUL', 277, 693, 200),
(181, '-', '-', 'Metronidazole 500 mg  ', 'Farizol', 'TABLET-KAPLET-KAPSUL', 502, 1204, 200),
(182, '-', '-', 'Misoprostol ', 'Misotab', 'TABLET-KAPLET-KAPSUL', 20833, 35416, 200),
(183, '-', '-', 'Natrium Bicarbonate 500 mg ', 'generik', 'TABLET-KAPLET-KAPSUL', 45, 113, 199),
(184, '-', '-', 'Natrium Diklofenak 50 mg   ', 'generik', 'TABLET-KAPLET-KAPSUL', 281, 701, 200),
(185, '-', '-', 'Natrium Diklofenak 50 mg   ', 'Fanaren', 'TABLET-KAPLET-KAPSUL', 231, 578, 200),
(186, '-', '-', 'Natrium Diklofenak 50 mg   ', 'Samcoenac', 'TABLET-KAPLET-KAPSUL', 131, 327, 200),
(187, '-', '-', 'Nifedipin 10 mg ', 'generik', 'TABLET-KAPLET-KAPSUL', 228, 570, 200),
(188, '-', '-', 'Nitrogliserin 2,5 mg ', 'Nitrokaf Retard', 'TABLET-KAPLET-KAPSUL', 1560, 3900, 200),
(189, '-', '-', 'Norethisterone 5 mg   ', 'Luteron', 'TABLET-KAPLET-KAPSUL', 4216, 10540, 199),
(190, '-', '-', 'Omegdiar ', '-', 'TABLET-KAPLET-KAPSUL', 230, 575, 200),
(191, '-', '-', 'Omeprazole 20 mg  ', 'generik', 'TABLET-KAPLET-KAPSUL', 415, 1038, 200),
(192, '-', '-', 'Omeprazole 20 mg  ', 'Etagastrin', 'TABLET-KAPLET-KAPSUL', 471, 1178, 200),
(193, '-', '-', 'Ondancentron 4 mg ', 'generik', 'TABLET-KAPLET-KAPSUL', 1144, 2860, 200),
(194, '-', '-', 'Ondancentron 8 mg ', 'generik', 'TABLET-KAPLET-KAPSUL', 1216, 3039, 200),
(195, '-', '-', 'Oralit ', 'Ramolit', 'TABLET-KAPLET-KAPSUL', 600, 1500, 200),
(196, '-', '-', 'Pancreatin & Simethicone ', 'Zepazym', 'TABLET-KAPLET-KAPSUL', 3025, 5506, 200),
(197, '-', '-', 'Paracetamol 500 mg    ', 'generik', 'TABLET-KAPLET-KAPSUL', 458, 1145, 200),
(198, '-', '-', 'Paracetamol 500 mg    ', 'Fasidol', 'TABLET-KAPLET-KAPSUL', 188, 215, 200),
(199, '-', '-', 'Paracetamol 500 mg    ', 'Mirasic', 'TABLET-KAPLET-KAPSUL', 386, 965, 200),
(200, '-', '-', 'Paracetamol 500 mg    ', 'Sanmol', 'TABLET-KAPLET-KAPSUL', 335, 838, 200),
(201, '-', '-', 'Parasetamol 600 mg ', 'Paramol Forte', 'TABLET-KAPLET-KAPSUL', 255, 638, 200),
(202, '-', '-', 'Parasetamol 650 mg  ', 'Grafadon Forte', 'TABLET-KAPLET-KAPSUL', 305, 763, 200),
(203, '-', '-', 'Parasetamol 650 mg  ', 'Mirasic Forte', 'TABLET-KAPLET-KAPSUL', 400, 1000, 200),
(204, '-', '-', 'Parasetamol & Coffeine  ', 'Fasidol Plus', 'TABLET-KAPLET-KAPSUL', 261, 654, 200),
(205, '-', '-', 'Parasetamol & Coffeine  ', 'Mirasic Plus', 'TABLET-KAPLET-KAPSUL', 310, 775, 200),
(206, '-', '-', 'Pelancar ASI  ', 'Herbatia Sari Asi', 'TABLET-KAPLET-KAPSUL', 1700, 4250, 200),
(207, '-', '-', 'Pelancar ASI  ', 'Vitonal Asi', 'TABLET-KAPLET-KAPSUL', 1140, 2850, 200),
(208, '-', '-', 'Pil Kb Neyna ', '-', 'TABLET-KAPLET-KAPSUL', 64000, 104690, 200),
(209, '-', '-', 'Pil Kb Trinordiol ', '-', 'TABLET-KAPLET-KAPSUL', 10000, 16500, 200),
(210, '-', '-', 'Pil Sutra Perkasa ', '-', 'TABLET-KAPLET-KAPSUL', 6250, 15625, 200),
(211, '-', '-', 'Piracetam 800 mg  ', 'generik', 'TABLET-KAPLET-KAPSUL', 669, 1673, 200),
(212, '-', '-', 'Piracetam 800 mg  ', 'Sevotam 800', 'TABLET-KAPLET-KAPSUL', 645, 1611, 200),
(213, '-', '-', 'Piracetam 1200 mg ', 'generik', 'TABLET-KAPLET-KAPSUL', 1130, 2825, 200),
(214, '-', '-', 'Piroxicam 10 mg ', 'generik', 'TABLET-KAPLET-KAPSUL', 240, 600, 200),
(215, '-', '-', 'Piroxicam 20 mg ', 'generik', 'TABLET-KAPLET-KAPSUL', 168, 420, 200),
(216, '-', '-', 'Prednisone 5 mg ', 'generik', 'TABLET-KAPLET-KAPSUL', 180, 288, 200),
(217, '-', '-', 'Probiotik  ', 'Lacbon Granul', 'TABLET-KAPLET-KAPSUL', 3630, 9075, 200),
(218, '-', '-', 'Probiotik  ', 'Lacto B', 'TABLET-KAPLET-KAPSUL', 7464, 14928, 200),
(219, '-', '-', 'Pseudoefedrin & Tripolidine   ', 'Eflin', 'TABLET-KAPLET-KAPSUL', 1240, 3100, 200),
(220, '-', '-', 'Pseudoefedrin & Tripolidine   ', 'Neo Protified', 'TABLET-KAPLET-KAPSUL', 711, 1779, 200),
(221, '-', '-', 'Pseudoefedrin & Tripolidine   ', 'Rhinofed', 'TABLET-KAPLET-KAPSUL', 1856, 4640, 200),
(222, '-', '-', 'Ranitidine 150 mg ', 'generik', 'TABLET-KAPLET-KAPSUL', 262, 655, 200),
(223, '-', '-', 'Salbutamol & Teofilin  ', 'Teolas', 'TABLET-KAPLET-KAPSUL', 140, 350, 200),
(224, '-', '-', 'Salbutamol & Teofilin  ', 'Teosal', 'TABLET-KAPLET-KAPSUL', 209, 523, 200),
(225, '-', '-', 'Salbutamol 2 mg ', 'generik', 'TABLET-KAPLET-KAPSUL', 107, 269, 200),
(226, '-', '-', 'Salbutamol 4 mg ', 'generik', 'TABLET-KAPLET-KAPSUL', 145, 363, 200),
(227, '-', '-', 'Simethicone 50 mg ', 'Dysflatil', 'TABLET-KAPLET-KAPSUL', 600, 1500, 200),
(228, '-', '-', 'Simvastatin 10 mg ', 'generik', 'TABLET-KAPLET-KAPSUL', 500, 1250, 200),
(229, '-', '-', 'Simvastatin 20 mg ', 'generik', 'TABLET-KAPLET-KAPSUL', 715, 1788, 200),
(230, '-', '-', 'Spinorolacton 100 mg ', 'generik', 'TABLET-KAPLET-KAPSUL', 450, 1125, 200),
(231, '-', '-', 'Tablet Tambah Darah   ', 'Etabion', 'TABLET-KAPLET-KAPSUL', 500, 1250, 200),
(232, '-', '-', 'Tablet Tambah Darah   ', 'Huabion', 'TABLET-KAPLET-KAPSUL', 267, 667, 200),
(233, '-', '-', 'Tablet Tambah Darah   ', 'Fitonal F', 'TABLET-KAPLET-KAPSUL', 575, 1438, 200),
(234, '-', '-', 'Tera F ', '-', 'TABLET-KAPLET-KAPSUL', 330, 825, 200),
(235, '-', '-', 'Tetracycline 500 mg ', 'Novobiotik', 'TABLET-KAPLET-KAPSUL', 380, 950, 200),
(236, '-', '-', 'Thiamphenicol 500 mg  ', 'Dinicol', 'TABLET-KAPLET-KAPSUL', 850, 2125, 200),
(237, '-', '-', 'Thiamphenicol 500 mg  ', 'Thiamfilex', 'TABLET-KAPLET-KAPSUL', 847, 2118, 200),
(238, '-', '-', 'Tranabat ', '-', 'TABLET-KAPLET-KAPSUL', 334, 835, 200),
(239, '-', '-', 'Tranaflu ', '-', 'TABLET-KAPLET-KAPSUL', 320, 800, 200),
(240, '-', '-', 'Ursodeoxycholic Acid 250 mg  ', 'generik', 'TABLET-KAPLET-KAPSUL', 11500, 28750, 200),
(241, '-', '-', 'Ursodeoxycholic Acid 250 mg  ', 'Urdafalk', 'TABLET-KAPLET-KAPSUL', 11500, 28750, 200),
(242, '-', '-', 'Vitamin A ', 'generik', 'TABLET-KAPLET-KAPSUL', 50, 125, 200),
(243, '-', '-', 'Vitamin B1 50 mg  ', 'generik', 'TABLET-KAPLET-KAPSUL', 213, 533, 200),
(244, '-', '-', 'Vitamin B1 100 mg ', 'generik', 'TABLET-KAPLET-KAPSUL', 221, 553, 200),
(245, '-', '-', 'Vitamin B6  ', 'generik', 'TABLET-KAPLET-KAPSUL', 115, 288, 200),
(246, '-', '-', 'Vitamin B6 & Pyrathiazine  ', 'Pontyamer', 'TABLET-KAPLET-KAPSUL', 2386, 4653, 200),
(247, '-', '-', 'Vitamin B6 & Pyrathiazine  ', 'Voldiamer', 'TABLET-KAPLET-KAPSUL', 2904, 5663, 200),
(248, '-', '-', 'Vitamin B12 ', 'generik', 'TABLET-KAPLET-KAPSUL', 138, 346, 200),
(249, '-', '-', 'Vitamin B1 dan B2 ', 'Alinamin F', 'TABLET-KAPLET-KAPSUL', 1420, 3550, 200),
(250, '-', '-', 'Vitamin B1, B6, & B12   ', 'Beneuron', 'TABLET-KAPLET-KAPSUL', 375, 938, 200),
(251, '-', '-', 'Vitamin B1, B6, & B12   ', 'Fenero', 'TABLET-KAPLET-KAPSUL', 550, 1496, 200),
(252, '-', '-', 'Vitamin B1, B6, & B12   ', 'Selesbion', 'TABLET-KAPLET-KAPSUL', 380, 1075, 200),
(253, '-', '-', 'Vitamin B1, B6, B12, & Ca ', 'Selesbion Plus', 'TABLET-KAPLET-KAPSUL', 395, 1161, 200),
(254, '-', '-', 'Vitamin B Kompleks (BC) ', 'generik', 'TABLET-KAPLET-KAPSUL', 85, 259, 200),
(255, '-', '-', 'Vitamin C 50 mg ', 'generik', 'TABLET-KAPLET-KAPSUL', 120, 300, 200),
(256, '-', '-', 'Vitamin C & BC     ', 'Akravit C', 'TABLET-KAPLET-KAPSUL', 750, 1875, 200),
(257, '-', '-', 'Vitamin C & BC     ', 'Samcobrex', 'TABLET-KAPLET-KAPSUL', 900, 2250, 200),
(258, '-', '-', 'Vitamin C & BC     ', 'Selcom C', 'TABLET-KAPLET-KAPSUL', 1011, 2527, 200),
(259, '-', '-', 'Vitamin C & BC     ', 'Selcom C Gold', 'TABLET-KAPLET-KAPSUL', 1029, 2573, 200),
(260, '-', '-', 'Vitamin E ', 'Evigra', 'TABLET-KAPLET-KAPSUL', 550, 1375, 200),
(261, '-', '-', 'Vitamin E & BC ', 'Evitop', 'TABLET-KAPLET-KAPSUL', 850, 2125, 200),
(262, '-', '-', 'Vitamin K 10 mg  ', 'generik', 'TABLET-KAPLET-KAPSUL', 750, 1875, 200),
(263, '-', '-', 'Vitonal Genio ', '-', 'TABLET-KAPLET-KAPSUL', 2425, 6063, 200),
(264, '-', '-', 'Zink 20 mg  ', 'generik', 'TABLET-KAPLET-KAPSUL', 506, 1265, 200),
(265, '-', '-', 'Zink 20 mg  ', 'Zipha', 'TABLET-KAPLET-KAPSUL', 576, 1295, 200),
(266, '-', '-', 'Alprazolam 0,5 mg  ', 'Alganax 0,5 mg', 'PSIKOTROPIK-NARKOTIK-OOT', 3850, 8085, 200),
(267, '-', '-', 'Alprazolam 0,5 mg  ', 'Calmlet 0,5mg', 'PSIKOTROPIK-NARKOTIK-OOT', 2640, 6600, 200),
(268, '-', '-', 'Amitriptilin ', 'generik', 'PSIKOTROPIK-NARKOTIK-OOT', 0, 0, 0),
(269, '-', '-', 'Clidinium dan Clhordiazepoxide  ', 'clivid', 'PSIKOTROPIK-NARKOTIK-OOT', 1080, 2700, 200),
(270, '-', '-', 'Clidinium dan Clhordiazepoxide  ', 'Melidox', 'PSIKOTROPIK-NARKOTIK-OOT', 1331, 3860, 200),
(271, '-', '-', 'Clobazam ', 'generik', 'PSIKOTROPIK-NARKOTIK-OOT', 0, 0, 0),
(273, '-', '-', 'Codein 10 mg ', 'generik', 'PSIKOTROPIK-NARKOTIK-OOT', 623, 1558, 210),
(274, '-', '-', 'Diazepam 5 mg ', 'generik', 'PSIKOTROPIK-NARKOTIK-OOT', 273, 1502, 200),
(275, '-', '-', 'Diazepam Inj 10 mg/ 2 mL   ', 'generik', 'PSIKOTROPIK-NARKOTIK-OOT', 9628, 27564, 200),
(276, '-', '-', 'Diazepam Inj 10 mg/ 2 mL   ', 'Stesolid', 'PSIKOTROPIK-NARKOTIK-OOT', 11440, 28600, 200),
(277, '-', '-', 'Diazepam dan Metamizole ', 'Proneuron', 'PSIKOTROPIK-NARKOTIK-OOT', 1230, 3496, 200),
(278, '-', '-', 'Diazepam Suppo 5 mg/ 2,5 mL  ', 'Stesolid Suppo 5mg', 'PSIKOTROPIK-NARKOTIK-OOT', 26136, 39204, 200),
(279, '-', '-', 'Diazepam Suppo 10 mg/ 2,5 mL  ', 'Stesolid Supp 10mg', 'PSIKOTROPIK-NARKOTIK-OOT', 25640, 38460, 200),
(280, '-', '-', 'Tramadol ', 'generik', 'PSIKOTROPIK-NARKOTIK-OOT', 515, 2010, 200),
(281, '-', '-', 'Tramadol & Parasetamol ', 'Pirexin Extra', 'PSIKOTROPIK-NARKOTIK-OOT', 5445, 8875, 200),
(282, '-', '-', 'Tramadol Injeksi 100 mg/ 2 mL  ', 'generik', 'PSIKOTROPIK-NARKOTIK-OOT', 2640, 15048, 209),
(283, '-', '-', 'Anacetin ', '-', 'SIRUP-DROP', 6679, 16998, 210),
(284, '-', '-', 'Ambroxol  ', 'Ambrocol', 'SIRUP-DROP', 7480, 18700, 200),
(285, '-', '-', 'Ambroxol  ', 'Molapect', 'SIRUP-DROP', 6600, 16500, 200),
(286, '-', '-', 'Amoxilin Drop ', '-', 'SIRUP-DROP', 0, 0, 0),
(287, '-', '-', 'Amoxicillin 125 mg/ 5 mL  ', 'Yusimox', 'SIRUP-DROP', 4100, 10250, 200),
(288, '-', '-', 'Amoxicillin 250 mg/ 5 mL  ', 'Amobiotik DS', 'SIRUP-DROP', 17820, 31185, 200),
(289, '-', '-', 'Amoxicillin 250 mg/ 5 mL  ', 'Yusimox Forte', 'SIRUP-DROP', 5800, 14500, 200),
(290, '-', '-', 'Antasida 200 mg/ 5 mL ', 'generik', 'SIRUP-DROP', 3649, 9123, 200),
(291, '-', '-', 'Antasida 250 mg & Simetikon 50 mg/ 5 mL ', 'Carsida', 'SIRUP-DROP', 6439, 15873, 200),
(292, '-', '-', 'Antasida 300 mg & Simetikon 30 mg/ 5 mL  ', 'Stomach', 'SIRUP-DROP', 3828, 9570, 200),
(293, '-', '-', 'Antasida 300 mg & Simetikon 30 mg/ 5 mL  ', 'Trianta', 'SIRUP-DROP', 4201, 10502, 200),
(294, '-', '-', 'Antasida 400 mg & Simetikon 50 mg/ 5 mL ', 'Bufatacid Forte', 'SIRUP-DROP', 8250, 20625, 210),
(295, '-', '-', 'Apyalis Drop ', '-', 'SIRUP-DROP', 49500, 74250, 200),
(296, '-', '-', 'Apyalis Sirup ', '-', 'SIRUP-DROP', 40000, 48000, 210),
(297, '-', '-', 'Bronchitin ', '-', 'SIRUP-DROP', 6300, 15750, 210),
(298, '-', '-', 'Caviplex ', '-', 'SIRUP-DROP', 10263, 26568, 200),
(299, '-', '-', 'Cefadroxil 125 mg/5 mL  ', 'generik', 'SIRUP-DROP', 13379, 33448, 210),
(300, '-', '-', 'Cefadroxil 125 mg/5 mL  ', 'Lostacef', 'SIRUP-DROP', 7038, 17595, 200),
(301, '-', '-', 'Cefadroxil 250 mg/ 5 mL ', 'Lotacef Forte', 'SIRUP-DROP', 10800, 27000, 200),
(302, '-', '-', 'Cefixime 100 mg/ 5 mL  ', 'generik', 'SIRUP-DROP', 10800, 27000, 200),
(303, '-', '-', 'Cefixime 100 mg/ 5 mL  ', 'Helixime', 'SIRUP-DROP', 14850, 37125, 200),
(304, '-', '-', 'Cetirizin 5 mg/5 mL  ', 'generik', 'SIRUP-DROP', 11850, 20734, 200),
(305, '-', '-', 'Cetirizin 5 mg/5 mL  ', 'Lerzin', 'SIRUP-DROP', 6000, 15000, 200),
(306, '-', '-', 'Colfin ', '-', 'SIRUP-DROP', 7350, 18375, 200),
(307, '-', '-', 'Coparcetin  ', '-', 'SIRUP-DROP', 7500, 18750, 200),
(308, '-', '-', 'Cotrimoxazol 240 mg/ mL   ', 'Fasiprim', 'SIRUP-DROP', 4400, 11000, 200),
(309, '-', '-', 'Cotrimoxazol 240 mg/ mL   ', 'Sosiprim', 'SIRUP-DROP', 4200, 10501, 190),
(310, '-', '-', 'Curcuma dan Multivitamin  ', 'Cavicur', 'SIRUP-DROP', 10600, 26500, 200),
(311, '-', '-', 'Curcuma dan Multivitamin  ', 'Etacurvita', 'SIRUP-DROP', 6650, 16625, 200),
(312, '-', '-', 'Curcuma dan Echinacea ', 'Cabertis', 'SIRUP-DROP', 12675, 31687, 190),
(313, '-', '-', 'Delstrum ', '-', 'SIRUP-DROP', 18700, 46750, 200),
(314, '-', '-', 'Demacolin ', '-', 'SIRUP-DROP', 13900, 27900, 200),
(315, '-', '-', 'Domperidone 5 mg/5 mL  ', 'Genpridon', 'SIRUP-DROP', 3696, 9240, 200),
(316, '-', '-', 'Domperidone 5 mg/5 mL  ', 'Vesperum', 'SIRUP-DROP', 4350, 10874, 200),
(317, '-', '-', 'Ferriz Drop  ', '-', 'SIRUP-DROP', 30000, 45000, 200),
(318, '-', '-', 'Flucadex ', '-', 'SIRUP-DROP', 9900, 24751, 200),
(319, '-', '-', 'Ibuprofen 100mg/5 mL     ', 'Etafen', 'SIRUP-DROP', 4438, 11095, 200),
(320, '-', '-', 'Ibuprofen 100mg/5 mL     ', 'Parsifen', 'SIRUP-DROP', 4500, 11250, 200),
(321, '-', '-', 'Ibuprofen 100mg/5 mL     ', 'Tiafen', 'SIRUP-DROP', 7000, 17500, 200),
(322, '-', '-', 'Ibuprofen 100mg/5 mL     ', 'Oraprofen', 'SIRUP-DROP', 4700, 11750, 200),
(323, '-', '-', 'Itrabat ', '-', 'SIRUP-DROP', 9668, 24219, 200),
(324, '-', '-', 'Kaolin Pektin  ', 'Kanina', 'SIRUP-DROP', 3500, 8750, 200),
(325, '-', '-', 'Kaolin Pektin  ', 'Neo Kaominal', 'SIRUP-DROP', 5599, 13999, 200),
(326, '-', '-', 'Kompolax ', '-', 'SIRUP-DROP', 7600, 19000, 200),
(327, '-', '-', 'Loratadin  ', 'Lorihis', 'SIRUP-DROP', 8200, 20500, 200),
(328, '-', '-', 'Loratadin  ', 'Omelegar', 'SIRUP-DROP', 4250, 10625, 200),
(329, '-', '-', 'Metoclopramide ', 'Vosea', 'SIRUP-DROP', 4600, 11500, 200),
(330, '-', '-', 'Metronidazole  ', 'Novagyl', 'SIRUP-DROP', 7500, 18750, 200),
(331, '-', '-', 'Metronidazole  ', 'Omenizol', 'SIRUP-DROP', 5060, 12650, 200),
(332, '-', '-', 'Metronidazole  ', 'Omenizol', 'SIRUP-DROP', 5050, 12560, 200),
(333, '-', '-', 'Millsen ', '-', 'SIRUP-DROP', 4900, 12250, 200),
(334, '-', '-', 'Minivita-DHA ', '-', 'SIRUP-DROP', 16500, 41250, 200),
(335, '-', '-', 'Nystatin   ', 'generik', 'SIRUP-DROP', 21780, 43560, 200),
(336, '-', '-', 'Nystatin   ', 'Cazetin', 'SIRUP-DROP', 17500, 43750, 200),
(337, '-', '-', 'OBH ', '-', 'SIRUP-DROP', 4675, 11688, 200),
(338, '-', '-', 'Ondancentron ', 'Odane', 'SIRUP-DROP', 90000, 94500, 200),
(339, '-', '-', 'Parasetamol Drops   ', 'Alpamol', 'SIRUP-DROP', 10010, 25025, 200),
(340, '-', '-', 'Parasetamol Drops   ', 'Fasidol', 'SIRUP-DROP', 8400, 21000, 200),
(341, '-', '-', 'Parasetamol Drops   ', 'Grafadon', 'SIRUP-DROP', 8900, 22250, 200),
(342, '-', '-', 'Parasetamol 120 mg/5 mL    ', 'Kamolas', 'SIRUP-DROP', 4365, 10912, 200),
(343, '-', '-', 'Parasetamol 120 mg/5 mL    ', 'Novagesik', 'SIRUP-DROP', 4000, 10000, 200),
(344, '-', '-', 'Parasetamol 120 mg/5 mL    ', 'Pacetik', 'SIRUP-DROP', 3700, 9250, 200),
(345, '-', '-', 'Parasetamol 160 mg/ 5 mL  ', 'Contrexyn', 'SIRUP-DROP', 5500, 8250, 200),
(346, '-', '-', 'Parasetamol 250 mg/5 mL ', 'Obapa', 'SIRUP-DROP', 13063, 30045, 200),
(347, '-', '-', 'Pseudoefedrin 7,5 mg/0,8 mL   ', 'Devosix', 'SIRUP-DROP', 35000, 87500, 200),
(348, '-', '-', 'Pseudoefedrin 7,5 mg/0,8 mL   ', 'Edrin', 'SIRUP-DROP', 44000, 57200, 200),
(349, '-', '-', 'Stimuno ', '-', 'SIRUP-DROP', 23650, 59125, 200),
(350, '-', '-', 'Sukralfat 60 mL  ', 'Molafart', 'SIRUP-DROP', 13500, 23625, 200),
(351, '-', '-', 'Sukralfat 100 mL    ', 'generik', 'SIRUP-DROP', 21560, 53900, 200),
(352, '-', '-', 'Sukralfat 100 mL    ', 'Lipespa', 'SIRUP-DROP', 13000, 32500, 200),
(353, '-', '-', 'Sukralfat 100 mL    ', 'Mucifart', 'SIRUP-DROP', 38852, 58278, 200),
(354, '-', '-', 'Thiampenichol  ', 'Dionicol', 'SIRUP-DROP', 10000, 25000, 200),
(355, '-', '-', 'Tranabat ', '-', 'SIRUP-DROP', 12000, 3000, 200),
(356, '-', '-', 'Tranaflu ', '-', 'SIRUP-DROP', 10450, 26125, 200),
(357, '-', '-', 'Truvit ', '-', 'SIRUP-DROP', 31680, 55123, 200),
(358, '-', '-', 'Wybert ', '-', 'SIRUP-DROP', 9999, 24998, 200),
(359, '-', '-', 'Zink ', '-', 'SIRUP-DROP', 10000, 25000, 200),
(360, '-', '-', 'Betadin 30 mL ', '-', 'BEDAK-SALEP-SUPPO', 10000, 25000, 200),
(361, '-', '-', 'Betametason ', '-', 'BEDAK-SALEP-SUPPO', 3000, 7500, 200),
(362, '-', '-', 'Betason N ', '-', 'BEDAK-SALEP-SUPPO', 12599, 31498, 200),
(363, '-', '-', 'Boraginol N ', '-', 'BEDAK-SALEP-SUPPO', 86000, 111800, 200),
(364, '-', '-', 'BoraginoL S ', '-', 'BEDAK-SALEP-SUPPO', 117000, 152100, 200),
(365, '-', '-', 'Borax Gliserin (GOM) ', '-', 'BEDAK-SALEP-SUPPO', 3021, 7552, 200),
(366, '-', '-', 'Bufacomb  ', '-', 'BEDAK-SALEP-SUPPO', 22000, 38500, 200),
(367, '-', '-', 'Burnazin ', '-', 'BEDAK-SALEP-SUPPO', 63500, 82550, 200),
(368, '-', '-', 'Carmed 10% ', '-', 'BEDAK-SALEP-SUPPO', 31900, 60610, 200),
(369, '-', '-', 'Carmed 20% ', '-', 'BEDAK-SALEP-SUPPO', 41030, 71803, 200),
(370, '-', '-', 'Cendo Cenfresh Botol ', '-', 'BEDAK-SALEP-SUPPO', 36828, 64499, 200),
(371, '-', '-', 'Cendo Cenfresh Minidose ', '-', 'BEDAK-SALEP-SUPPO', 5500, 9625, 200),
(372, '-', '-', 'Clonitia  ', '-', 'BEDAK-SALEP-SUPPO', 14520, 36300, 200),
(373, '-', '-', 'Dermifar ', '-', 'BEDAK-SALEP-SUPPO', 7000, 17500, 200),
(374, '-', '-', 'Emla 5% Cream (Lidocain) ', '-', 'BEDAK-SALEP-SUPPO', 50000, 0, 200),
(375, '-', '-', 'Erlamicetin Salep Mata ', '-', 'BEDAK-SALEP-SUPPO', 10000, 25000, 200),
(376, '-', '-', 'Erlamicetin Tetes Mata ', '-', 'BEDAK-SALEP-SUPPO', 10000, 25000, 200),
(377, '-', '-', 'Erlamicetin  Plus Tetes Mata ', '-', 'BEDAK-SALEP-SUPPO', 1210, 30250, 200),
(378, '-', '-', 'Erlamicetin Tetes Telinga ', '-', 'BEDAK-SALEP-SUPPO', 7508, 18769, 200),
(379, '-', '-', 'Erlavin Tetes Hidung ', '-', 'BEDAK-SALEP-SUPPO', 15000, 37500, 200),
(380, '-', '-', 'Forumen ', '-', 'BEDAK-SALEP-SUPPO', 32500, 81250, 200),
(381, '-', '-', 'Gentamicin Salep Kulit    ', 'generik', 'BEDAK-SALEP-SUPPO', 3500, 8750, 200),
(382, '-', '-', 'Gentamicin Salep Kulit', 'Genalten', 'BEDAK-SALEP-SUPPO', 3350, 8375, 200),
(383, '-', '-', 'Gentamicin Salep Kulit    ', 'Genoint', 'BEDAK-SALEP-SUPPO', 5500, 13750, 200),
(384, '-', '-', 'Gentamicin Salep Kulit    ', 'Gentalex', 'BEDAK-SALEP-SUPPO', 2681, 6703, 200),
(385, '-', '-', 'Gentamicin Salep Mata  ', 'generik', 'BEDAK-SALEP-SUPPO', 6000, 15000, 200),
(386, '-', '-', 'Gentamicin Salep Mata  ', 'Genoint SM', 'BEDAK-SALEP-SUPPO', 7300, 18250, 200),
(387, '-', '-', 'Gentamicyn Tetes Mata ', 'Genoint TM', 'BEDAK-SALEP-SUPPO', 9059, 22646, 200),
(388, '-', '-', 'Gentamicyn Tetes Mata/Telinga ', 'Sagestam', 'BEDAK-SALEP-SUPPO', 31205, 78012, 200),
(389, '-', '-', 'H202 3% 100 cc ', '-', 'BEDAK-SALEP-SUPPO', 12000, 30000, 200),
(390, '-', '-', 'HICO Heparin ', '-', 'BEDAK-SALEP-SUPPO', 15500, 38750, 200),
(391, '-', '-', 'Hidrocortison ', '-', 'BEDAK-SALEP-SUPPO', 5000, 12500, 200),
(392, '-', '-', 'Ketokonazole ', '-', 'BEDAK-SALEP-SUPPO', 4666, 11665, 200),
(393, '-', '-', 'Miconazole ', '-', 'BEDAK-SALEP-SUPPO', 4500, 11250, 200),
(394, '-', '-', 'Neocenta ', '-', 'BEDAK-SALEP-SUPPO', 10900, 27250, 200),
(395, '-', '-', 'New Astar ', '-', 'BEDAK-SALEP-SUPPO', 8650, 21625, 200),
(396, '-', '-', 'Nisagon ', '-', 'BEDAK-SALEP-SUPPO', 5100, 12750, 200),
(397, '-', '-', 'Nufacort ', '-', 'BEDAK-SALEP-SUPPO', 5665, 14163, 200),
(398, '-', '-', 'Otopain ', '-', 'BEDAK-SALEP-SUPPO', 62000, 80500, 200),
(399, '-', '-', 'Ofloflaxin ', '-', 'BEDAK-SALEP-SUPPO', 75000, 97500, 200),
(400, '-', '-', 'Pantocain ', '-', 'BEDAK-SALEP-SUPPO', 50000, 65000, 200),
(401, '-', '-', 'Reco Tetes Telinga ', '-', 'BEDAK-SALEP-SUPPO', 7000, 17500, 200),
(402, '-', '-', 'Salep 24 ', '-', 'BEDAK-SALEP-SUPPO', 3300, 8250, 200),
(403, '-', '-', 'Scabimite 10 gram ', '-', 'BEDAK-SALEP-SUPPO', 32000, 59840, 200),
(404, '-', '-', 'Scabimite 30 gram ', '-', 'BEDAK-SALEP-SUPPO', 75000, 112500, 200),
(405, '-', '-', 'Supp Buraginol N ', '-', 'BEDAK-SALEP-SUPPO', 15500, 38750, 200),
(406, '-', '-', 'Supp Microlax ', '-', 'BEDAK-SALEP-SUPPO', 19649, 25543, 200),
(407, '-', '-', 'Supp Profenid ', '-', 'BEDAK-SALEP-SUPPO', 17500, 35000, 200),
(408, '-', '-', 'Supp Proris ', '-', 'BEDAK-SALEP-SUPPO', 6500, 16250, 200),
(409, '-', '-', 'Supp Superhoid  ', '-', 'BEDAK-SALEP-SUPPO', 4750, 11875, 200),
(410, '-', '-', 'Supp Triolac  ', '-', 'BEDAK-SALEP-SUPPO', 10040, 25100, 200),
(411, '-', '-', 'Supp Pyrexin 80 mg  ', '-', 'BEDAK-SALEP-SUPPO', 8000, 20000, 200),
(412, '-', '-', 'Supp Pyrexin 160 mg  ', '-', 'BEDAK-SALEP-SUPPO', 8000, 20000, 200),
(413, '-', '-', 'Synalten ', '-', 'BEDAK-SALEP-SUPPO', 4700, 11750, 200),
(414, '-', '-', 'Synarcus ', '-', 'BEDAK-SALEP-SUPPO', 3400, 8500, 200),
(415, '-', '-', 'Trombogel 10 gr ', '-', 'BEDAK-SALEP-SUPPO', 40828, 61234, 200),
(416, '-', '-', 'Trombophop Ointment 20 mg ', '-', 'BEDAK-SALEP-SUPPO', 56000, 84000, 200),
(417, '-', '-', 'Voltaren ', '-', 'BEDAK-SALEP-SUPPO', 26405, 39608, 200),
(418, '-', '-', 'Acyclovir 5 gram ', '-', 'BEDAK-SALEP-SUPPO', 3300, 8250, 200),
(419, '-', '-', 'Alletrol Salep Mata ', '-', 'BEDAK-SALEP-SUPPO', 11000, 22000, 200),
(420, '-', '-', 'Alletrol Tetes Mata ', '-', 'BEDAK-SALEP-SUPPO', 14360, 35900, 200),
(421, '-', '-', 'Alkohol 70% 100 mL  ', '-', 'BEDAK-SALEP-SUPPO', 6500, 16250, 200),
(422, '-', '-', 'Alkohol 70% 300 mL  ', '-', 'BEDAK-SALEP-SUPPO', 8142, 20354, 200),
(423, '-', '-', 'Alkohol 70 % 1 L ', '-', 'BEDAK-SALEP-SUPPO', 47000, 0, 200),
(424, '-', '-', 'Alkohol 70% 5 L ', '-', 'BEDAK-SALEP-SUPPO', 226875, 0, 0),
(425, '-', '-', 'Babycare ', '-', 'BEDAK-SALEP-SUPPO', 22000, 38500, 200),
(426, '-', '-', 'Bedak Salisil 60 gram ', '-', 'BEDAK-SALEP-SUPPO', 7083, 17708, 200),
(427, '-', '-', 'Betadin 1 L ', '-', 'BEDAK-SALEP-SUPPO', 55000, 0, 0),
(428, '-', '-', 'Betadin 5 mL ', '-', 'BEDAK-SALEP-SUPPO', 5000, 12500, 200),
(429, '-', '-', 'Betadin 15 mL ', '-', 'BEDAK-SALEP-SUPPO', 7500, 18750, 200),
(430, '-', '-', 'Adona (Carbazochrom Sodium) ', '-', 'INJEKSI-CAIRAN-NEBUL', 19000, 47500, 200),
(431, '-', '-', 'Alinamin F ', '-', 'INJEKSI-CAIRAN-NEBUL', 17000, 42500, 200),
(432, '-', '-', 'Aminofluid ', '-', 'INJEKSI-CAIRAN-NEBUL', 67590, 168875, 200),
(433, '-', '-', 'Aminophilin ', '-', 'INJEKSI-CAIRAN-NEBUL', 7796, 23389, 200),
(434, '-', '-', 'Asering ', '-', 'INJEKSI-CAIRAN-NEBUL', 25000, 62500, 200),
(435, '-', '-', 'Asam Traneksamat ', '-', 'INJEKSI-CAIRAN-NEBUL', 11500, 34500, 200),
(436, '-', '-', 'Atropin ', '-', 'INJEKSI-CAIRAN-NEBUL', 3600, 25200, 200),
(437, '-', '-', 'Benodon ', '-', 'INJEKSI-CAIRAN-NEBUL', 16500, 41250, 200),
(438, '-', '-', 'Calsium Glukonas ', '-', 'INJEKSI-CAIRAN-NEBUL', 24250, 60635, 200),
(439, '-', '-', 'Cefotaxim ', '-', 'INJEKSI-CAIRAN-NEBUL', 9357, 40235, 200),
(440, '-', '-', 'Ceftriaxon 1 gram ', '-', 'INJEKSI-CAIRAN-NEBUL', 13000, 35750, 200),
(441, '-', '-', 'Citicolin 250 mg/ 2 mL ', '-', 'INJEKSI-CAIRAN-NEBUL', 8663, 25988, 200),
(442, '-', '-', 'Citicolin 500 mg/ 4 mL ', '-', 'INJEKSI-CAIRAN-NEBUL', 15000, 45000, 200),
(443, '-', '-', 'Combivent ', '-', 'INJEKSI-CAIRAN-NEBUL', 9500, 50065, 200),
(444, '-', '-', 'Cortison Asetat ', '-', 'INJEKSI-CAIRAN-NEBUL', 17500, 43750, 200),
(445, '-', '-', 'Cyclofem ', '-', 'INJEKSI-CAIRAN-NEBUL', 8828, 22070, 200),
(446, '-', '-', 'D5 ', '-', 'INJEKSI-CAIRAN-NEBUL', 16946, 42365, 200),
(447, '-', '-', 'D5 1/2 NS ', '-', 'INJEKSI-CAIRAN-NEBUL', 16946, 42365, 200),
(448, '-', '-', 'D5 1/4 NS ', '-', 'INJEKSI-CAIRAN-NEBUL', 16949, 42365, 200),
(449, '-', '-', 'D10% ', '-', 'INJEKSI-CAIRAN-NEBUL', 18500, 46250, 200),
(450, '-', '-', 'D40% ', '-', 'INJEKSI-CAIRAN-NEBUL', 10010, 25025, 200),
(451, '-', '-', 'Depo ', '-', 'INJEKSI-CAIRAN-NEBUL', 2500, 6250, 200),
(452, '-', '-', 'Dexamethasone 5 mg/mL  ', 'generik', 'INJEKSI-CAIRAN-NEBUL', 2500, 16250, 200),
(453, '-', '-', 'Diphenhydramin  ', 'Recodryl', 'INJEKSI-CAIRAN-NEBUL', 5400, 13500, 200),
(454, '-', '-', 'Diphenhydramin  ', 'Sidiadryl', 'INJEKSI-CAIRAN-NEBUL', 5500, 13750, 200),
(455, '-', '-', 'Dopamine ', '-', 'INJEKSI-CAIRAN-NEBUL', 49005, 100460, 200),
(456, '-', '-', 'Ephineprin ', '-', 'INJEKSI-CAIRAN-NEBUL', 12100, 30250, 200),
(457, '-', '-', 'Ephedrin ', '-', 'INJEKSI-CAIRAN-NEBUL', 19000, 34960, 200),
(458, '-', '-', 'Furosemide   ', 'generik', 'INJEKSI-CAIRAN-NEBUL', 5000, 15000, 200),
(459, '-', '-', 'Furosemide   ', 'Edemin', 'INJEKSI-CAIRAN-NEBUL', 5500, 16500, 200),
(460, '-', '-', 'Furosemide   ', 'Farsic', 'INJEKSI-CAIRAN-NEBUL', 5500, 16500, 200),
(461, '-', '-', 'Futrolit ', '-', 'INJEKSI-CAIRAN-NEBUL', 39261, 78523, 200),
(462, '-', '-', 'Gentamicin ', '-', 'INJEKSI-CAIRAN-NEBUL', 8800, 22000, 200),
(463, '-', '-', 'Hyoscine-butilbromida  ', 'generik', 'INJEKSI-CAIRAN-NEBUL', 8800, 30800, 200),
(464, '-', '-', 'Hyoscine-butilbromida  ', 'Busscopan', 'INJEKSI-CAIRAN-NEBUL', 35000, 88750, 200),
(465, '-', '-', 'KAEN 3B ', '-', 'INJEKSI-CAIRAN-NEBUL', 25000, 62500, 200),
(466, '-', '-', 'Ketorolac 30 mg ', '-', 'INJEKSI-CAIRAN-NEBUL', 6600, 19800, 200),
(467, '-', '-', 'Lantus ', '-', 'INJEKSI-CAIRAN-NEBUL', 500, 1250, 200),
(468, '-', '-', 'Levofloxacin ', '-', 'INJEKSI-CAIRAN-NEBUL', 40000, 100000, 200),
(469, '-', '-', 'Lidocain ', '-', 'INJEKSI-CAIRAN-NEBUL', 1950, 15015, 200),
(470, '-', '-', 'Mersibion ', '-', 'INJEKSI-CAIRAN-NEBUL', 5500, 20625, 200),
(471, '-', '-', 'Metamizole  ', 'generik', 'INJEKSI-CAIRAN-NEBUL', 9500, 29450, 200),
(472, '-', '-', 'Metamizole  ', 'Norages', 'INJEKSI-CAIRAN-NEBUL', 5970, 20896, 200),
(473, '-', '-', 'Metilprednisolon ', '-', 'INJEKSI-CAIRAN-NEBUL', 35000, 87500, 200),
(474, '-', '-', 'Metochlopramide 10 mg/2 mL ', '-', 'INJEKSI-CAIRAN-NEBUL', 9000, 22500, 200),
(475, '-', '-', 'Methylergometrin ', '-', 'INJEKSI-CAIRAN-NEBUL', 17000, 42500, 200),
(476, '-', '-', 'Metronidazole ', '-', 'INJEKSI-CAIRAN-NEBUL', 17600, 60016, 200),
(477, '-', '-', 'MGSO4 20% ', '-', 'INJEKSI-CAIRAN-NEBUL', 15000, 37500, 200),
(478, '-', '-', 'MGSO4 40% ', '-', 'INJEKSI-CAIRAN-NEBUL', 35000, 87500, 200),
(479, '-', '-', 'Neurotropic ', '-', 'INJEKSI-CAIRAN-NEBUL', 8100, 20250, 200),
(480, '-', '-', 'Nichardiphin ', '-', 'INJEKSI-CAIRAN-NEBUL', 135000, 202500, 200),
(481, '-', '-', 'NS 100 ml ', '-', 'INJEKSI-CAIRAN-NEBUL', 9500, 23750, 200),
(482, '-', '-', 'NS 500 ml ', '-', 'INJEKSI-CAIRAN-NEBUL', 9000, 31500, 200),
(483, '-', '-', 'Oksitosin ', 'Tiacinon', 'INJEKSI-CAIRAN-NEBUL', 15000, 37500, 200),
(484, '-', '-', 'Omeprazole 40 mg ', '-', 'INJEKSI-CAIRAN-NEBUL', 22500, 67500, 200),
(485, '-', '-', 'Ondancentron 4 mg/ 2 ml ', '-', 'INJEKSI-CAIRAN-NEBUL', 7700, 25025, 200),
(486, '-', '-', 'Ondancentron 8 mg/ 4 ml ', '-', 'INJEKSI-CAIRAN-NEBUL', 6336, 25334, 200),
(487, '-', '-', 'Pantoprazol ', '-', 'INJEKSI-CAIRAN-NEBUL', 30000, 120000, 200),
(488, '-', '-', 'Parasetamol ', '-', 'INJEKSI-CAIRAN-NEBUL', 32208, 80250, 200),
(489, '-', '-', 'Pehacain ', '-', 'INJEKSI-CAIRAN-NEBUL', 3500, 12250, 200),
(490, '-', '-', 'Piracetam 3 g ', '-', 'INJEKSI-CAIRAN-NEBUL', 11500, 31625, 200),
(491, '-', '-', 'Ranitidin 50 mg/ 2 mL ', '-', 'INJEKSI-CAIRAN-NEBUL', 3500, 16625, 200),
(492, '-', '-', 'RD5 ', '-', 'INJEKSI-CAIRAN-NEBUL', 14400, 36000, 200),
(493, '-', '-', 'Ringer Lactate (RL) ', '-', 'INJEKSI-CAIRAN-NEBUL', 8500, 31875, 200),
(494, '-', '-', 'Terbutalin ', 'Niaret', 'INJEKSI-CAIRAN-NEBUL', 26400, 53912, 200),
(495, '-', '-', 'Triklofem ', '-', 'INJEKSI-CAIRAN-NEBUL', 9413, 23533, 200),
(496, '-', '-', 'Vaksin Hb0 ', '-', 'INJEKSI-CAIRAN-NEBUL', 0, 0, 0),
(497, '-', '-', 'Ventolin ', '-', 'INJEKSI-CAIRAN-NEBUL', 12000, 50040, 200),
(498, '-', '-', 'Vitamin B1 ', '-', 'INJEKSI-CAIRAN-NEBUL', 6500, 16250, 200),
(499, '-', '-', 'Vitamin B12 ', '-', 'INJEKSI-CAIRAN-NEBUL', 6200, 15500, 200),
(500, '-', '-', 'Vitamin C ', 'Probio-C', 'INJEKSI-CAIRAN-NEBUL', 42350, 105875, 200),
(501, '-', '-', 'Vitamin K ', 'Tiavit K', 'INJEKSI-CAIRAN-NEBUL', 8300, 24900, 200),
(502, '-', '-', 'WFI ', '-', 'INJEKSI-CAIRAN-NEBUL', 6606, 16516, 200),
(503, '-', '-', 'Widahes ', '-', 'INJEKSI-CAIRAN-NEBUL', 181912, 300155, 200),
(504, '-', '-', 'Abocath/ Venvlon 16 ', '-', 'BMHP', 5000, 32500, 202),
(505, '-', '-', 'Abocath/ Venvlon 18 ', '-', 'BMHP', 5000, 32500, 200),
(506, '-', '-', 'Abocath/ Venvlon 20 ', '-', 'BMHP', 5000, 32500, 200),
(507, '-', '-', 'Abocath/ Venvlon 22 ', '-', 'BMHP', 5000, 32500, 200),
(508, '-', '-', 'Abocath/ Venvlon 24 ', '-', 'BMHP', 5000, 32500, 200),
(509, '-', '-', 'Abocath/ Venvlon 26 ', '-', 'BMHP', 6600, 42900, 200),
(510, '-', '-', 'Alkohol Swab ', '-', 'BMHP', 0, 0, 0),
(511, '-', '-', 'Bandage 7,5 cm x 4,5 m ', '-', 'BMHP', 12500, 5000, 200),
(512, '-', '-', 'Bandage 15 cm x 4,5 m ', '-', 'BMHP', 101850, 132405, 200),
(513, '-', '-', 'Blood Lancet ', '-', 'BMHP', 210, 1000, 200),
(514, '-', '-', 'Blood Set  ', '-', 'BMHP', 14000, 52500, 200),
(515, '-', '-', 'Cangkang Kapsul No. 0 ', '-', 'BMHP', 57, 143, 200),
(516, '-', '-', 'Catgut Plain 2/0 ', '-', 'BMHP', 9280, 23200, 200),
(517, '-', '-', 'Catgut Plain 3/0 ', '-', 'BMHP', 9280, 23200, 200),
(518, '-', '-', 'Catgut Plain 4/0 ', '-', 'BMHP', 12500, 31250, 200),
(519, '-', '-', 'Catgut Chromic 3/0 ', '-', 'BMHP', 8500, 21250, 200),
(520, '-', '-', 'Catgut Chromic 4/0 ', '-', 'BMHP', 8500, 21250, 200),
(521, '-', '-', 'Catgut Plain Without Needle ', '-', 'BMHP', 9280, 23200, 200),
(522, '-', '-', 'Dermafik Besar 10x25 cm ', '-', 'BMHP', 23100, 57750, 200),
(523, '-', '-', 'Dermafix 10x8 cm ', '-', 'BMHP', 3000, 7500, 200),
(524, '-', '-', 'Dermafix 5x7 ', '-', 'BMHP', 0, 0, 0),
(525, '-', '-', 'Dermafik Kecil 6x7 cm ', '-', 'BMHP', 2660, 6650, 200),
(526, '-', '-', 'Dermafik (Tegaderm) ', '-', 'BMHP', 3450, 8625, 200),
(527, '-', '-', 'Dressing ', '-', 'BMHP', 60000, 150000, 200),
(528, '-', '-', 'Duk Disposible ', '-', 'BMHP', 7000, 17500, 200),
(529, '-', '-', 'Folleycateter No. Three Way 18 ', '-', 'BMHP', 66000, 132000, 200),
(530, '-', '-', 'Folleycateter No. Three Way 20 ', '-', 'BMHP', 66000, 132000, 200),
(531, '-', '-', 'Folleycateter No. 12 ', '-', 'BMHP', 19500, 48750, 200),
(532, '-', '-', 'Folleycateter No. 14 ', '-', 'BMHP', 19500, 48750, 200),
(533, '-', '-', 'Folleycateter No. 16 ', '-', 'BMHP', 19500, 48750, 200),
(534, '-', '-', 'Folleycateter No. 20 ', '-', 'BMHP', 17500, 43750, 200),
(535, '-', '-', 'Folleycateter No. 24 ', '-', 'BMHP', 16000, 40000, 200),
(536, '-', '-', 'Handscoon ', '-', 'BMHP', 3430, 8575, 200),
(537, '-', '-', 'Handscoon Steril ', '-', 'BMHP', 3500, 8750, 200),
(538, '-', '-', 'HBsAG Test ', '-', 'BMHP', 1500, 37500, 200),
(539, '-', '-', 'Hipafix 5 x 5 ', '-', 'BMHP', 64500, 161250, 200),
(540, '-', '-', 'Hipafix 5 x 10 ', '-', 'BMHP', 85000, 212500, 200),
(541, '-', '-', 'Hipafix 5 x 15 ', '-', 'BMHP', 179488, 448640, 200),
(542, '-', '-', 'Implant 3 thn ', '-', 'BMHP', 0, 0, 0),
(543, '-', '-', 'Infus Set Anak (Mikro) ', '-', 'BMHP', 12500, 35000, 200),
(544, '-', '-', 'Infus Set Dewasa (Makro) ', '-', 'BMHP', 12500, 35000, 200),
(545, '-', '-', 'IUD Andalan Coper T BKKBN ', '-', 'BMHP', 0, 0, 0),
(546, '-', '-', 'IUD Andalan Sleek ', '-', 'BMHP', 25000, 62500, 200),
(547, '-', '-', 'IUD Silver Line 200 ', '-', 'BMHP', 50000, 125000, 200),
(548, '-', '-', 'IUD Safe Load 380 ', '-', 'BMHP', 0, 0, 0),
(549, '-', '-', 'IUD Silver Line 380 ', '-', 'BMHP', 150000, 375000, 200),
(550, '-', '-', 'IUD Andalan Post Partum ', '-', 'BMHP', 200000, 500000, 200),
(551, '-', '-', 'Jarum 23  ', '-', 'BMHP', 320, 800, 200),
(552, '-', '-', 'Jarum 24  ', '-', 'BMHP', 700, 1750, 200),
(553, '-', '-', 'Jarum 26 ', '-', 'BMHP', 6550, 16375, 200),
(554, '-', '-', 'Jarum Heacting  ', '-', 'BMHP', 3000, 7500, 200),
(555, '-', '-', 'Jarum Cito Ject ', '-', 'BMHP', 1680, 4200, 200),
(556, '-', '-', 'Kapas 500 gr ', '-', 'BMHP', 32355, 80888, 200),
(557, '-', '-', 'Kasa Nasaco 40 Yard ', '-', 'BMHP', 140000, 350000, 200),
(558, '-', '-', 'Kasa Kotak ', '-', 'BMHP', 5000, 12500, 200),
(559, '-', '-', 'Kondom Andalan ', '-', 'BMHP', 2400, 6000, 200),
(560, '-', '-', 'Kondom Artika ', '-', 'BMHP', 0, 0, 0),
(561, '-', '-', 'Leukoplast Besar ', '-', 'BMHP', 61876, 154690, 200),
(562, '-', '-', 'Leukoplast Kecil ', '-', 'BMHP', 10000, 25000, 200),
(563, '-', '-', 'Loumatule ', '-', 'BMHP', 15500, 38750, 200),
(564, '-', '-', 'Masker Bedah Hijau Cantol ', '-', 'BMHP', 4400, 4400, 200),
(565, '-', '-', 'Masker KN95 ', '-', 'BMHP', 14533, 29067, 200),
(566, '-', '-', 'Masker N95 ', '-', 'BMHP', 35750, 89375, 200),
(567, '-', '-', 'Masker NRBM Anak ', '-', 'BMHP', 20000, 50000, 200),
(568, '-', '-', 'Masker NRBM Dewasa ', '-', 'BMHP', 63500, 95250, 200),
(569, '-', '-', 'Masker RBM Anak ', '-', 'BMHP', 55000, 71500, 200),
(570, '-', '-', 'Masker RBM Dewasa ', '-', 'BMHP', 28600, 75790, 200),
(571, '-', '-', 'Mayo Dewasa ', '-', 'BMHP', 65000, 162500, 200),
(572, '-', '-', 'Mayo Anak ', '-', 'BMHP', 65000, 162500, 200),
(573, '-', '-', 'Mess No. 11 ', '-', 'BMHP', 750, 3000, 200),
(574, '-', '-', 'Microfine ', '-', 'BMHP', 5000, 8750, 200),
(575, '-', '-', 'Nasal Kanul Anak ', '-', 'BMHP', 20000, 50000, 200),
(576, '-', '-', 'Nasal Kanul Bayi ', '-', 'BMHP', 20000, 50000, 200),
(577, '-', '-', 'Nasal Kanul Dewasa ', '-', 'BMHP', 15500, 38750, 200),
(578, '-', '-', 'NGT Bayi No. 5 ', '-', 'BMHP', 42350, 57173, 200),
(579, '-', '-', 'NGT No. 12 ', '-', 'BMHP', 12000, 45000, 200),
(580, '-', '-', 'NGT No. 14 ', '-', 'BMHP', 12000, 45000, 200),
(581, '-', '-', 'NGT No. 16 ', '-', 'BMHP', 12000, 45000, 200),
(582, '-', '-', 'NGT No. 18 ', '-', 'BMHP', 12000, 45000, 200),
(583, '-', '-', 'Nurse Caps ', '-', 'BMHP', 563, 1407, 200),
(584, '-', '-', 'Plano Test (Femitia Sensipack) ', '-', 'BMHP', 8800, 22000, 200),
(585, '-', '-', 'Plano Test (Onemed) ', '-', 'BMHP', 2000, 10000, 200),
(586, '-', '-', 'Plester Bulat Soft ', '-', 'BMHP', 3000, 7500, 200),
(587, '-', '-', 'Pot Dahak ', '-', 'BMHP', 2728, 6820, 200),
(588, '-', '-', 'Rapid Test ', '-', 'BMHP', 122727, 200045, 200),
(589, '-', '-', 'Ring Pesarium 6,0 ', '-', 'BMHP', 39600, 99000, 200),
(590, '-', '-', 'Ring Pesarium 7,5 ', '-', 'BMHP', 39600, 99000, 200),
(591, '-', '-', 'Silk 3/0 (Benang) ', '-', 'BMHP', 6170, 15425, 200),
(592, '-', '-', 'Slim Suiker/ Mucus Extractor ', '-', 'BMHP', 8500, 21250, 200),
(593, '-', '-', 'Speculum Disposible ', '-', 'BMHP', 10000, 25000, 200),
(594, '-', '-', 'Spuit 0,5 cc ', '-', 'BMHP', 617, 1543, 200),
(595, '-', '-', 'Spuit 1 cc ', '-', 'BMHP', 2450, 6125, 200),
(596, '-', '-', 'Spuit 1 cc Oneject ', '-', 'BMHP', 1000, 2500, 200),
(597, '-', '-', 'Spuit 3 cc ', '-', 'BMHP', 2000, 5000, 200),
(598, '-', '-', 'Spuit 5 cc ', '-', 'BMHP', 1500, 3750, 200),
(599, '-', '-', 'Spuit 10 cc ', '-', 'BMHP', 1800, 4500, 200),
(600, '-', '-', 'Spuit 20 cc ', '-', 'BMHP', 2000, 5000, 200),
(601, '-', '-', 'Spuit BD 50 cc ', '-', 'BMHP', 6500, 16250, 200),
(602, '-', '-', 'Spuit 50 cc NGT ', '-', 'BMHP', 5000, 27500, 200),
(603, '-', '-', 'Stik Asam Urat ', '-', 'BMHP', 3400, 25024, 200),
(604, '-', '-', 'Stik Cholesterol ', '-', 'BMHP', 15500, 40145, 200),
(605, '-', '-', 'Stik GDA on Call Plus ', '-', 'BMHP', 3480, 20010, 200),
(606, '-', '-', 'Stik GDA on Call Redi ', '-', 'BMHP', 3480, 20010, 200),
(607, '-', '-', 'Stik GDA Easy Touch ', '-', 'BMHP', 3400, 20060, 200),
(608, '-', '-', 'Stik GDA Easy Touch ', '-', 'BMHP', 3400, 20060, 200),
(609, '-', '-', 'Suction Dewasa ', '-', 'BMHP', 0, 0, 0),
(610, '-', '-', 'Tabung EDTA ', '-', 'BMHP', 1150, 3048, 200),
(611, '-', '-', 'Umbilical Cord/ Klem Tali Pusat ', '-', 'BMHP', 20087, 50218, 200),
(612, '-', '-', 'Urine Gluko Protein Test ', '-', 'BMHP', 6100, 15250, 200),
(613, '-', '-', 'Urine Bag One Med ', '-', 'BMHP', 5000, 12500, 200),
(614, '-', '-', 'Urin Container ', '-', 'BMHP', 1800, 6228, 200),
(615, '-', '-', 'Underpad Steril ', '-', 'BMHP', 15000, 37500, 200),
(616, '-', '-', 'Wing Needle No. 23 ', '-', 'BMHP', 1500, 3750, 200),
(617, '-', '-', 'Wing Needle No. 25 ', '-', 'BMHP', 1500, 3750, 200),
(618, '-', '-', 'Wing Needle No. 27 ', '-', 'BMHP', 1500, 3750, 200),
(619, '-', '-', 'Obyek Glass ', '-', 'BMHP', 0, 0, 0),
(620, '-', '-', 'Spatula ', '-', 'BMHP', 0, 0, 0);
INSERT INTO `tbl_obat` (`id_obat`, `no_batch`, `ex_date`, `nama_obat`, `merek_obat`, `kategori_obat`, `harga_beli`, `harga_jual`, `stok_obat`) VALUES
(621, '-', '-', 'antisida', '-', 'SIRUP-DROP', 1050, 2000, 200),
(623, NULL, NULL, 'DL', NULL, 'Penunjang', NULL, 50000, NULL),
(624, NULL, NULL, 'Rapid Test', NULL, 'Penunjang', NULL, 200000, NULL);

-- --------------------------------------------------------

--
-- Table structure for table `tbl_pelayanan`
--

CREATE TABLE `tbl_pelayanan` (
  `id_pendaftaran` varchar(20) NOT NULL,
  `no_pendaftaran` varchar(20) NOT NULL,
  `kode_rm` varchar(20) NOT NULL,
  `umur` varchar(10) DEFAULT NULL,
  `poli` varchar(50) DEFAULT NULL,
  `kriteria_pengunjung` varchar(50) DEFAULT NULL,
  `jenis_kunjungan` varchar(50) DEFAULT NULL,
  `petugas_periksa` varchar(50) DEFAULT NULL,
  `kode_icd` varchar(10) DEFAULT NULL,
  `umum_bpjs` varchar(50) DEFAULT NULL,
  `keterangan` varchar(500) DEFAULT NULL,
  `tindakan_dokter` varchar(500) DEFAULT NULL,
  `tanggal` date NOT NULL,
  `user` varchar(100) NOT NULL
) ENGINE=InnoDB DEFAULT CHARSET=latin1;

--
-- Dumping data for table `tbl_pelayanan`
--

INSERT INTO `tbl_pelayanan` (`id_pendaftaran`, `no_pendaftaran`, `kode_rm`, `umur`, `poli`, `kriteria_pengunjung`, `jenis_kunjungan`, `petugas_periksa`, `kode_icd`, `umum_bpjs`, `keterangan`, `tindakan_dokter`, `tanggal`, `user`) VALUES
('RJ-00001', '001', '2-6-A', '51', 'Poli Umum', 'Dewasa', 'Lama', 'Dokter Umum', 'k.123', 'BPJS', 'pulang', 'suntik', '2021-03-06', 'Yogi Khoirul Anwar'),
('RJ-000010', '006', '2-47-B', '2021', 'Poli Umum', 'Anak', 'Baru', 'Dokter Umum', 'fgj', 'umum', 'fgj', 'fgj', '2021-03-21', 'Yogi Khoirul Anwar'),
('RJ-000011', '007', '2-1337-b', '2021', 'Poli Umum', 'Dewasa', 'Baru', 'Dokter Umum', 'ghj', 'umum', 'ghk', 'gkh', '2021-03-21', 'Yogi Khoirul Anwar'),
('RJ-000012', '008', '2-29-B', '42', 'Poli Umum', 'Anak', 'Baru', 'Dokter Umum', 'hhgj', 'umum', 'ghj', 'hj', '2021-03-21', 'Yogi Khoirul Anwar'),
('RJ-000013', '009', '2-104-b', '42', 'Poli Umum', 'Dewasa', 'Baru', 'Dokter Umum', 'gfj', 'umum', 'fgj', 'fgj', '2021-03-21', 'Yogi Khoirul Anwar'),
('RJ-000014', '0010', '2-815-B', '2021', 'Poli Umum', 'Anak', 'Baru', 'Dokter Umum', 'dsg', 'umum', 'sdg', 'sdg', '2021-03-21', 'Yogi Khoirul Anwar'),
('RJ-00002', '002', '2-725-A', '41', 'Poli Umum', 'Anak', 'Lama', 'Dokter Umum', 'k21', 'umum', 'pulang', 'suntik', '2021-03-21', 'Yogi Khoirul Anwar'),
('RJ-00003', '003', '', '', 'Poli Umum', 'Anak', 'Baru', 'Dokter Umum', NULL, NULL, NULL, NULL, '2021-03-21', 'Yogi Khoirul Anwar'),
('RJ-00004', '004', '2-21-c', '42', 'Poli Umum', 'Anak', 'Baru', 'Dokter Umum', 'k.21', 'umum', 'pulang', 'suntik', '2021-03-21', 'Yogi Khoirul Anwar'),
('RJ-00005', '001', '02-00005-B', '42', 'Poli Umum', 'Anak', 'Baru', 'Dokter Umum', 'k21', 'umum', 'dsf', 'sdg', '2021-03-21', 'Yogi Khoirul Anwar'),
('RJ-00006', '002', '2-31-c', '42', 'Poli Umum', 'Anak', 'Baru', 'Dokter Umum', 'k.23', 'BPJS', 'gf', 'fgj', '2021-03-21', 'Yogi Khoirul Anwar'),
('RJ-00007', '003', '2-206-e', '2021', 'Poli Umum', 'Anak', 'Baru', 'Dokter Umum', 'dfh', 'umum', 'dfh', 'dhf', '2021-03-21', 'Yogi Khoirul Anwar'),
('RJ-00008', '004', '2-47-B', '2021', 'Poli Umum', 'Dewasa', 'Baru', 'Dokter Umum', 'jf', 'umum', 'fgj', 'fgj', '2021-03-21', 'Yogi Khoirul Anwar'),
('RJ-00009', '005', '2-6-A', '51', 'Poli Umum', 'Dewasa', 'Baru', 'Dokter Umum', 'fg', 'umum', 'fdh', 'dfh', '2021-03-21', 'Yogi Khoirul Anwar');

-- --------------------------------------------------------

--
-- Table structure for table `tbl_pembayaran`
--

CREATE TABLE `tbl_pembayaran` (
  `id_pendaftaran` varchar(20) NOT NULL,
  `tagihan` varchar(50) DEFAULT NULL,
  `bayar` varchar(50) DEFAULT NULL,
  `kembalian` varchar(50) DEFAULT NULL
) ENGINE=InnoDB DEFAULT CHARSET=latin1;

--
-- Dumping data for table `tbl_pembayaran`
--

INSERT INTO `tbl_pembayaran` (`id_pendaftaran`, `tagihan`, `bayar`, `kembalian`) VALUES
('RJ-00001', '98460', '100000', 'Rp. 1.540,00');

-- --------------------------------------------------------

--
-- Table structure for table `tbl_pembelianobat`
--

CREATE TABLE `tbl_pembelianobat` (
  `tanggal` date NOT NULL,
  `id_obat` varchar(20) NOT NULL,
  `jumlah_obat` int(20) NOT NULL,
  `harga_beli` int(50) NOT NULL,
  `total_harga` int(50) NOT NULL
) ENGINE=InnoDB DEFAULT CHARSET=latin1;

--
-- Dumping data for table `tbl_pembelianobat`
--

INSERT INTO `tbl_pembelianobat` (`tanggal`, `id_obat`, `jumlah_obat`, `harga_beli`, `total_harga`) VALUES
('2021-03-06', '66', 20, 750, 15000);

-- --------------------------------------------------------

--
-- Table structure for table `tbl_pendaftaran`
--

CREATE TABLE `tbl_pendaftaran` (
  `id_pendaftaran` varchar(10) NOT NULL,
  `no_pendaftaran` varchar(10) NOT NULL
) ENGINE=InnoDB DEFAULT CHARSET=latin1;

--
-- Dumping data for table `tbl_pendaftaran`
--

INSERT INTO `tbl_pendaftaran` (`id_pendaftaran`, `no_pendaftaran`) VALUES
('RJ-00005', '001'),
('RJ-00006', '002'),
('RJ-00007', '003'),
('RJ-00008', '004'),
('RJ-00009', '005'),
('RJ-000010', '006'),
('RJ-000011', '007'),
('RJ-000012', '008'),
('RJ-000013', '009'),
('RJ-000014', '0010');

-- --------------------------------------------------------

--
-- Table structure for table `tbl_penunjangpemeriksaan`
--

CREATE TABLE `tbl_penunjangpemeriksaan` (
  `id_penunjang` int(11) NOT NULL,
  `nama_penunjang` varchar(100) NOT NULL,
  `tarif_penunjang` varchar(20) NOT NULL
) ENGINE=InnoDB DEFAULT CHARSET=latin1;

--
-- Dumping data for table `tbl_penunjangpemeriksaan`
--

INSERT INTO `tbl_penunjangpemeriksaan` (`id_penunjang`, `nama_penunjang`, `tarif_penunjang`) VALUES
(2, 'DL', '50000'),
(3, 'rapid tes', '200000');

-- --------------------------------------------------------

--
-- Table structure for table `tbl_perawatan`
--

CREATE TABLE `tbl_perawatan` (
  `id_petugas` int(10) NOT NULL,
  `nama_petugas` varchar(100) NOT NULL
) ENGINE=InnoDB DEFAULT CHARSET=latin1;

--
-- Dumping data for table `tbl_perawatan`
--

INSERT INTO `tbl_perawatan` (`id_petugas`, `nama_petugas`) VALUES
(12, 'Dokter Umum'),
(13, 'Dokter Gigi'),
(14, 'Dokter SpOG'),
(15, 'Bidan'),
(16, 'Perawat'),
(17, 'Terapis');

--
-- Triggers `tbl_perawatan`
--
DELIMITER $$
CREATE TRIGGER `tarif_petugas` AFTER INSERT ON `tbl_perawatan` FOR EACH ROW insert into tbl_tarifperawatan values(new.id_petugas,'0','0')
$$
DELIMITER ;

-- --------------------------------------------------------

--
-- Table structure for table `tbl_resep`
--

CREATE TABLE `tbl_resep` (
  `id_pendaftaran` varchar(15) NOT NULL,
  `id_obat` varchar(20) NOT NULL,
  `jumlah_obat` int(10) NOT NULL,
  `harga_obat` int(50) NOT NULL,
  `keterangan` varchar(50) NOT NULL
) ENGINE=InnoDB DEFAULT CHARSET=latin1;

--
-- Dumping data for table `tbl_resep`
--

INSERT INTO `tbl_resep` (`id_pendaftaran`, `id_obat`, `jumlah_obat`, `harga_obat`, `keterangan`) VALUES
('RJ-00001', '10', 10, 23380, 'RJ'),
('RJ-00001', '11', 10, 32080, 'RJ'),
('RJ-00002', '10', 10, 23380, 'RJ'),
('RJ-00004', '10', 10, 23380, 'RJ'),
('RJ-00005', '10', 10, 23380, 'RJ'),
('RJ-00006', '11', 10, 32080, 'RJ'),
('RJ-00006', '13', 10, 23380, 'RJ'),
('RJ-00007', '10', 10, 23380, 'RJ'),
('RJ-00007', '11', 10, 32080, 'RJ'),
('RJ-00008', '12', 10, 16380, 'RJ'),
('RJ-00009', '14', 10, 84700, 'RJ'),
('RJ-00009', '16', 10, 5230, 'RJ'),
('RJ-000010', '10', 10, 23380, 'RJ'),
('RJ-000011', '10', 10, 23380, 'RJ'),
('RJ-000011', '11', 10, 32080, 'RJ'),
('RJ-000012', '10', 10, 23380, 'RJ'),
('RJ-000012', '10', 10, 23380, 'RJ'),
('RJ-000013', '10', 10, 23380, 'RJ'),
('RJ-000013', '11', 10, 32080, 'RJ'),
('RJ-000014', '11', 10, 32080, 'RJ'),
('RJ-000014', '12', 10, 16380, 'RJ');

-- --------------------------------------------------------

--
-- Table structure for table `tbl_returnobat`
--

CREATE TABLE `tbl_returnobat` (
  `id_pendaftaran` varchar(50) NOT NULL,
  `tanggal` date NOT NULL,
  `user` varchar(100) NOT NULL
) ENGINE=InnoDB DEFAULT CHARSET=latin1;

--
-- Dumping data for table `tbl_returnobat`
--

INSERT INTO `tbl_returnobat` (`id_pendaftaran`, `tanggal`, `user`) VALUES
('RI-00001', '2021-03-06', 'Yogi Khoirul Anwar');

-- --------------------------------------------------------

--
-- Table structure for table `tbl_rialkes`
--

CREATE TABLE `tbl_rialkes` (
  `id_pendaftaran` varchar(20) NOT NULL,
  `id_injeksi` varchar(20) NOT NULL,
  `tanggal_keluarinjeksi` date NOT NULL,
  `jumlah_awalinjeksi` varchar(10) NOT NULL,
  `jumlah_sisainjeksi` varchar(10) NOT NULL,
  `harga_totalinjeksi` varchar(50) NOT NULL
) ENGINE=InnoDB DEFAULT CHARSET=latin1;

--
-- Dumping data for table `tbl_rialkes`
--

INSERT INTO `tbl_rialkes` (`id_pendaftaran`, `id_injeksi`, `tanggal_keluarinjeksi`, `jumlah_awalinjeksi`, `jumlah_sisainjeksi`, `harga_totalinjeksi`) VALUES
('RI-00001', '13', '2021-03-21', '10', '10', '23380'),
('RI-00001', '14', '2021-03-21', '10', '10', '84700');

-- --------------------------------------------------------

--
-- Table structure for table `tbl_ricairan`
--

CREATE TABLE `tbl_ricairan` (
  `id_pendaftaran` varchar(20) NOT NULL,
  `id_cairan` varchar(20) NOT NULL,
  `tanggal_keluarcairan` date NOT NULL,
  `jumlah_awalcairan` varchar(10) NOT NULL,
  `jumlah_sisacairan` int(10) NOT NULL,
  `harga_totalcairan` int(11) NOT NULL
) ENGINE=InnoDB DEFAULT CHARSET=latin1;

--
-- Dumping data for table `tbl_ricairan`
--

INSERT INTO `tbl_ricairan` (`id_pendaftaran`, `id_cairan`, `tanggal_keluarcairan`, `jumlah_awalcairan`, `jumlah_sisacairan`, `harga_totalcairan`) VALUES
('RI-00001', '49', '2021-03-21', '10', 10, 50160),
('RI-00001', '50', '2021-03-21', '10', 10, 79200);

-- --------------------------------------------------------

--
-- Table structure for table `tbl_ridetalkes`
--

CREATE TABLE `tbl_ridetalkes` (
  `id_pendaftaran` varchar(20) NOT NULL,
  `tanggal` varchar(20) NOT NULL,
  `shift` varchar(20) NOT NULL,
  `id_obat` varchar(20) NOT NULL,
  `jumlah_diberikan` varchar(20) NOT NULL
) ENGINE=InnoDB DEFAULT CHARSET=latin1;

--
-- Dumping data for table `tbl_ridetalkes`
--

INSERT INTO `tbl_ridetalkes` (`id_pendaftaran`, `tanggal`, `shift`, `id_obat`, `jumlah_diberikan`) VALUES
('RI-00001', '2021-03-6', 'Pagi', '19', '1');

-- --------------------------------------------------------

--
-- Table structure for table `tbl_ridetcairan`
--

CREATE TABLE `tbl_ridetcairan` (
  `id_pendaftaran` varchar(20) NOT NULL,
  `tanggal` varchar(20) NOT NULL,
  `shift` varchar(20) NOT NULL,
  `id_obat` varchar(20) NOT NULL,
  `jumlah_diberikan` int(10) NOT NULL
) ENGINE=InnoDB DEFAULT CHARSET=latin1;

-- --------------------------------------------------------

--
-- Table structure for table `tbl_ridetpembayaran`
--

CREATE TABLE `tbl_ridetpembayaran` (
  `id_pendaftaran` varchar(20) NOT NULL,
  `biaya_kamar` int(50) NOT NULL,
  `visite_dokter` int(50) NOT NULL,
  `biaya_alkes` int(50) NOT NULL,
  `biaya_cairan` int(50) NOT NULL,
  `biaya_tablet` int(50) NOT NULL,
  `biaya_penunjang` int(20) NOT NULL,
  `biaya_admin` int(50) NOT NULL,
  `total_hari` varchar(20) NOT NULL,
  `biaya_ambulan` int(50) NOT NULL,
  `total_visit` varchar(20) NOT NULL,
  `biaya_tindakanperawat` int(20) NOT NULL,
  `biaya_persalinan` int(20) NOT NULL,
  `biaya_perawatanbayi` int(20) NOT NULL
) ENGINE=InnoDB DEFAULT CHARSET=latin1;

--
-- Dumping data for table `tbl_ridetpembayaran`
--

INSERT INTO `tbl_ridetpembayaran` (`id_pendaftaran`, `biaya_kamar`, `visite_dokter`, `biaya_alkes`, `biaya_cairan`, `biaya_tablet`, `biaya_penunjang`, `biaya_admin`, `total_hari`, `biaya_ambulan`, `total_visit`, `biaya_tindakanperawat`, `biaya_persalinan`, `biaya_perawatanbayi`) VALUES
('RI-00001', 100000, 200000, 108080, 129360, 66270, 250000, 100000, '0', 0, '2', 15000, 0, 0);

-- --------------------------------------------------------

--
-- Table structure for table `tbl_ridetpersalinan`
--

CREATE TABLE `tbl_ridetpersalinan` (
  `id_pendaftaran` varchar(21) NOT NULL,
  `tanggal` varchar(21) NOT NULL,
  `shift` varchar(21) NOT NULL,
  `id_obat` varchar(21) NOT NULL,
  `jumlah_diberikan` varchar(21) NOT NULL
) ENGINE=InnoDB DEFAULT CHARSET=latin1;

-- --------------------------------------------------------

--
-- Table structure for table `tbl_ridettablet`
--

CREATE TABLE `tbl_ridettablet` (
  `id_pendaftaran` varchar(20) NOT NULL,
  `tanggal` varchar(20) NOT NULL,
  `shift` varchar(20) NOT NULL,
  `id_obat` varchar(10) NOT NULL,
  `jumlah_diberikan` int(10) NOT NULL
) ENGINE=InnoDB DEFAULT CHARSET=latin1;

-- --------------------------------------------------------

--
-- Table structure for table `tbl_rikamar`
--

CREATE TABLE `tbl_rikamar` (
  `id_kamar` int(20) NOT NULL,
  `nama_kamar` varchar(100) NOT NULL,
  `level_kamar` varchar(5) NOT NULL,
  `harga_kamar` varchar(20) NOT NULL,
  `visite_dokter` int(20) NOT NULL,
  `status_kamar` varchar(50) NOT NULL
) ENGINE=InnoDB DEFAULT CHARSET=latin1;

--
-- Dumping data for table `tbl_rikamar`
--

INSERT INTO `tbl_rikamar` (`id_kamar`, `nama_kamar`, `level_kamar`, `harga_kamar`, `visite_dokter`, `status_kamar`) VALUES
(1, 'B-02', '2', '100000', 100000, 'kosong'),
(2, 'B-03', '2', '100000', 100000, 'kosong'),
(3, 'B-04', '2', '150000', 150000, 'kosong'),
(4, 'B-05', '2', '100000', 100000, 'kosong'),
(5, 'B-06', '3', '50000', 50000, 'kosong'),
(7, 'B-01', '1', '150000', 150000, 'kosong'),
(8, 'B-08', '3', '50000', 50000, 'kosong');

-- --------------------------------------------------------

--
-- Table structure for table `tbl_ripelayanan`
--

CREATE TABLE `tbl_ripelayanan` (
  `id_pendaftaran` varchar(20) NOT NULL,
  `no_rm` varchar(20) NOT NULL,
  `usia` varchar(5) DEFAULT NULL,
  `nama_kamar` varchar(10) NOT NULL,
  `tanggal_mrs` date NOT NULL,
  `tanggal_krs` date DEFAULT NULL,
  `diagnosa` varchar(500) DEFAULT NULL,
  `umum_bpjs` varchar(20) NOT NULL,
  `catatan` varchar(500) DEFAULT NULL,
  `status_pasien` varchar(100) NOT NULL,
  `user` varchar(100) NOT NULL
) ENGINE=InnoDB DEFAULT CHARSET=latin1;

--
-- Dumping data for table `tbl_ripelayanan`
--

INSERT INTO `tbl_ripelayanan` (`id_pendaftaran`, `no_rm`, `usia`, `nama_kamar`, `tanggal_mrs`, `tanggal_krs`, `diagnosa`, `umum_bpjs`, `catatan`, `status_pasien`, `user`) VALUES
('RI-00001', '2-57-B', '2021', 'B-02', '2021-03-21', '2021-03-21', NULL, 'umum', NULL, 'pulang', 'Yogi Khoirul Anwar');

-- --------------------------------------------------------

--
-- Table structure for table `tbl_ripembayaran`
--

CREATE TABLE `tbl_ripembayaran` (
  `id_pendaftaran` varchar(20) NOT NULL,
  `tanggal_bayar` date NOT NULL,
  `total_tagihan` int(50) NOT NULL,
  `bayar` int(50) NOT NULL,
  `kembalian` varchar(50) NOT NULL,
  `user` varchar(100) NOT NULL
) ENGINE=InnoDB DEFAULT CHARSET=latin1;

--
-- Dumping data for table `tbl_ripembayaran`
--

INSERT INTO `tbl_ripembayaran` (`id_pendaftaran`, `tanggal_bayar`, `total_tagihan`, `bayar`, `kembalian`, `user`) VALUES
('RI-00001', '2021-03-21', 968710, 1000000, 'Rp. 31.290,00', 'Yogi Khoirul Anwar');

-- --------------------------------------------------------

--
-- Table structure for table `tbl_ripenunjang`
--

CREATE TABLE `tbl_ripenunjang` (
  `id_pendaftaran` varchar(20) NOT NULL,
  `id_penunjang` varchar(20) NOT NULL,
  `tanggal_keluarpenunjang` date NOT NULL,
  `jumlah_penunjang` int(20) NOT NULL,
  `harga_totalpenunjang` int(20) NOT NULL,
  `keterangan_penunjang` varchar(100) NOT NULL
) ENGINE=InnoDB DEFAULT CHARSET=latin1;

--
-- Dumping data for table `tbl_ripenunjang`
--

INSERT INTO `tbl_ripenunjang` (`id_pendaftaran`, `id_penunjang`, `tanggal_keluarpenunjang`, `jumlah_penunjang`, `harga_totalpenunjang`, `keterangan_penunjang`) VALUES
('RI-00001', '623', '2021-03-21', 1, 50000, 'Penunjang'),
('RI-00001', '624', '2021-03-21', 1, 200000, 'Penunjang');

-- --------------------------------------------------------

--
-- Table structure for table `tbl_riperawatanbayi`
--

CREATE TABLE `tbl_riperawatanbayi` (
  `id_pendaftaran` varchar(21) NOT NULL,
  `id_tindakan` varchar(21) NOT NULL,
  `tanggal_keluarperawatan` date NOT NULL,
  `jumlah_tindakan` varchar(21) NOT NULL,
  `harga_totalperawatan` varchar(21) NOT NULL,
  `keterangan_tindakan` varchar(50) NOT NULL
) ENGINE=InnoDB DEFAULT CHARSET=latin1;

-- --------------------------------------------------------

--
-- Table structure for table `tbl_ripersalinan`
--

CREATE TABLE `tbl_ripersalinan` (
  `id_pendaftaran` varchar(21) NOT NULL,
  `id_obat` varchar(21) NOT NULL,
  `tanggal_keluarobat` date NOT NULL,
  `jumlah_awalobat` varchar(21) NOT NULL,
  `jumlah_sisaobat` varchar(21) NOT NULL,
  `harga_totalobat` varchar(21) NOT NULL
) ENGINE=InnoDB DEFAULT CHARSET=latin1;

-- --------------------------------------------------------

--
-- Table structure for table `tbl_riresep`
--

CREATE TABLE `tbl_riresep` (
  `id_pendaftaran` varchar(20) NOT NULL,
  `id_obat` varchar(20) NOT NULL,
  `tanggal_keluar` date NOT NULL,
  `jumlah` int(20) NOT NULL,
  `harga_total` int(20) NOT NULL,
  `ket` varchar(100) NOT NULL
) ENGINE=InnoDB DEFAULT CHARSET=latin1;

--
-- Dumping data for table `tbl_riresep`
--

INSERT INTO `tbl_riresep` (`id_pendaftaran`, `id_obat`, `tanggal_keluar`, `jumlah`, `harga_total`, `ket`) VALUES
('RI-00001', '13', '2021-03-21', 10, 23380, 'Alkes'),
('RI-00001', '14', '2021-03-21', 10, 84700, 'Alkes'),
('RI-00001', '49', '2021-03-21', 10, 50160, 'Injeksi&Cairan'),
('RI-00001', '50', '2021-03-21', 10, 79200, 'Injeksi&Cairan'),
('RI-00001', '63', '2021-03-21', 10, 6110, 'Oral'),
('RI-00001', '64', '2021-03-21', 10, 60160, 'Oral'),
('RI-00001', '623', '2021-03-21', 1, 50000, 'Penunjang'),
('RI-00001', '624', '2021-03-21', 1, 200000, 'Penunjang');

-- --------------------------------------------------------

--
-- Table structure for table `tbl_ritablet`
--

CREATE TABLE `tbl_ritablet` (
  `id_pendaftaran` varchar(20) NOT NULL,
  `id_tablet` varchar(20) NOT NULL,
  `tanggal_keluartablet` date NOT NULL,
  `jumlah_awaltablet` varchar(10) NOT NULL,
  `jumlah_sisatablet` int(10) NOT NULL,
  `harga_totaltablet` varchar(20) NOT NULL
) ENGINE=InnoDB DEFAULT CHARSET=latin1;

--
-- Dumping data for table `tbl_ritablet`
--

INSERT INTO `tbl_ritablet` (`id_pendaftaran`, `id_tablet`, `tanggal_keluartablet`, `jumlah_awaltablet`, `jumlah_sisatablet`, `harga_totaltablet`) VALUES
('RI-00001', '63', '2021-03-21', '10', 10, '6110'),
('RI-00001', '64', '2021-03-21', '10', 10, '60160');

-- --------------------------------------------------------

--
-- Table structure for table `tbl_ritindakanperawat`
--

CREATE TABLE `tbl_ritindakanperawat` (
  `id_pendaftaran` varchar(20) NOT NULL,
  `id_tindakan` varchar(20) NOT NULL,
  `tanggal_keluartindakan` date NOT NULL,
  `jumlah_tindakan` varchar(10) NOT NULL,
  `harga_totaltindakan` varchar(20) NOT NULL,
  `keterangan_tindakan` varchar(11) NOT NULL
) ENGINE=InnoDB DEFAULT CHARSET=latin1;

--
-- Dumping data for table `tbl_ritindakanperawat`
--

INSERT INTO `tbl_ritindakanperawat` (`id_pendaftaran`, `id_tindakan`, `tanggal_keluartindakan`, `jumlah_tindakan`, `harga_totaltindakan`, `keterangan_tindakan`) VALUES
('RI-00001', 'P-001', '2021-03-21', '1', '10000', 'Tindakan'),
('RI-00001', 'P-002', '2021-03-21', '1', '5000', 'Tindakan');

-- --------------------------------------------------------

--
-- Table structure for table `tbl_rivisitedokter`
--

CREATE TABLE `tbl_rivisitedokter` (
  `id_pendaftaran` varchar(20) NOT NULL,
  `tanggal` date NOT NULL,
  `shift` varchar(20) NOT NULL
) ENGINE=InnoDB DEFAULT CHARSET=latin1;

--
-- Dumping data for table `tbl_rivisitedokter`
--

INSERT INTO `tbl_rivisitedokter` (`id_pendaftaran`, `tanggal`, `shift`) VALUES
('RI-00001', '2021-03-21', 'Pagi'),
('RI-00001', '2021-03-21', 'Siang');

-- --------------------------------------------------------

--
-- Table structure for table `tbl_rm`
--

CREATE TABLE `tbl_rm` (
  `kode_daerah` varchar(10) NOT NULL,
  `no_rm` varchar(10) NOT NULL,
  `kode_anggota` varchar(5) NOT NULL,
  `kode_rm` varchar(15) NOT NULL,
  `nama_pasien` varchar(100) NOT NULL,
  `alamat` varchar(500) DEFAULT NULL,
  `jenis_kelamin` varchar(20) DEFAULT NULL,
  `no_identitas` varchar(50) DEFAULT NULL,
  `tanggal_lahir` varchar(20) DEFAULT NULL,
  `alamat_ktp` varchar(500) DEFAULT NULL,
  `no_telepon` varchar(15) DEFAULT NULL
) ENGINE=InnoDB DEFAULT CHARSET=latin1;

--
-- Dumping data for table `tbl_rm`
--

INSERT INTO `tbl_rm` (`kode_daerah`, `no_rm`, `kode_anggota`, `kode_rm`, `nama_pasien`, `alamat`, `jenis_kelamin`, `no_identitas`, `tanggal_lahir`, `alamat_ktp`, `no_telepon`) VALUES
('02', '00005', 'B', '02-00005-B', 'kastini', 'Tempursari ', 'P', '', '1979-03-01', '', ''),
('02', '00007', 'B', '02-00007-B', 'rini', 'Tempursari 41', 'P', '', '1979-03-01', '', ''),
('02', '0010', 'A', '02-0010-A', 'Slamet', 'Tempursari 25', '', '', '0000-00-00', '', ''),
('02', '0064', 'B', '02-0064-B', 'Anis', '', 'P', '', '1979-03-01', '', ''),
('02', '00100', 'A', '2-100-A', 'Salimin', 'Tempursari 9', '', '', '0000-00-00', '', ''),
('02', '01000', 'A', '2-1000-A', 'Bari', 'Tempursari 21', '', '', '0000-00-00', '', ''),
('02', '01001', 'A', '2-1001-A', 'Sodik', 'Tempursari 5', '', '', '0000-00-00', '', ''),
('02', '01002', 'A', '2-1002-A', 'Mariyo', 'Tempursari 20/4', '', '', '0000-00-00', '', ''),
('02', '01003', 'A', '2-1003-A', 'Adi Sucipto', 'Tempursari 25', '', '', '0000-00-00', '', ''),
('02', '01004', 'A', '2-1004-A', 'Harjiin', 'Tempursari', '', '', '0000-00-00', '', ''),
('02', '01005', 'A', '2-1005-A', 'Tukiyan', 'Tempursari 32/3', '', '', '0000-00-00', '', ''),
('02', '01006', 'A', '2-1006-A', 'Mafud', 'Tempursari 22/6', '', '', '0000-00-00', '', ''),
('02', '01007', 'A', '2-1007-A', 'Karlin', 'Tempursari 4', '', '', '0000-00-00', '', ''),
('02', '01008', 'A', '2-1008-A', 'Parno', 'Tempursari 17', '', '', '0000-00-00', '', ''),
('02', '01009', 'A', '2-1009-A', 'Imam Kusdari', 'Tempursari 20', '', '', '0000-00-00', '', ''),
('02', '00101', 'A', '2-101-A', 'Mesinah', 'Tempursari 25', '', '', '0000-00-00', '', ''),
('02', '01010', 'A', '2-1010-A', 'Harun', 'Tempursari 15', '', '', '0000-00-00', '', ''),
('02', '01011', 'A', '2-1011-A', 'Yudi', 'Tempursari 1/1', '', '', '0000-00-00', '', ''),
('02', '01012', 'A', '2-1012-A', 'Susanto', 'Tempursari 5', '', '', '0000-00-00', '', ''),
('02', '01013', 'A', '2-1013-A', 'Nurul', 'Tempursari 7/2', '', '', '0000-00-00', '', ''),
('02', '01014', 'A', '2-1014-A', 'Slamet', 'Tempursari 3', '', '', '0000-00-00', '', ''),
('02', '01015', 'A', '2-1015-A', 'Sukri', 'Tempursari 20', '', '', '0000-00-00', '', ''),
('02', '01017', 'A', '2-1017-A', 'Sukir', 'Tempursari 23', '', '', '0000-00-00', '', ''),
('02', '01018', 'A', '2-1018-A', 'Rusiadi', 'Tempursari 19/4', '', '', '0000-00-00', '', ''),
('02', '01019', 'A', '2-1019-A', 'Heri Supadi', 'Tempursari 2/1', '', '', '0000-00-00', '', ''),
('02', '01020', 'A', '2-1020-A', 'Iwan', 'Tempursari 41', '', '', '0000-00-00', '', ''),
('02', '01021', 'A', '2-1021-A', 'Poniran', 'Tempursari 30/8', '', '', '0000-00-00', '', ''),
('02', '01023', 'A', '2-1023-A', 'Muksin', 'Tempursari', '', '', '0000-00-00', '', ''),
('02', '01024', 'A', '2-1024-A', 'Hariadi', 'Tempursari 5', '', '', '0000-00-00', '', ''),
('02', '01025', 'A', '2-1025-A', 'Sukri ', 'Tempursari 20/4', '', '', '0000-00-00', '', ''),
('02', '01026', 'A', '2-1026-A', 'Sumar Diana', 'Tempursari 26/7', '', '', '0000-00-00', '', ''),
('02', '01027', 'A', '2-1027-A', 'Rohmad', 'Tempursari 30', '', '', '0000-00-00', '', ''),
('02', '01028', 'A', '2-1028-A', 'Sido', 'Tempursari 7', '', '', '0000-00-00', '', ''),
('02', '01029', 'A', '2-1029-A', 'Imam Nasikin', 'Tempursari 29', '', '', '0000-00-00', '', ''),
('02', '00103', 'A', '2-103-A', 'Edi', 'Tempursari 3', '', '', '0000-00-00', '', ''),
('02', '00103', 'B', '2-103-B', 'citra', 'tempursari 3', 'P', '', '0000-00-00', '', ''),
('02', '01030', 'A', '2-1030-A', 'Lasmianto', 'Tempursari 31/8', '', '', '0000-00-00', '', ''),
('02', '01031', 'A', '2-1031-A', 'Edi Susanto', 'Tempursari 42/11', '', '', '0000-00-00', '', ''),
('02', '01032', 'A', '2-1032-A', 'Slamet', 'Tempursari 25/4', '', '', '0000-00-00', '', ''),
('02', '01033', 'A', '2-1033-A', 'Sumanto', 'Tempursari 8/2', '', '', '0000-00-00', '', ''),
('02', '01034', 'A', '2-1034-A', 'Kendar', 'Tempursari 5/1', '', '', '0000-00-00', '', ''),
('02', '01035', 'A', '2-1035-A', 'Yudi Erwanto', 'Tempursari 43/11', '', '', '0000-00-00', '', ''),
('02', '01036', 'A', '2-1036-A', 'Tukijan', 'Tempursari 24', '', '', '0000-00-00', '', ''),
('02', '01037', 'A', '2-1037-A', 'Susilo Hadi', 'Tempursari 13/03', '', '', '0000-00-00', '', ''),
('02', '01038', 'A', '2-1038-A', 'Agus Setiawan', 'Tempursari 9', '', '', '0000-00-00', '', ''),
('02', '01039', 'A', '2-1039-A', 'Suwito', 'Tempursari 22/6', '', '', '0000-00-00', '', ''),
('02', '00104', 'A', '2-104-A', 'Edi susanto', 'Tempursari 9', '', '', '0000-00-00', '', ''),
('02', '00104', 'b', '2-104-b', 'jonatan', 'tempursari 9', 'L', '', '1979-03-01', '', ''),
('02', '01040', 'A', '2-1040-A', 'Supardi', 'Tempursari 30', '', '', '0000-00-00', '', ''),
('02', '01041', 'A', '2-1041-A', 'Raji', 'Tempursari 24', '', '', '0000-00-00', '', ''),
('02', '01042', 'A', '2-1042-A', 'Kamin', 'Tempursari 25', 'l', '3507010108520029', '0000-00-00', '', ''),
('02', '01042', 'b', '2-1042-b', 'kantia', 'tempursari 25', 'p', '3507015606680004', '0000-00-00', '', ''),
('02', '01042', 'C', '2-1042-C', 'guntur', 'tempurasari 25', 'L', '', '0000-00-00', '', ''),
('02', '01043', 'A', '2-1043-A', 'Sutrisno', 'Tempursari 4', '', '', '0000-00-00', '', ''),
('02', '01044', 'A', '2-1044-A', 'Imam Rofi\'i', 'Sumbergentong 46', '', '', '0000-00-00', '', ''),
('02', '01045', 'A', '2-1045-A', 'Muhammad Syarofudin', 'Tempursari 21', '', '', '0000-00-00', '', ''),
('02', '01045', 'B', '2-1045-B', 'kurnia mega', 'tempursari 21', 'L', '', '0000-00-00', '', ''),
('02', '01045', 'C', '2-1045-C', 'Erna', 'Tempursari 21', 'P', '', '0000-00-00', '', ''),
('02', '01046', 'A', '2-1046-A', 'Harno', 'Sumbergentong 37', '', '', '0000-00-00', '', ''),
('02', '01047', 'A', '2-1047-A', 'Kariono', 'Tempursari 30/8', '', '', '0000-00-00', '', ''),
('02', '01048', 'A', '2-1048-A', 'Irvan', 'Tempursari 20', '', '', '0000-00-00', '', ''),
('02', '01049', 'A', '2-1049-A', 'Inwan', 'Tempursari 14', '', '', '0000-00-00', '', ''),
('02', '00105', 'A', '2-105-A', 'Muryani', 'Tempursari 10', 'L', '0001870252424', '1979-03-01', '', ''),
('02', '01050', 'A', '2-1050-A', 'Cahyono', 'Tempursari 26/7', '', '', '0000-00-00', '', ''),
('02', '01051', 'A', '2-1051-A', 'Ismanto', 'Tempursari 29/17', '', '', '0000-00-00', '', ''),
('02', '01052', 'A', '2-1052-A', 'Kateni', 'Sumbergentong 36/10', '', '', '0000-00-00', '', ''),
('02', '01053', 'A', '2-1053-A', 'Sutris', 'Tempursari 27/7', '', '', '0000-00-00', '', ''),
('02', '01053', 'B', '2-1053-B', 'fitri', 'tempursari 27/7', 'P', '', '0000-00-00', '', ''),
('02', '01054', 'A', '2-1054-A', 'Boani', 'Tempursari 25', '', '', '0000-00-00', '', ''),
('02', '01055', 'A', '2-1055-A', 'Sabariman', 'Tempursari 45', '', '', '0000-00-00', '', ''),
('02', '01056', 'A', '2-1056-A', 'Siswono', 'Tempursari 24', '', '', '0000-00-00', '', ''),
('02', '01057', 'A', '2-1057-A', 'Misiren', 'Tempursari 26/7', '', '', '0000-00-00', '', ''),
('02', '01058', 'A', '2-1058-A', 'Bukori', 'Tempursari 26/7', '', '', '0000-00-00', '', ''),
('02', '01059', 'A', '2-1059-A', 'Siswanto', 'Tempursari 41', '', '', '0000-00-00', '', ''),
('02', '00106', 'A', '2-106-A', 'Suhardi', 'Tempursari 42', '', '', '0000-00-00', '', ''),
('02', '01060', 'A', '2-1060-A', 'Eko W', 'Tempursari 02', '', '', '0000-00-00', '', ''),
('02', '01061', 'A', '2-1061-A', 'Soniman', 'Tempursari 11/3', '', '', '0000-00-00', '', ''),
('02', '01062', 'A', '2-1062-A', 'Edi Sukur', 'Tempursari 1', '', '', '0000-00-00', '', ''),
('02', '01063', 'A', '2-1063-A', 'Mbah Sombro', 'Tempursari 16', '', '', '0000-00-00', '', ''),
('02', '01064', 'A', '2-1064-A', 'Anggih', 'Sumbergentong 36', '', '', '0000-00-00', '', ''),
('02', '01065', 'A', '2-1065-A', 'samaji', 'Tempursari 3/1', '', '', '0000-00-00', '', ''),
('02', '01066', 'A', '2-1066-A', 'Mustajib', 'Tempursari 18', '', '', '0000-00-00', '', ''),
('02', '01067', 'A', '2-1067-A', 'Giati', 'Tempursari 21', '', '', '0000-00-00', '', ''),
('02', '01068', 'A', '2-1068-A', 'Suyadi', 'Tempursari 22', '', '', '0000-00-00', '', ''),
('02', '01069', 'A', '2-1069-A', 'Misirin', 'Tempursari 26', '', '', '0000-00-00', '', ''),
('02', '00107', 'A', '2-107-A', 'Sunami', 'Tempursari 45', '', '', '0000-00-00', '', ''),
('02', '01070', 'A', '2-1070-A', 'Semi / biran', 'Tempursari 6', '', '', '0000-00-00', '', ''),
('02', '01071', 'A', '2-1071-A', 'Kusdianto', 'Tempursari 23/6', '', '', '0000-00-00', '', ''),
('02', '01072', 'A', '2-1072-A', 'Kasiati', 'Tempursari 17/06', '', '', '0000-00-00', '', ''),
('02', '01073', 'A', '2-1073-A', 'MUNTARI', 'TEMPURSARI 25', '', '', '0000-00-00', '', ''),
('02', '01074', 'A', '2-1074-A', 'Ipul ', 'Tempursari 31', '', '', '0000-00-00', '', ''),
('02', '01075', 'A', '2-1075-A', 'Bejo', 'Tempursari 33/9', '', '', '0000-00-00', '', ''),
('02', '01076', 'A', '2-1076-A', 'Tukijan', 'Tempursari 28', '', '', '0000-00-00', '', ''),
('02', '01077', 'A', '2-1077-A', 'Mesiran', 'Tempursari 11/2', '', '', '0000-00-00', '', ''),
('02', '01078', 'A', '2-1078-A', 'Marsi', 'Tempursari 45', '', '', '0000-00-00', '', ''),
('02', '01079', 'A', '2-1079-A', 'Muhammad Yahya', 'Tempursari 21/5', 'L', '0001460440045', '0000-00-00', '', ''),
('02', '00108', 'A', '2-108-A', 'Gianto', 'Tempursari 33', '', '', '0000-00-00', '', ''),
('02', '01080', 'A', '2-1080-A', 'Wahab Asaroni', 'Tempursari 24/5', '', '', '0000-00-00', '', ''),
('02', '01081', 'A', '2-1081-A', 'Imam', 'Tempursari 26/7', '', '', '0000-00-00', '', ''),
('02', '01082', 'A', '2-1082-A', 'pairin', 'tempursari 25', '', '', '0000-00-00', '', ''),
('02', '01083', 'A', '2-1083-A', 'Riono', 'Tempursari 20', '', '', '0000-00-00', '', ''),
('02', '01083', 'B', '2-1083-B', 'suyati', 'tempursari 20', 'P', '', '0000-00-00', '', ''),
('02', '01084', 'A', '2-1084-A', 'Ismail', 'Tempursari 1/1', '', '', '0000-00-00', '', ''),
('02', '01085', 'A', '2-1085-A', 'Nur Taim', 'Tempursari 24/5', '', '', '0000-00-00', '', ''),
('02', '01086', 'A', '2-1086-A', 'Mariadi', 'Tempursari 27', '', '', '0000-00-00', '', ''),
('02', '01087', 'A', '2-1087-A', 'Gisah', 'Tempursari 27/7', '', '', '0000-00-00', '', ''),
('02', '01088', 'A', '2-1088-A', 'Muhammad Sodik', 'Tempursari 8/2', '', '', '0000-00-00', '', ''),
('02', '01089', 'A', '2-1089-A', 'Dul Rokim', 'Tempursari 41/11', '', '', '0000-00-00', '', ''),
('02', '00109', 'A', '2-109-A', 'Sahri', 'Tempursari 30', '', '', '0000-00-00', '', ''),
('02', '00109', 'b', '2-109-b', 'sunarmi', 'tempursari 30', 'p', '', '0000-00-00', '', ''),
('02', '01090', 'A', '2-1090-A', 'Sukemi', 'Tempursari 31', '', '', '0000-00-00', '', ''),
('02', '01091', 'A', '2-1091-A', 'Mul Kadiran', 'Tempursari 12', '', '', '0000-00-00', '', ''),
('02', '01092', 'A', '2-1092-A', 'Susiati', 'Tempursari 18/5', '', '', '0000-00-00', '', ''),
('02', '01093', 'A', '2-1093-A', 'Sukateno', 'Tempursari 26/7', '', '', '0000-00-00', '', ''),
('02', '01094', 'A', '2-1094-A', 'Supianto', 'Sumbergentong 39/10', '', '', '0000-00-00', '', ''),
('02', '01095', 'A', '2-1095-A', 'Heru Santoso', 'Tempursari 3/1', '', '', '0000-00-00', '', ''),
('02', '01096', 'A', '2-1096-A', 'Yoyok', 'Tempursari 29/8', '', '', '0000-00-00', '', ''),
('02', '01097', 'A', '2-1097-A', 'Supirin', 'Tempursari 30', '', '', '0000-00-00', '', ''),
('02', '01098', 'A', '2-1098-A', 'Irmina Titin', 'Tempursari 42', '', '', '0000-00-00', '', ''),
('02', '01099', 'A', '2-1099-A', 'Susilo', 'Tempursari 11/3', 'l', '', '0000-00-00', '', ''),
('02', '01099', 'b', '2-1099-b', 'arsen', 'tempursari 11/3', 'l', '', '0000-00-00', '', ''),
('02', '01099', 'c', '2-1099-c', 'devi', 'tempursari 11/3', 'p', '', '0000-00-00', '', ''),
('02', '01099', 'd', '2-1099-d', 'sri', 'tempursari 11/3', 'p', '', '0000-00-00', '', ''),
('02', '01099', 'e', '2-1099-e', 'supadi', 'tempursari 11/3', 'l', '', '0000-00-00', '', ''),
('02', '00011', 'A', '2-11-A', 'Kastubi', 'Tempursari 02/ Tempursari 15', '', '', '0000-00-00', '', ''),
('02', '00110', 'A', '2-110-A', 'gunawan', 'Tempursari 45', '', '', '0000-00-00', '', ''),
('02', '01100', 'A', '2-1100-A', 'Suparto', 'Sumbergentong 35', '', '', '0000-00-00', '', ''),
('02', '01101', 'A', '2-1101-A', 'Supriono', 'Tempursari 46/12', '', '', '0000-00-00', '', ''),
('02', '01102', 'A', '2-1102-A', 'Yateno', 'Tempursari 13/3', '', '', '0000-00-00', '', ''),
('02', '01103', 'A', '2-1103-A', 'Kamali', 'Tempursari 24/5', '', '', '0000-00-00', '', ''),
('02', '01104', 'A', '2-1104-A', 'Siswanto', 'Tempursari 44/10', '', '', '0000-00-00', '', ''),
('02', '01105', 'A', '2-1105-A', 'Hertoko', 'Tempursari 17/6', '', '', '0000-00-00', '', ''),
('02', '01106', 'A', '2-1106-A', 'Yaminah', 'Tempursari 30/8', 'p', '0002470244826', '0000-00-00', '', ''),
('02', '01106', 'b', '2-1106-b', 'nur laili fitria', 'tempursari 30/8', 'p', '0002470245254', '0000-00-00', '', ''),
('02', '01107', 'A', '2-1107-A', 'Heri Purnomo', 'Tempursari 21', 'L', '', '0000-00-00', '', ''),
('02', '01107', 'B', '2-1107-B', 'Yayuk', 'Tempursari 21', 'P', '', '0000-00-00', '', ''),
('02', '01107', 'C', '2-1107-C', 'Abi manyu', 'tempursari 21', 'L', '', '0000-00-00', '', ''),
('02', '01108', 'A', '2-1108-A', 'Mulyadi', 'Tempursari 27/7', '', '', '0000-00-00', '', ''),
('02', '01109', 'A', '2-1109-A', 'Suyadi', 'Tempursari 1', '', '', '0000-00-00', '', ''),
('02', '00111', 'A', '2-111-A', 'Edi Winanto', 'Tempursari 17', '', '', '0000-00-00', '', ''),
('02', '01110', 'A', '2-1110-A', 'Sutarno', 'Tempursari 23', '', '', '0000-00-00', '', ''),
('02', '01111', 'A', '2-1111-A', 'Suharmin', 'Tempursari 33/9', '', '', '0000-00-00', '', ''),
('02', '01112', 'A', '2-1112-A', 'Muhammad David', 'Tempursari 46', '', '', '0000-00-00', '', ''),
('02', '01113', 'A', '2-1113-A', 'Irhamsyah', 'Tempursari 18/5', '', '', '0000-00-00', '', ''),
('02', '01114', 'A', '2-1114-A', 'Mujiah', 'Tempursari 18', '', '', '0000-00-00', '', ''),
('02', '01115', 'A', '2-1115-A', 'Helna', 'Tempursari 3/1', '', '', '0000-00-00', '', ''),
('02', '01116', 'A', '2-1116-A', 'Saiful', 'Tempursari 24', '', '', '0000-00-00', '', ''),
('02', '01116', 'b', '2-1116-b', 'vita', 'tempursari 24', 'p', '', '0000-00-00', '', ''),
('02', '01117', 'A', '2-1117-A', 'Soirin', 'Tempursari 3/1', '', '', '0000-00-00', '', ''),
('02', '01118', 'A', '2-1118-A', 'Suwandi', 'Sumbergentong 43/11', '', '', '0000-00-00', '', ''),
('02', '01119', 'A', '2-1119-A', 'BANDUNGREJO', 'Tempursari 22/6', '', '', '0000-00-00', '', ''),
('02', '00112', 'A', '2-112-A', 'Ismail Marzuki', 'Tempursari ', '', '', '0000-00-00', '', ''),
('02', '01120', 'A', '2-1120-A', 'Mudi', 'Tempursari 12', '', '', '0000-00-00', '', ''),
('02', '01121', 'A', '2-1121-A', 'Rully', 'Tempursari 4/1', '', '', '0000-00-00', '', ''),
('02', '01122', 'A', '2-1122-A', 'Winardi', 'Tempursari', '', '', '0000-00-00', '', ''),
('02', '01123', 'A', '2-1123-A', 'Purwanto', 'Tempursari 14', '', '', '0000-00-00', '', ''),
('02', '01124', 'A', '2-1124-A', 'Aripin', 'Tempursari 26', '', '', '0000-00-00', '', ''),
('02', '01125', 'A', '2-1125-A', 'Pairin', 'Tempursari 34', '', '', '0000-00-00', '', ''),
('02', '01126', 'A', '2-1126-A', 'Nanang', 'Tempursari 9/3', '', '', '0000-00-00', '', ''),
('02', '01127', 'A', '2-1127-A', 'Muhammad Romli', 'Tempursari 1/1', '', '', '0000-00-00', '', ''),
('02', '01128', 'A', '2-1128-A', 'HAMDAN', 'TEMPURSARI 20', '', '', '0000-00-00', '', 'sama  02-289'),
('02', '01129', 'A', '2-1129-A', 'Karji', 'Tempursari 27', '', '', '0000-00-00', '', ''),
('02', '00113', 'A', '2-113-A', 'Suliadi', 'Tempursari 26', '', '', '0000-00-00', '', ''),
('02', '01130', 'A', '2-1130-A', 'Sunarko', 'Tempursari 11/3', '', '', '0000-00-00', '', ''),
('02', '01131', 'A', '2-1131-A', 'Tukini', 'Sumbergentong 37/10', '', '', '0000-00-00', '', ''),
('02', '01132', 'A', '2-1132-A', 'Tukiran', 'Sumbergentong 44/12', '', '', '0000-00-00', '', ''),
('02', '01133', 'A', '2-1133-A', 'Nanang', 'Sumbergentong 2/7', '', '', '0000-00-00', '', ''),
('02', '01134', 'A', '2-1134-A', 'Sukadi', 'Tempursari 14/4', '', '', '0000-00-00', '', ''),
('02', '01135', 'A', '2-1135-A', 'Sukimin', 'Tempursari 17', '', '', '0000-00-00', '', ''),
('02', '01136', 'A', '2-1136-A', 'Imam Safi\'i', 'Tempursari', '', '', '0000-00-00', '', ''),
('02', '01137', 'A', '2-1137-A', 'Muhammad Sakur', 'Tempursari 23/6', '', '', '0000-00-00', '', ''),
('02', '01138', 'A', '2-1138-A', 'Rusnanto', 'Sumbergentong 45/12', '', '', '0000-00-00', '', ''),
('02', '01139', 'A', '2-1139-A', 'Riadi Budi', 'Tempursari 19', '', '', '0000-00-00', '', ''),
('02', '00114', 'A', '2-114-A', 'Mugianto', 'Tempursari 45', '', '', '0000-00-00', '', ''),
('02', '01140', 'A', '2-1140-A', 'Ali Mustofa', 'Tempursari 26/7', '', '', '0000-00-00', '', ''),
('02', '01141', 'A', '2-1141-A', 'Jiono', 'Tempursari 1/1', '', '', '0000-00-00', '', ''),
('02', '01142', 'A', '2-1142-A', 'Sugianto', 'Tempursari 33/9', '', '', '0000-00-00', '', ''),
('02', '01143', 'A', '2-1143-A', 'Gaguk', 'Tempursari 01', '', '', '0000-00-00', '', ''),
('02', '01144', 'A', '2-1144-A', 'Siamah', 'Tempursari 22', '', '', '0000-00-00', '', ''),
('02', '01145', 'A', '2-1145-A', 'Iswantoko', 'Tempursari 27', '', '', '0000-00-00', '', ''),
('02', '01146', 'A', '2-1146-A', 'Saelah', 'Tempursari 24/5', '', '', '0000-00-00', '', ''),
('02', '01147', 'A', '2-1147-A', 'Sodik', 'Tempursari 30', '', '', '0000-00-00', '', ''),
('02', '01148', 'A', '2-1148-A', 'Tumirin', 'Tempursari 11', '', '', '0000-00-00', '', ''),
('02', '01149', 'A', '2-1149-A', 'Joko Sujarwo', 'tempursari 34/9', '', '', '0000-00-00', '', ''),
('02', '00115', 'A', '2-115-A', 'Nuril Anwar', 'Tempursari 22', '', '', '0000-00-00', '', ''),
('02', '01150', 'A', '2-1150-A', 'Misdiono', 'Donomulyo 11/3', '', '', '0000-00-00', '', ''),
('02', '01151', 'A', '2-1151-A', 'Harno', 'Tempursari 19/4', '', '', '0000-00-00', '', ''),
('02', '01152', 'A', '2-1152-A', 'Fauzi', 'Tempursari 14', '', '', '0000-00-00', '', ''),
('02', '01153', 'A', '2-1153-A', 'Suroto', 'Tempursari 26', '', '', '0000-00-00', '', ''),
('02', '01154', 'A', '2-1154-A', 'Saripan', 'Tempursari 7/2', '', '', '0000-00-00', '', ''),
('02', '01155', 'A', '2-1155-A', 'Efendi', 'Tempursari 31', '', '', '0000-00-00', '', ''),
('02', '01156', 'A', '2-1156-A', 'Amat (Supin)', 'Tempursari 19', '', '', '0000-00-00', '', ''),
('02', '01157', 'A', '2-1157-A', 'Tumini', 'Tempursari 18', '', '', '0000-00-00', '', ''),
('02', '01158', 'A', '2-1158-A', 'Tumidi', 'Tempursari 26', '', '', '0000-00-00', '', ''),
('02', '01159', 'A', '2-1159-A', 'Tumar Kosidin', 'Tempursari 30/8', '', '', '0000-00-00', '', ''),
('02', '00116', 'A', '2-116-A', 'Suyitno', 'Tempursari 25', '', '', '0000-00-00', '', ''),
('02', '01160', 'A', '2-1160-A', 'Supremi', 'Tempursari 06/01', '', '', '0000-00-00', '', ''),
('02', '01161', 'A', '2-1161-A', 'Muhammad Ilhamsyah', 'Tempursari 18', '', '', '0000-00-00', '', ''),
('02', '01162', 'A', '2-1162-A', 'Kuat Satoto', 'Tempursari 6', '', '', '0000-00-00', '', ''),
('02', '01163', 'A', '2-1163-A', '', '', '', '', '0000-00-00', '', ''),
('02', '01164', 'A', '2-1164-A', 'Eko Setiawan', 'Tempursari 3/1', 'L', '0001536354775', '0000-00-00', '', ''),
('02', '01164', 'b', '2-1164-b', 'astanti', 'tempursari 3/1', 'P', '0001536354819', '0000-00-00', '', ''),
('02', '01164', 'c', '2-1164-c', 'sen sen', 'tempursari 3/1', 'L', '0001536354854', '0000-00-00', '', ''),
('02', '01165', 'A', '2-1165-A', 'Minto', 'Tempursari 19', 'l', '3507010307630002', '0000-00-00', '', ''),
('02', '01165', 'b', '2-1165-b', 'suminah', '', '', '', '0000-00-00', '', ''),
('02', '01166', 'A', '2-1166-A', 'Sumardi', 'Tempursari 37', '', '', '0000-00-00', '', ''),
('02', '01167', 'A', '2-1167-A', 'Untung', 'Tempursari 22/06', '', '', '0000-00-00', '', ''),
('02', '01168', 'A', '2-1168-A', 'Rina', 'Tempursari 19', '', '', '0000-00-00', '', ''),
('02', '01169', 'A', '2-1169-A', 'Dino', 'Tempursari 22/06', '', '', '0000-00-00', '', ''),
('02', '00117', 'A', '2-117-A', 'Supani ', 'Tempursari 26', '', '', '0000-00-00', '', ''),
('02', '01170', 'A', '2-1170-A', 'Supriono', 'Tempursari 39', '', '', '0000-00-00', '', ''),
('02', '01171', 'A', '2-1171-A', 'Sutakat', 'Tempursari 12', '', '', '0000-00-00', '', ''),
('02', '01172', 'A', '2-1172-A', 'Edi Tanto', 'Tempursari 10/3', '', '', '0000-00-00', '', ''),
('02', '01173', 'A', '2-1173-A', 'Daroji', 'Tempursari 22/06', '', '', '0000-00-00', '', ''),
('02', '01174', 'A', '2-1174-A', 'Dianto', 'Tempursari 19', '', '', '0000-00-00', '', ''),
('02', '01175', 'A', '2-1175-A', 'Andik Swanto', 'Tempursari 33/9', '', '', '0000-00-00', '', ''),
('02', '01176', 'A', '2-1176-A', 'Slamet Sutejo', 'Tempursari 22', '', '', '0000-00-00', '', ''),
('02', '01177', 'A', '2-1177-A', 'Sumi', 'Tempursari 20', '', '', '0000-00-00', '', ''),
('02', '01178', 'A', '2-1178-A', 'Syayin', 'Tempursari 14/4', 'L', '', '0000-00-00', '', ''),
('02', '01178', 'B', '2-1178-B', 'Sugiani', 'Tempursari 14/4', 'P', '', '0000-00-00', '', ''),
('02', '01179', 'A', '2-1179-A', 'imam suaidi', 'Tempursari 17', 'l', '0001729112062', '0000-00-00', '', ''),
('02', '01179', 'b', '2-1179-b', 'suyati', 'tps 17', 'p', '0001729112073', '0000-00-00', '', ''),
('02', '00118', 'A', '2-118-A', 'David Gustanto', 'Tempursari 5', '', '', '0000-00-00', '', ''),
('02', '01180', 'A', '2-1180-A', 'Abdul Aziz', 'Tempursari 38', '', '', '0000-00-00', '', ''),
('02', '01181', 'A', '2-1181-A', 'Supadi', 'Tempursari 39/10', '', '', '0000-00-00', '', ''),
('02', '01182', 'A', '2-1182-A', 'Choirul Da\'i', 'Tempursari 31', '', '', '0000-00-00', '', ''),
('02', '01183', 'A', '2-1183-A', 'Juma\'in', 'Tempursari 19/04', '', '', '0000-00-00', '', ''),
('02', '01184', 'A', '2-1184-A', 'Tukul', 'Tempursari 13/3', '', '', '0000-00-00', '', ''),
('02', '01185', 'A', '2-1185-A', 'Yuli', 'Tempursari 46', '', '', '0000-00-00', '', ''),
('02', '01186', 'A', '2-1186-A', 'Agung Dwi', 'Tempursari 6', '', '', '0000-00-00', '', ''),
('02', '01187', 'A', '2-1187-A', 'Hari Sukatno', 'Tempursari 20/4', '', '', '0000-00-00', '', ''),
('02', '01188', 'A', '2-1188-A', 'Samsul Arifin', 'Tempursari 1/1', '', '', '0000-00-00', '', ''),
('02', '01189', 'A', '2-1189-A', 'Supardi', 'Tempursari 9', '', '', '0000-00-00', '', ''),
('02', '00119', 'A', '2-119-A', 'Yahmi', 'Tempursari 30', '', '', '0000-00-00', '', ''),
('02', '01190', 'A', '2-1190-A', 'Budi Santoso', 'Tempursari 15', '', '', '0000-00-00', '', ''),
('02', '01191', 'A', '2-1191-A', 'Boiyem', 'Tempursari 17', '', '', '0000-00-00', '', ''),
('02', '01192', 'A', '2-1192-A', 'Samaji', 'Tempursari 3/1', '', '', '0000-00-00', '', ''),
('02', '01193', 'A', '2-1193-A', 'Mujib', 'Tempursari 21/5', '', '', '0000-00-00', '', ''),
('02', '01194', 'A', '2-1194-A', 'Kasidi', 'Tempursari 17', '', '', '0000-00-00', '', ''),
('02', '01194', 'b', '2-1194-b', 'suriyem', 'tempursari 17', 'p', '', '0000-00-00', '', ''),
('02', '01194', 'c', '2-1194-c', 'wahyu nunung', 'tempursari 17', 'p', '', '0000-00-00', '', ''),
('02', '01195', 'A', '2-1195-A', 'Kristiono', 'Tempursari 16', '', '', '0000-00-00', '', ''),
('02', '01196', 'A', '2-1196-A', 'Watimin', 'Tempursari 2/1', '', '', '0000-00-00', '', ''),
('02', '01197', 'A', '2-1197-A', 'Sujianto', 'Sumbergentong 34', '', '', '0000-00-00', '', ''),
('02', '01198', 'A', '2-1198-A', 'Yudianto', 'Sumbergentong 45/12', '', '', '0000-00-00', '', ''),
('02', '01199', 'A', '2-1199-A', 'Kacung', 'Sumbergentong 45/12', '', '', '0000-00-00', '', ''),
('02', '00012', 'A', '2-12-A', 'Langgeng', 'Tempursari 15', '', '', '0000-00-00', '', ''),
('02', '00120', 'A', '2-120-A', 'Suprapto', 'Tempursari 6', 'L', '', '0000-00-00', '', ''),
('02', '01200', 'A', '2-1200-A', 'Rio Edo', 'Tempursari 5/1', '', '', '0000-00-00', '', ''),
('02', '01201', 'A', '2-1201-A', 'Sudian', 'Tempursari 45/12', '', '', '0000-00-00', '', ''),
('02', '01202', 'A', '2-1202-A', 'Riswadi', 'Tempursari 27', '', '', '0000-00-00', '', ''),
('02', '01203', 'A', '2-1203-A', 'Boinem', 'Tempursari 26', '', '', '0000-00-00', '', ''),
('02', '01204', 'A', '2-1204-A', 'kuswanda', 'Tempursari 04', '', '', '0000-00-00', '', ''),
('02', '01205', 'A', '2-1205-A', 'Siti Khalimah', 'Tempursari 22', '', '', '0000-00-00', '', ''),
('02', '01206', 'A', '2-1206-A', 'Abdullah Jafar', 'Sumbergentong 39', '', '', '0000-00-00', '', ''),
('02', '01207', 'A', '2-1207-A', 'Handoko', 'Tempursari 16', '', '', '0000-00-00', '', ''),
('02', '01208', 'A', '2-1208-A', 'Andika', 'Tempursari 39/10', '', '', '0000-00-00', '', ''),
('02', '01209', 'A', '2-1209-A', 'Misiyan', 'Tempursari 19', '', '', '0000-00-00', '', ''),
('02', '00121', 'A', '2-121-A', 'Sumardi', 'Tempursari 45', '', '', '0000-00-00', '', ''),
('02', '01210', 'A', '2-1210-A', 'Supandi', 'Tempursari 15', '', '', '0000-00-00', '', ''),
('02', '01211', 'A', '2-1211-A', 'Risdiyanto', 'Tempursari 39', '', '', '0000-00-00', '', ''),
('02', '01212', 'A', '2-1212-A', 'Yasri', 'Tempursari 11/3', '', '', '0000-00-00', '', ''),
('02', '01213', 'A', '2-1213-A', 'Sukarno Hadi', 'Tempursari 7/2', '', '', '0000-00-00', '', ''),
('02', '01214', 'A', '2-1214-A', 'Abdul Sukur', 'Sumbergentong 39/10', '', '', '0000-00-00', '', ''),
('02', '01215', 'A', '2-1215-A', 'Ari', 'Tempursari 40', '', '', '0000-00-00', '', ''),
('02', '01216', 'A', '2-1216-A', 'Wasiat', 'Tempursari 37', '', '', '0000-00-00', '', ''),
('02', '01217', 'A', '2-1217-A', 'Tatik', 'Tempursari 4', '', '', '0000-00-00', '', ''),
('02', '01218', 'A', '2-1218-A', 'Tumprap', 'Tempursari 9', '', '', '0000-00-00', '', ''),
('02', '01219', 'A', '2-1219-A', 'Jian', 'Tempursari 37/10', '', '', '0000-00-00', '', ''),
('02', '00122', 'A', '2-122-A', 'Sulistiono', 'Tempursari 30', '', '', '0000-00-00', '', ''),
('02', '01220', 'A', '2-1220-A', 'Heri Prianto', 'Tempursari 14/4', '', '', '0000-00-00', '', ''),
('02', '01221', 'A', '2-1221-A', 'Poniran', 'Tempursari 12', '', '', '0000-00-00', '', ''),
('02', '01222', 'A', '2-1222-A', 'Slamet', 'Tempursari 38/10', '', '', '0000-00-00', '', ''),
('02', '01223', 'A', '2-1223-A', 'Wahyudi', 'Tempursari 14/4', '', '', '0000-00-00', '', ''),
('02', '01224', 'A', '2-1224-A', 'M. Amin', 'Tempursari 12/3', '', '', '0000-00-00', '', ''),
('02', '01225', 'A', '2-1225-A', 'Elvianto Wihatno', 'Tempursari 16', 'L', '3507011809740001', '0000-00-00', '', ''),
('02', '01225', 'B', '2-1225-B', 'doxana putri parahita', 'tempursari 16', 'P', '0001107049443', '0000-00-00', '', ''),
('02', '01226', 'A', '2-1226-A', 'Mesrianto', 'Tempursari 13', '', '', '0000-00-00', '', ''),
('02', '01227', 'A', '2-1227-A', 'Slamet Bati', 'Tempursari 29/8', 'L', '', '1970-03-06', '', ''),
('02', '01228', 'A', '2-1228-A', 'Sugiono', 'Tempursari 6/2', '', '', '0000-00-00', '', ''),
('02', '01229', 'A', '2-1229-A', 'Supandi', 'Tempursari 34', '', '', '0000-00-00', '', ''),
('02', '00123', 'A', '2-123-A', 'Eko', 'Tempursari 25', '', '', '0000-00-00', '', ''),
('02', '01230', 'A', '2-1230-A', 'KAMIN', 'TEMPURSARI 25', '', '', '0000-00-00', '', ''),
('02', '01231', 'A', '2-1231-A', 'Kasim', 'Tempursari 4/1', 'L', '', '0000-00-00', '', ''),
('02', '01232', 'A', '2-1232-A', 'Sunardi', 'Tempursari 32', '', '', '0000-00-00', '', ''),
('02', '01233', 'A', '2-1233-A', 'Yudianto', 'Tempursari 1/1', '', '', '0000-00-00', '', ''),
('02', '01234', 'A', '2-1234-A', 'Sundari', 'Tempursari 25/4', '', '', '0000-00-00', '', ''),
('02', '01235', 'A', '2-1235-A', 'Agus Tribakti', 'Tempursari 26', '', '', '0000-00-00', '', ''),
('02', '01236', 'A', '2-1236-A', 'Yunar', 'Tempursari 29/8', '', '', '0000-00-00', '', ''),
('02', '01237', 'A', '2-1237-A', 'Tukiyem', 'Tempursari 10', '', '', '0000-00-00', '', ''),
('02', '01238', 'A', '2-1238-A', 'Suyanto', 'Tempursari 17', '', '', '0000-00-00', '', ''),
('02', '01239', 'A', '2-1239-A', 'Roland', 'Tempursari 16', '', '', '0000-00-00', '', ''),
('02', '00124', 'A', '2-124-A', 'Samsul', 'Tempursari 39', '', '', '0000-00-00', '', ''),
('02', '01240', 'A', '2-1240-A', 'Kasturi', 'Tempursari 26', '', '', '0000-00-00', '', ''),
('02', '01241', 'A', '2-1241-A', 'Abdul Sukur', 'Tempursari 24/5', '', '', '0000-00-00', '', ''),
('02', '01242', 'A', '2-1242-A', 'Supriono', 'Tempursri 45/12', '', '', '0000-00-00', '', ''),
('02', '01243', 'A', '2-1243-A', 'Suranto', 'Tempursari 1/1', '', '', '0000-00-00', '', ''),
('02', '01244', 'A', '2-1244-A', 'Muhammad Amin', 'Tempursari 12/3', '', '', '0000-00-00', '', ''),
('02', '01245', 'A', '2-1245-A', 'Sri Lestari', 'Tempursari 23', '', '', '0000-00-00', '', ''),
('02', '01246', 'A', '2-1246-A', 'Takrip', 'Tempursari 29/8', '', '', '0000-00-00', '', ''),
('02', '01247', 'A', '2-1247-A', 'Suwadi', 'Tempursari 25', '', '', '0000-00-00', '', ''),
('02', '01248', 'A', '2-1248-A', 'Supiyan', 'Tempursari', '', '', '0000-00-00', '', ''),
('02', '01249', 'A', '2-1249-A', 'Sarifudin', 'Tempursari 30', '', '', '0000-00-00', '', ''),
('02', '00125', 'A', '2-125-A', 'Suminah', 'Tempursari 7', '', '', '0000-00-00', '', ''),
('02', '01250', 'A', '2-1250-A', 'Tukani', 'Tempursari 31/8', '', '', '0000-00-00', '', ''),
('02', '01251', 'A', '2-1251-A', 'Warsi', 'Sumbergentong 32/9', '', '', '0000-00-00', '', ''),
('02', '01252', 'A', '2-1252-A', 'Nanang', 'Tempursari 43', '', '', '0000-00-00', '', ''),
('02', '01253', 'A', '2-1253-A', 'Mukri', 'Tempursari 46', '', '', '0000-00-00', '', ''),
('02', '01254', 'A', '2-1254-A', 'Supardi', 'Tempursari 9/2', '', '', '0000-00-00', '', ''),
('02', '01255', 'A', '2-1255-A', 'Sawon', 'Tempursari 18', '', '', '0000-00-00', '', ''),
('02', '01256', 'A', '2-1256-A', 'Mariem', 'Tempursari 18', '', '', '0000-00-00', '', ''),
('02', '01257', 'A', '2-1257-A', 'Muhlisin', 'Sumbergentong 45/12', '', '', '0000-00-00', '', ''),
('02', '01258', 'A', '2-1258-A', 'Suyanto', 'Tempursari 17/06', '', '', '0000-00-00', '', ''),
('02', '01259', 'A', '2-1259-A', 'Agung', 'Tempursari 15', '', '', '0000-00-00', '', ''),
('02', '00126', 'A', '2-126-A', 'Ikwan Malik', 'Tempursari 24', '', '', '0000-00-00', '', ''),
('02', '01260', 'A', '2-1260-A', 'Siswanto', 'Tempursari 45', '', '', '0000-00-00', '', ''),
('02', '01261', 'A', '2-1261-A', 'Sunarko', 'Tempursari 6', '', '', '0000-00-00', '', ''),
('02', '01262', 'A', '2-1262-A', 'Rudi', 'Tempursari 28', '', '', '0000-00-00', '', ''),
('02', '01263', 'A', '2-1263-A', 'Suyitno', 'Tempursari 30/8', '', '', '0000-00-00', '', ''),
('02', '01264', 'A', '2-1264-A', 'Ponidi', 'Tempursari 45/12', '', '', '0000-00-00', '', ''),
('02', '01265', 'A', '2-1265-A', 'Narwidi', 'Sumbergentong 37', '', '', '0000-00-00', '', ''),
('02', '01266', 'A', '2-1266-A', 'Koiri', 'Tempursari 21/5', '', '', '0000-00-00', '', ''),
('02', '01267', 'A', '2-1267-A', 'Mispan Sujatmono', 'Tempursari 40/11', '', '', '0000-00-00', '', ''),
('02', '01268', 'A', '2-1268-A', 'Frambayu', 'Tempursari 3', '', '', '0000-00-00', '', ''),
('02', '01269', 'A', '2-1269-A', 'Purwanto', 'Tempursari 33', '', '', '0000-00-00', '', ''),
('02', '00127', 'A', '2-127-A', 'Jani', 'Tempursari 23', '', '', '0000-00-00', '', ''),
('02', '01270', 'A', '2-1270-A', 'Wiri', 'Sumbergentong 45', '', '', '0000-00-00', '', ''),
('02', '01271', 'A', '2-1271-A', 'Joko', 'Tempursari 19/4', '', '', '0000-00-00', '', ''),
('02', '01272', 'A', '2-1272-A', 'Mainem', 'Tempursari 43', '', '', '0000-00-00', '', ''),
('02', '01273', 'A', '2-1273-A', 'Abdul Manab', 'Tempursari 26/7', '', '', '0000-00-00', '', ''),
('02', '01274', 'A', '2-1274-A', 'Feri', 'Tempursari 28', '', '', '0000-00-00', '', ''),
('02', '01275', 'A', '2-1275-A', 'Jatum', 'Sumbergentong 42', '', '', '0000-00-00', '', ''),
('02', '01276', 'A', '2-1276-A', 'Randi Suseno', 'Tempursari 42/11', '', '', '0000-00-00', '', ''),
('02', '01277', 'A', '2-1277-A', 'Rupini', 'Tempursari 20/4', '', '', '0000-00-00', '', ''),
('02', '01278', 'A', '2-1278-A', 'Tukirin', 'Tempursari 10/3', '', '', '0000-00-00', '', ''),
('02', '01279', 'A', '2-1279-A', 'Anang Hidayat', 'Tempursari 5/1', '', '', '0000-00-00', '', ''),
('02', '00128', 'A', '2-128-A', 'Indarto', 'Tempursari ', '', '', '0000-00-00', '', ''),
('02', '01280', 'A', '2-1280-A', 'Anandita', 'Tempursari 39/10', '', '', '0000-00-00', '', ''),
('02', '01281', 'A', '2-1281-A', 'Nurwanto', 'Tempursari 19/4', '', '', '0000-00-00', '', ''),
('02', '01281', 'b', '2-1281-b', 'ferina ', 'tempursari 19/4', 'p', '0002929131448', '0000-00-00', '', ''),
('02', '01282', 'A', '2-1282-A', 'Tukino', 'Tempursari 20', '', '', '0000-00-00', '', ''),
('02', '01283', 'A', '2-1283-A', 'Sumarti', 'Tempursari 42', '', '', '0000-00-00', '', ''),
('02', '01284', 'A', '2-1284-A', 'Kur', 'Tempursari 22/6', '', '', '0000-00-00', '', ''),
('02', '01285', 'A', '2-1285-A', 'Wagirin', 'Tempursari 37/10', '', '', '0000-00-00', '', ''),
('02', '01286', 'A', '2-1286-A', 'Karno', 'Tempursari 9', '', '', '0000-00-00', '', ''),
('02', '01287', 'A', '2-1287-A', 'Wasima', 'Tempursari 27', '', '', '0000-00-00', '', ''),
('02', '01288', 'A', '2-1288-A', 'Arif', 'Tempursari 27', '', '', '0000-00-00', '', ''),
('02', '01289', 'A', '2-1289-A', 'Eko', 'Tempursari 30', '', '', '0000-00-00', '', ''),
('02', '00129', 'A', '2-129-A', 'Zainul Yusroh', 'Tempursari 17', '', '', '0000-00-00', '', ''),
('02', '01290', 'A', '2-1290-A', 'Juprianto', 'Tempursari 43', '', '', '0000-00-00', '', ''),
('02', '01291', 'A', '2-1291-A', 'Sumiskat', 'Tempursari 38/10', '', '', '0000-00-00', '', ''),
('02', '01292', 'A', '2-1292-A', 'Fatkul Aziz', 'Tempursari 21/6', '', '', '0000-00-00', '', ''),
('02', '01292', 'B', '2-1292-B', 'm  faiz', 'tempursari 21/6', 'L', '', '0000-00-00', '', ''),
('02', '01293', 'A', '2-1293-A', 'Sujito', 'Tempursari 16/6', '', '', '0000-00-00', '', ''),
('02', '01294', 'A', '2-1294-A', 'Soiman', 'Tempursari 13', '', '', '0000-00-00', '', ''),
('02', '01295', 'A', '2-1295-A', 'Gunawan', 'Tempursari 20', '', '', '0000-00-00', '', ''),
('02', '01296', 'A', '2-1296-A', 'Sutarto', 'Tempursari 3/1', '', '', '0000-00-00', '', ''),
('02', '01297', 'A', '2-1297-A', 'Lasmono', 'Tempursari 20', '', '', '0000-00-00', '', ''),
('02', '01298', 'A', '2-1298-A', 'Situk', 'Tempursari 10/3', '', '', '0000-00-00', '', ''),
('02', '01299', 'A', '2-1299-A', 'Sepiani', 'Tempursari 4/1', 'P', '', '1977-03-04', '', ''),
('02', '00013', 'A', '2-13-A', 'Anas Nasrudin', 'Tempursari 24', '', '', '0000-00-00', '', ''),
('02', '00130', 'A', '2-130-A', 'Supardi', 'Tempursari 31', '', '', '0000-00-00', '', ''),
('02', '01300', 'A', '2-1300-A', 'Jemiyem', 'Tempursari 6', '', '', '0000-00-00', '', ''),
('02', '01301', 'A', '2-1301-A', 'Katirin', 'Tempursari 27/7', '', '', '0000-00-00', '', ''),
('02', '01302', 'A', '2-1302-A', 'Harwantoro', 'Tempursari 30/8', '', '', '0000-00-00', '', ''),
('02', '01303', 'A', '2-1303-A', 'Kuntadi', 'Tempursari 11/3', '', '', '0000-00-00', '', ''),
('02', '01304', 'A', '2-1304-A', 'Mesian', 'Tempursari 2/1', '', '', '0000-00-00', '', ''),
('02', '01305', 'A', '2-1305-A', 'Paniyo', 'Tempursari 35/9', '', '', '0000-00-00', '', ''),
('02', '01305', 'B', '2-1305-B', 'sri widayati', 'tempursari 35/9', 'P', '', '0000-00-00', '', ''),
('02', '01306', 'A', '2-1306-A', 'Purwoko', 'Tempursari 34/9', '', '', '0000-00-00', '', ''),
('02', '01307', 'A', '2-1307-A', 'Nur Arifin', 'Tempursari 19', '', '', '0000-00-00', '', ''),
('02', '01308', 'A', '2-1308-A', 'Rozikin', 'Tempursari 42', '', '', '0000-00-00', '', ''),
('02', '01309', 'A', '2-1309-A', 'Sukri', 'Tempursari 46/12', '', '', '0000-00-00', '', ''),
('02', '00131', 'A', '2-131-A', 'Siswanto', 'Tempursari 15', '', '', '0000-00-00', '', ''),
('02', '01310', 'A', '2-1310-A', 'Yati', 'Tempursari 6/2', '', '', '0000-00-00', '', ''),
('02', '01311', 'A', '2-1311-A', 'Purwanto', 'Tempursari 29', '', '', '0000-00-00', '', ''),
('02', '01312', 'A', '2-1312-A', 'Bambang Sutrisno', 'Tempursari 41/11', '', '', '0000-00-00', '', ''),
('02', '01313', 'A', '2-1313-A', 'Tentrem', 'Tempursari 19', '', '', '0000-00-00', '', ''),
('02', '01314', 'A', '2-1314-A', 'Maridi', 'Tempursari 28/8', '', '', '0000-00-00', '', ''),
('02', '01315', 'A', '2-1315-A', 'Kasmadi', 'Tempursari 10/14', '', '', '0000-00-00', '', ''),
('02', '01316', 'A', '2-1316-A', 'Arifin', 'Tempursari 18', '', '', '0000-00-00', '', ''),
('02', '01317', 'A', '2-1317-A', 'Tukiman', 'Tempursari 40/11', '', '', '0000-00-00', '', ''),
('02', '01318', 'A', '2-1318-A', 'Edi Sutikno', 'Tempursari 17', '', '', '0000-00-00', '', ''),
('02', '01319', 'A', '2-1319-A', 'Edi Sukonawan', 'Tempursari 9', '', '', '0000-00-00', '', ''),
('02', '00132', 'A', '2-132-A', '0', 'Tempursari 24', '', '', '0000-00-00', '', ''),
('02', '01320', 'A', '2-1320-A', 'Tumiren/Gisan', 'Tempursari 30', '', '', '0000-00-00', '', ''),
('02', '01321', 'A', '2-1321-A', 'Muhammad Imron', 'Tempursari 18/5', '', '', '0000-00-00', '', ''),
('02', '01322', 'A', '2-1322-A', 'Yuli', 'Sumbergentong 45/12', '', '', '0000-00-00', '', ''),
('02', '01323', 'A', '2-1323-A', 'Widiyanto', 'Tempursari 12/3', '', '', '0000-00-00', '', ''),
('02', '01324', 'A', '2-1324-A', 'Subowo', 'Tempursari 19', '', '', '0000-00-00', '', ''),
('02', '01325', 'A', '2-1325-A', 'Zainul Rois', 'Tempursari 2/1', '', '', '0000-00-00', '', ''),
('02', '01326', 'A', '2-1326-A', 'Yudianto', 'Tempursari 15', '', '', '0000-00-00', '', ''),
('02', '01327', 'A', '2-1327-A', 'Heru Iswanto', 'Tempursari 12/3', '', '', '0000-00-00', '', ''),
('02', '01328', 'A', '2-1328-A', 'Juono', 'Sumbergentong', '', '', '0000-00-00', '', ''),
('02', '01329', 'A', '2-1329-A', 'Suwandi', 'Sumbergentong 40/11', '', '', '0000-00-00', '', ''),
('02', '00133', 'A', '2-133-A', 'Hadi', 'Tempursari 18', '', '', '0000-00-00', '', ''),
('02', '01330', 'A', '2-1330-A', 'Kristianto', 'Tempursari 38', '', '', '0000-00-00', '', ''),
('02', '01331', 'A', '2-1331-A', '', 'Tempursari 2', '', '', '0000-00-00', '', ''),
('02', '01332', 'A', '2-1332-A', 'Heru', 'Tempursari 13/3', '', '', '0000-00-00', '', ''),
('02', '01333', 'A', '2-1333-A', 'Said Suprapto', 'Tempursari 30/8', '', '', '0000-00-00', '', ''),
('02', '01334', 'A', '2-1334-A', 'Tumiran', 'Tempursari 12', '', '', '0000-00-00', '', ''),
('02', '01335', 'A', '2-1335-A', 'Rubiyem', 'Tempursari 29', '', '', '0000-00-00', '', ''),
('02', '01336', 'A', '2-1336-A', 'Gimin', 'Tempursari 40/11', '', '', '0000-00-00', '', ''),
('02', '01337', 'A', '2-1337-A', 'Marido', 'Tempursari 15', 'l', '', '0000-00-00', '', ''),
('02', '01337', 'b', '2-1337-b', 'mursini', 'tempursari 15', 'p', '', '0000-00-00', '', ''),
('02', '01338', 'A', '2-1338-A', 'Eri Susanto', 'Tempursari 24/5', '', '', '0000-00-00', '', ''),
('02', '01339', 'A', '2-1339-A', 'Irwan Catur', 'Sumbergentong 36/10', '', '', '0000-00-00', '', ''),
('02', '00134', 'A', '2-134-A', 'Sholeh', 'Tempursari 17', '', '', '0000-00-00', '', ''),
('02', '01340', 'A', '2-1340-A', 'Suyadi', 'Tempursari 32', '', '', '0000-00-00', '', ''),
('02', '01341', 'A', '2-1341-A', 'Purwadi', 'Tempursari 15/5', '', '', '0000-00-00', '', ''),
('02', '01342', 'A', '2-1342-A', 'Riono Makruf', 'Tempursari 30/8', '', '', '0000-00-00', '', ''),
('02', '01343', 'A', '2-1343-A', 'Deni', 'Tempursari 41/11', '', '', '0000-00-00', '', ''),
('02', '01344', 'A', '2-1344-A', 'Surya', 'Tempursari 38/10', '', '', '0000-00-00', '', ''),
('02', '01345', 'A', '2-1345-A', 'Argono', 'Tempursari 25/04', '', '', '0000-00-00', '', ''),
('02', '01346', 'A', '2-1346-A', 'Sukimin', 'Tempursari 10/3', '', '', '0000-00-00', '', ''),
('02', '01347', 'A', '2-1347-A', 'Boinem', 'Tempursari 34', '', '', '0000-00-00', '', ''),
('02', '01348', 'A', '2-1348-A', 'Mohammad Aris', 'Tempursari 6/1', '', '', '0000-00-00', '', ''),
('02', '01349', 'A', '2-1349-A', 'Paniem', 'Tempursari 38/10', '', '', '0000-00-00', '', ''),
('02', '00135', 'A', '2-135-A', 'Wagiyem', 'Tempursari 36', '', '', '0000-00-00', '', ''),
('02', '01350', 'A', '2-1350-A', 'Suhartawan', 'Tempursari 6/1', '', '', '0000-00-00', '', ''),
('02', '01351', 'A', '2-1351-A', 'Widiantoro', 'Tempursari 1/1', '', '', '0000-00-00', '', ''),
('02', '01352', 'A', '2-1352-A', 'Hasan adi Kurniawan', 'Tempursari 15/5', '', '', '0000-00-00', '', ''),
('02', '01353', 'A', '2-1353-A', 'Tutiari', 'Tempursari 35', '', '', '0000-00-00', '', ''),
('02', '01354', 'A', '2-1354-A', 'Joni Kartika', 'Sumbergentong 45/12', '', '', '0000-00-00', '', ''),
('02', '01355', 'A', '2-1355-A', 'Tumiran', 'Tempursari 13/3', '', '', '0000-00-00', '', ''),
('02', '01356', 'A', '2-1356-A', 'Muhammad Ismail', 'Tempursari 21/5', '', '', '0000-00-00', '', ''),
('02', '01357', 'A', '2-1357-A', 'Aan Al amin', 'Tempursari 20', '', '', '0000-00-00', '', ''),
('02', '01358', 'A', '2-1358-A', 'Misidi', 'Tempursari 25', '', '', '0000-00-00', '', ''),
('02', '01359', 'A', '2-1359-A', 'Abidin', 'Tempursari 9/2', '', '', '0000-00-00', '', ''),
('02', '00136', 'A', '2-136-A', 'Hendrik', 'Tempursari 9', '', '', '0000-00-00', '', ''),
('02', '01360', 'A', '2-1360-A', 'Antok Susanto', 'Tempursari 9/2', '', '', '0000-00-00', '', ''),
('02', '01361', 'A', '2-1361-A', 'Edi Sukarmawan', 'Tempursari 9', '', '', '0000-00-00', '', ''),
('02', '01362', 'A', '2-1362-A', 'Sujianto', 'Tempursari', '', '', '0000-00-00', '', ''),
('02', '01363', 'A', '2-1363-A', 'Sunardi', 'Tempursari 17', '', '', '0000-00-00', '', ''),
('02', '01364', 'A', '2-1364-A', 'Suripto', 'Tlogosari 19', '', '', '0000-00-00', '', ''),
('02', '01365', 'A', '2-1365-A', 'Imam', 'Tempursari 26', '', '', '0000-00-00', '', ''),
('02', '01366', 'A', '2-1366-A', 'Jumain', 'Tempursari 19/4', '', '', '0000-00-00', '', ''),
('02', '01367', 'A', '2-1367-A', 'Galuh', 'Tempursari 25/4', '', '', '0000-00-00', '', ''),
('02', '01368', 'A', '2-1368-A', 'Agus Arif Wibowo', 'Tempursari 31/03', '', '', '0000-00-00', '', ''),
('02', '01369', 'A', '2-1369-A', 'Nawidi', 'Tempursari 45/12', '', '', '0000-00-00', '', ''),
('02', '00137', 'A', '2-137-A', 'Samsul Hadi', 'Tempursari 17', '', '', '0000-00-00', '', ''),
('02', '01370', 'A', '2-1370-A', 'Painten', 'Tempursari 26', '', '', '0000-00-00', '', ''),
('02', '01371', 'A', '2-1371-A', 'Agus Tomi', 'Tempursari 30/8', '', '', '0000-00-00', '', ''),
('02', '01372', 'A', '2-1372-A', 'Dul Tayip', 'Tempursari 29', '', '', '0000-00-00', '', ''),
('02', '01373', 'A', '2-1373-A', 'Samsudin', 'Tempursari 24/5', 'P', '0002874953878', '0000-00-00', '', ''),
('02', '01374', 'A', '2-1374-A', 'Nasikin', 'Tempursari 46/12', '', '', '0000-00-00', '', ''),
('02', '01374', 'B', '2-1374-B', 'sutatik', 'Tempursari 46/13', 'p', '', '0000-00-00', '', ''),
('02', '01375', 'A', '2-1375-A', 'Juari', 'Tempursari 45', '', '', '0000-00-00', '', ''),
('02', '01376', 'A', '2-1376-A', 'Basori', 'Tempursari 26/7', '', '', '0000-00-00', '', ''),
('02', '01377', 'A', '2-1377-A', 'Kojin', 'Tempursari 23/6', '', '', '0000-00-00', '', ''),
('02', '01378', 'A', '2-1378-A', 'Mispan', 'Tempursari 9', '', '', '0000-00-00', '', ''),
('02', '01379', 'A', '2-1379-A', 'Susanto', 'Tempursari 9/2', '', '', '0000-00-00', '', ''),
('02', '00138', 'A', '2-138-A', 'Mesinah', 'Tempursari 13', '', '', '0000-00-00', '', ''),
('02', '01380', 'A', '2-1380-A', 'Sumardi', 'Tempursari 9', '', '', '0000-00-00', '', ''),
('02', '01381', 'A', '2-1381-A', 'Sudarmanto', 'Tempursari 42', '', '', '0000-00-00', '', ''),
('02', '01382', 'A', '2-1382-A', 'Piono', 'Tempursari 20/4', '', '', '0000-00-00', '', ''),
('02', '01383', 'A', '2-1383-A', 'Sumardi', 'Tempursari 9', '', '', '0000-00-00', '', ''),
('02', '01384', 'A', '2-1384-A', 'Agus Winaryo', 'Tempursari 46/12', '', '', '0000-00-00', '', ''),
('02', '01385', 'A', '2-1385-A', 'Winardi', 'Tempursari 6', '', '', '0000-00-00', '', ''),
('02', '01385', 'b', '2-1385-b', 'fernando detta A', 'tempursari 6', 'L', '', '0000-00-00', '', ''),
('02', '01385', 'c', '2-1385-c', 'silvi navika putri', 'tempursari 6', 'P', '', '0000-00-00', '', ''),
('02', '01386', 'A', '2-1386-A', 'Tartok', 'Tempursari 3', '', '', '0000-00-00', '', ''),
('02', '01387', 'A', '2-1387-A', 'Doris Indrawan', 'Sumbergentong 41', '', '', '0000-00-00', '', ''),
('02', '01388', 'A', '2-1388-A', 'Suhan', 'Tempursari 38', '', '', '0000-00-00', '', ''),
('02', '01389', 'A', '2-1389-A', 'Heri Suyatno', 'Sumbergentong 42/12', '', '', '0000-00-00', '', ''),
('02', '00139', 'A', '2-139-A', 'Imam Syafii', 'Tempursari 38', '', '', '0000-00-00', '', ''),
('02', '01390', 'A', '2-1390-A', 'Katimin', 'Tempursari 13', 'L', '', '0000-00-00', '', ''),
('02', '01391', 'A', '2-1391-A', 'Avan', 'Tempursari 19', '', '', '0000-00-00', '', ''),
('02', '01392', 'A', '2-1392-A', 'Purnomo', 'Tempursari 6/2', '', '', '0000-00-00', '', ''),
('02', '01393', 'A', '2-1393-A', 'Arifin', 'Tempursari 30/8', '', '', '0000-00-00', '', ''),
('02', '01394', 'A', '2-1394-A', 'Edi Susanto', 'Tempursari 24/05', '', '', '0000-00-00', '', ''),
('02', '01395', 'A', '2-1395-A', 'Nur Kholis', 'Tempursari 27/7', '', '', '0000-00-00', '', ''),
('02', '01396', 'A', '2-1396-A', 'Ranto', 'Tempursari 64/14', '', '', '0000-00-00', '', ''),
('02', '01397', 'A', '2-1397-A', 'Ahmad Baudin', 'Tempursari 8/2', '', '', '0000-00-00', '', ''),
('02', '01398', 'A', '2-1398-A', 'Sukonto', 'Tempursari 18', '', '', '0000-00-00', '', ''),
('02', '01399', 'A', '2-1399-A', 'Bambang Sugito', 'Tempursari 17', '', '', '0000-00-00', '', ''),
('02', '00014', 'A', '2-14-A', 'Hari', 'Tempursari 25', '', '', '0000-00-00', '', ''),
('02', '00140', 'A', '2-140-A', 'Suparlan', 'Tempursari 8', '', '', '0000-00-00', '', ''),
('02', '01400', 'A', '2-1400-A', 'Muhammad Farikin', 'Tempursari 1/1', '', '', '0000-00-00', '', ''),
('02', '01401', 'A', '2-1401-A', 'Pendi', 'Tempursari 45/12', '', '', '0000-00-00', '', ''),
('02', '01402', 'A', '2-1402-A', 'Suyitno', 'Tempursari 27/7', '', '', '0000-00-00', '', ''),
('02', '01403', 'A', '2-1403-A', 'Mujiono', 'Tempursari 44/12', '', '', '0000-00-00', '', ''),
('02', '01404', 'A', '2-1404-A', 'Sukamdi', 'Tempursari 38', '', '', '0000-00-00', '', ''),
('02', '01405', 'A', '2-1405-A', 'Dodik', 'Tempursari 17/6', '', '', '0000-00-00', '', ''),
('02', '01406', 'A', '2-1406-A', 'Miskun', 'Tempursari 1/1', '', '', '0000-00-00', '', ''),
('02', '01407', 'A', '2-1407-A', 'Iswanto', 'Tempursari 43/11', '', '', '0000-00-00', '', ''),
('02', '01408', 'A', '2-1408-A', 'Patalio', 'Tempursari 15', '', '', '0000-00-00', '', ''),
('02', '01409', 'A', '2-1409-A', 'Edi', 'Tempursari 37/10', '', '', '0000-00-00', '', ''),
('02', '00141', 'A', '2-141-A', 'Muntari', 'Tempursari 25', '', '', '0000-00-00', '', ''),
('02', '00141', 'B', '2-141-B', 'kamila', 'tempursari 25', 'P', '', '0000-00-00', '', ''),
('02', '00141', 'C', '2-141-C', 'zafirah', 'tempursari 25', 'P', '', '0000-00-00', '', ''),
('02', '01410', 'A', '2-1410-A', 'Mesian', 'Tempursari 25/4', '', '', '0000-00-00', '', ''),
('02', '01411', 'A', '2-1411-A', 'Lasiman', 'Tempursari 1/1', '', '', '0000-00-00', '', ''),
('02', '01412', 'A', '2-1412-A', 'Mesiyat', 'Tempursari 29', '', '', '0000-00-00', '', ''),
('02', '01413', 'A', '2-1413-A', 'Khoiri', 'Tempursari 21', '', '', '0000-00-00', '', ''),
('02', '01414', 'A', '2-1414-A', 'Sugino', 'Tempursari 17', '', '', '0000-00-00', '', ''),
('02', '01415', 'A', '2-1415-A', 'Slamet', 'Tempursari 28/7', '', '', '0000-00-00', '', ''),
('02', '01416', 'A', '2-1416-A', 'Gunawan', 'Tempursari 11', '', '', '0000-00-00', '', ''),
('02', '01417', 'A', '2-1417-A', 'Jirin', 'Tempursari 44', '', '', '0000-00-00', '', ''),
('02', '01418', 'A', '2-1418-A', 'Suwito', 'Tempursari 7/2', '', '', '0000-00-00', '', ''),
('02', '01419', 'A', '2-1419-A', 'Suparti', 'Tempursari 2/1', '', '', '0000-00-00', '', ''),
('02', '00142', 'A', '2-142-A', 'Slamet', 'Tempursari 4', '', '', '0000-00-00', '', ''),
('02', '01420', 'A', '2-1420-A', 'Sukidi', 'Tempursari 17', '', '', '0000-00-00', '', ''),
('02', '01421', 'A', '2-1421-A', 'Antok Harianto', 'Tempursari 37/10', '', '', '0000-00-00', '', ''),
('02', '01422', 'A', '2-1422-A', 'Ermawan', 'Tempursari 15/5', '', '', '0000-00-00', '', ''),
('02', '01423', 'A', '2-1423-A', 'Pairan', 'Tempursari 22', '', '', '0000-00-00', '', ''),
('02', '01424', 'A', '2-1424-A', 'Gatot', 'Tempursari 39/10', '', '', '0000-00-00', '', ''),
('02', '01424', 'b', '2-1424-b', 'seniyem', 'tempursari 39/10', '', '', '0000-00-00', '', ''),
('02', '01424', 'C', '2-1424-C', 'widiya astuti', 'tempursari 39/10', 'P', '', '0000-00-00', '', ''),
('02', '01424', 'D', '2-1424-D', 'ela linda', 'tempursari 39', 'P', '', '0000-00-00', '', ''),
('02', '01425', 'A', '2-1425-A', 'Suyanto', 'Tempursari 24/5', 'L', '', '0000-00-00', '', ''),
('02', '01426', 'A', '2-1426-A', 'Dino', 'Tempursari 22/06', 'L', '', '0000-00-00', '', ''),
('02', '01427', 'A', '2-1427-A', 'Mosinah', 'Sumbergentong 39', 'L', '', '0000-00-00', '', ''),
('02', '01428', 'A', '2-1428-A', 'Anang Fatoni', 'Tempursari 18', 'L', '', '0000-00-00', '', ''),
('02', '01429', 'A', '2-1429-A', 'Suprihatin', 'Tempursari 06', 'P', '', '0000-00-00', '', ''),
('02', '00143', 'A', '2-143-A', 'Kemin', 'Tempursari 41', '', '', '0000-00-00', '', ''),
('02', '01430', 'A', '2-1430-A', 'Sunar', 'Tempursari 23', 'L', '', '0000-00-00', '', ''),
('02', '01431', 'A', '2-1431-A', 'Katirin', 'Tempursari 45/12', 'L', '', '0000-00-00', '', ''),
('02', '01432', 'A', '2-1432-A', 'Maskur', 'Tempursari 22/06', 'L', '', '0000-00-00', '', ''),
('02', '01433', 'A', '2-1433-A', 'Suminah', 'Tempursari 18/5', 'P', '', '0000-00-00', '', ''),
('02', '01434', 'A', '2-1434-A', 'Miskat', 'Tempursari 25/4', 'L', '', '0000-00-00', '', ''),
('02', '01435', 'A', '2-1435-A', 'Sumardi', 'Tempursari 2/1', 'L', '', '0000-00-00', '', ''),
('02', '01436', 'A', '2-1436-A', 'Aditia', 'Tempursari 18/5', 'L', '', '0000-00-00', '', ''),
('02', '01437', 'A', '2-1437-A', 'Bambang Hadi', 'Tempursari 2/1', 'L', '', '0000-00-00', '', ''),
('02', '01439', 'A', '2-1439-A', 'Parno', 'Tempursari 22', 'L', '', '0000-00-00', '', ''),
('02', '00144', 'A', '2-144-A', 'Jemiran', 'Tempursari 12', '', '', '0000-00-00', '', ''),
('02', '01440', 'A', '2-1440-A', 'Mesiem', 'Tempursari 9', 'L', '', '0000-00-00', '', ''),
('02', '01441', 'A', '2-1441-A', 'Ponidi', 'Tempursari', 'L', '', '0000-00-00', '', ''),
('02', '01442', 'A', '2-1442-A', 'Kojin', 'Tempursari 1', 'L', '', '0000-00-00', '', ''),
('02', '01443', 'A', '2-1443-A', 'Dasar', 'Tempursari 46/12', 'L', '', '0000-00-00', '', ''),
('02', '01444', 'A', '2-1444-A', 'Nanang', 'Tempursari 19', 'L', '', '0000-00-00', '', ''),
('02', '01445', 'A', '2-1445-A', 'Giman', 'Tempursari 43/11', 'L', '', '0000-00-00', '', ''),
('02', '01446', 'A', '2-1446-A', 'Mesinah', 'Sumbergentong 39', 'P', '', '0000-00-00', '', ''),
('02', '01447', 'A', '2-1447-A', 'Wagirin', 'Tempursari', 'L', '', '0000-00-00', '', ''),
('02', '01448', 'A', '2-1448-A', 'khusnul', 'Tempursari 26', 'P', '', '0000-00-00', '', ''),
('02', '01449', 'A', '2-1449-A', 'Tumirah', 'Tempursari 30/8', 'P', '', '0000-00-00', '', ''),
('02', '00145', 'A', '2-145-A', 'Giat', 'Tempursari 43', '', '', '0000-00-00', '', ''),
('02', '01450', 'A', '2-1450-A', 'Sarmin', 'Tempursari 45', 'L', '', '0000-00-00', '', ''),
('02', '01451', 'A', '2-1451-A', 'Mesijan', 'Tempursari 27', 'L', '', '0000-00-00', '', ''),
('02', '01452', 'A', '2-1452-A', 'Sugeng', 'Tempursari 46', 'L', '', '0000-00-00', '', ''),
('02', '01453', 'A', '2-1453-A', 'Zaini', 'Tempursari 4/1', 'L', '', '0000-00-00', '', '');
INSERT INTO `tbl_rm` (`kode_daerah`, `no_rm`, `kode_anggota`, `kode_rm`, `nama_pasien`, `alamat`, `jenis_kelamin`, `no_identitas`, `tanggal_lahir`, `alamat_ktp`, `no_telepon`) VALUES
('02', '01454', 'A', '2-1454-A', 'Misdi', 'Tempursari 29/8', 'L', '', '0000-00-00', '', ''),
('02', '01455', 'A', '2-1455-A', 'Sutari', 'Tempursari 40/11', 'L', '', '0000-00-00', '', ''),
('02', '01456', 'A', '2-1456-A', 'Sutarno', 'Tempursari 45/12', 'L', '', '0000-00-00', '', ''),
('02', '01457', 'A', '2-1457-A', 'Sanidi', 'Tempursari 20', 'L', '', '0000-00-00', '', ''),
('02', '01458', 'A', '2-1458-A', 'Suliadi', 'Tempursari 43/11', 'L', '', '0000-00-00', '', ''),
('02', '01459', 'A', '2-1459-A', 'Somo', 'Tempursari 36', 'L', '', '0000-00-00', '', ''),
('02', '00146', 'A', '2-146-A', 'Boiran', 'Tempursari 6', '', '', '0000-00-00', '', ''),
('02', '01460', 'A', '2-1460-A', 'Kariyadi', 'Tempursari 44/12', 'L', '', '0000-00-00', '', ''),
('02', '01461', 'A', '2-1461-A', 'Rohman', 'Tempursari 22/6', 'L', '', '0000-00-00', '', ''),
('02', '01462', 'A', '2-1462-A', 'FATIR WIJAYANTO', 'TEMPURSARI 9', 'L', '', '0000-00-00', '', ''),
('02', '01463', 'A', '2-1463-A', 'Setio', 'Sumbergentong 39', 'L', '', '0000-00-00', '', ''),
('02', '01464', 'A', '2-1464-A', 'Roni', 'Sumbergentong 39', 'L', '', '0000-00-00', '', ''),
('02', '01465', 'A', '2-1465-A', 'Hendri Suranto', 'Tempursari 43', 'L', '', '0000-00-00', '', ''),
('02', '01466', 'A', '2-1466-A', 'Suhardi', 'Sumbergentong 33', 'L', '', '0000-00-00', '', ''),
('02', '01467', 'A', '2-1467-A', 'M.Reza Hairudin', 'Tempursari 25/4', 'L', '', '0000-00-00', '', ''),
('02', '01468', 'A', '2-1468-A', '', '', '', '', '0000-00-00', '', ''),
('02', '01469', 'A', '2-1469-A', 'M.Reza Hairudin', 'Tempursari 25/4', '', '', '0000-00-00', '', ''),
('02', '00147', 'A', '2-147-A', 'Ibnu', 'Tempursari 24', '', '', '0000-00-00', '', ''),
('02', '01470', 'A', '2-1470-A', '', '', '', '', '0000-00-00', '', ''),
('02', '01471', 'A', '2-1471-A', 'Miswanti', 'Tempursari 30', 'P', '', '0000-00-00', '', ''),
('02', '01472', 'A', '2-1472-A', 'Saikul Hadi', 'Tempursari 24', 'L', '', '0000-00-00', '', ''),
('02', '01473', 'A', '2-1473-A', 'Zaenal Solikin', 'Tempursari 25/4', 'L', '', '0000-00-00', '', ''),
('02', '01474', 'A', '2-1474-A', 'Gembong', 'Tempursari 46/12', 'L', '', '0000-00-00', '', ''),
('02', '01475', 'A', '2-1475-A', 'Heri Sasmito', 'Tempursari 34', 'L', '', '0000-00-00', '', ''),
('02', '01476', 'A', '2-1476-A', 'Hasim Asari', 'Tempursari 17/6', 'L', '', '0000-00-00', '', ''),
('02', '01477', 'A', '2-1477-A', 'Chairil Anwar', 'Tempursari 20', 'L', '', '0000-00-00', '', ''),
('02', '01478', 'A', '2-1478-A', 'Sarpan', 'Tempursari 29/8', 'L', '', '0000-00-00', '', ''),
('02', '01479', 'A', '2-1479-A', 'Surahman', 'Tempursari 11/3', 'L', '', '0000-00-00', '', ''),
('02', '00148', 'A', '2-148-A', 'Agus tiono', 'Tempursari 9', '', '', '0000-00-00', '', ''),
('02', '01480', 'A', '2-1480-A', 'Tukiyem', 'Tempursari 16/06', 'P', '', '0000-00-00', '', ''),
('02', '01481', 'A', '2-1481-A', 'Saerah', 'Tempursari', 'P', '', '0000-00-00', '', ''),
('02', '01482', 'A', '2-1482-A', 'Kaselan', 'Tempursari 17', 'L', '', '0000-00-00', '', ''),
('02', '01483', 'A', '2-1483-A', 'Wakidi', 'Tempursari 36/10', 'L', '', '0000-00-00', '', ''),
('02', '01484', 'A', '2-1484-A', 'Rianto', 'Sumbergentong 33', '', '', '0000-00-00', '', ''),
('02', '01485', 'A', '2-1485-A', 'Mariam', 'Tempursari 41/11', '', '', '0000-00-00', '', ''),
('02', '01486', 'A', '2-1486-A', 'Sumiati', 'Tempursari 18/5', '', '', '0000-00-00', '', ''),
('02', '01487', 'A', '2-1487-A', 'Kadianto', 'Tempursari 35/9', '', '', '0000-00-00', '', ''),
('02', '01488', 'A', '2-1488-A', 'Situm', 'Tempursari 45/12', '', '', '0000-00-00', '', ''),
('02', '01489', 'A', '2-1489-A', 'Tukinem', 'Tempursari 37', '', '', '0000-00-00', '', ''),
('02', '00149', 'A', '2-149-A', 'Supandi', 'Tempursari 10', '', '', '0000-00-00', '', ''),
('02', '01490', 'A', '2-1490-A', 'Mesiran', 'Tempursari 46/12', '', '', '0000-00-00', '', ''),
('02', '01491', 'A', '2-1491-A', 'Lasemi', 'Tempursari 6', '', '', '0000-00-00', '', ''),
('02', '01492', 'A', '2-1492-A', 'Anggih', 'Tempursari 36', '', '', '0000-00-00', '', ''),
('02', '01493', 'A', '2-1493-A', 'Sulasmi', 'Tempursari 36/10', '', '', '0000-00-00', '', ''),
('02', '01494', 'A', '2-1494-A', 'Yaudi', 'Tempursari 27', '', '', '0000-00-00', '', ''),
('02', '01495', 'A', '2-1495-A', 'Didik', 'Sumbergentong 43/11', '', '', '0000-00-00', '', ''),
('02', '01496', 'A', '2-1496-A', 'Mudasir', 'Tempursari 24/5', '', '', '0000-00-00', '', ''),
('02', '01497', 'A', '2-1497-A', 'Siti Asiyah', 'Tempursari 21/5', '', '', '0000-00-00', '', ''),
('02', '01498', 'A', '2-1498-A', 'Taid', 'Tempursari 25', '', '', '0000-00-00', '', ''),
('02', '01499', 'A', '2-1499-A', 'Sujinah', 'Tempursari 5/1', '', '', '0000-00-00', '', ''),
('02', '00015', 'A', '2-15-A', 'Mesenon', 'Tempursari 11', '', '', '0000-00-00', '', ''),
('02', '00150', 'A', '2-150-A', 'Afed Puji', 'Tempursari 1', '', '', '0000-00-00', '', ''),
('02', '01500', 'A', '2-1500-A', 'Sukamto', 'Tempursari 19', '', '', '0000-00-00', '', ''),
('02', '01501', 'A', '2-1501-A', 'Dwi Suliani', 'Tempursari 17', '', '', '0000-00-00', '', ''),
('02', '01502', 'A', '2-1502-A', 'Noto', 'Tempursari 44', '', '', '0000-00-00', '', ''),
('02', '01503', 'A', '2-1503-A', 'Suyanto', 'Tempursari 25', '', '', '0000-00-00', '', ''),
('02', '01504', 'A', '2-1504-A', 'Tukiyem', 'Sumbergentong 46/12', '', '', '0000-00-00', '', ''),
('02', '01505', 'A', '2-1505-A', 'Marsianto', 'Tempursari 2/1', '', '', '0000-00-00', '', ''),
('02', '01506', 'A', '2-1506-A', 'Juki', 'Tempursari 17', '', '', '0000-00-00', '', ''),
('02', '01507', 'A', '2-1507-A', 'Sutikno', 'Tempursari 17', '', '', '0000-00-00', '', ''),
('02', '01508', 'A', '2-1508-A', 'Jumari', 'Tempursari 11/3', '', '', '0000-00-00', '', ''),
('02', '01509', 'A', '2-1509-A', 'Sujito', 'Tempursari 8/2', '', '', '0000-00-00', '', ''),
('02', '00151', 'A', '2-151-A', 'Gimun', 'Sumbergentong 45', '', '', '0000-00-00', '', ''),
('02', '01510', 'A', '2-1510-A', 'Heru Sugiarto', 'Tempursari 12/3', '', '', '0000-00-00', '', ''),
('02', '01511', 'A', '2-1511-A', 'Sujito', 'Tempursari 8/2', '', '', '0000-00-00', '', ''),
('02', '01512', 'A', '2-1512-A', 'Toiman', 'Sumbergentong 43/11', '', '', '0000-00-00', '', ''),
('02', '01513', 'A', '2-1513-A', 'Sukidi Anto', 'Tempursari 25/9', '', '', '0000-00-00', '', ''),
('02', '01514', 'A', '2-1514-A', 'Liadi', 'Tempursari 1/1', '', '', '0000-00-00', '', ''),
('02', '01515', 'A', '2-1515-A', 'Arif Munanda', 'Tempursari 17', '', '', '0000-00-00', '', ''),
('02', '01516', 'A', '2-1516-A', 'Parni', 'Tempursari 4', '', '', '0000-00-00', '', ''),
('02', '01517', 'A', '2-1517-A', 'Yuono', 'Tempursari 38', '', '', '0000-00-00', '', ''),
('02', '01518', 'A', '2-1518-A', 'Agus', 'Tempursari 17', '', '', '0000-00-00', '', ''),
('02', '01519', 'A', '2-1519-A', 'Miskat', 'Tempursari 29/8', 'l', '0002281446944', '0000-00-00', '', ''),
('02', '01519', 'b', '2-1519-b', 'wiji', 'tempursari 29/8', 'p', '0002281447056', '0000-00-00', '', ''),
('02', '01519', 'c', '2-1519-c', 'erik', 'tempursari 29/8', 'l', '0002281447236', '0000-00-00', '', ''),
('02', '00152', 'A', '2-152-A', 'Supandi', 'Sumbergentong 45', '', '', '0000-00-00', '', ''),
('02', '01520', 'A', '2-1520-A', 'Mispan Sujatmono', 'Tempursari 40/11', '', '', '0000-00-00', '', ''),
('02', '01521', 'A', '2-1521-A', 'Sih Wandi', 'Tempursari 19/4', '', '', '0000-00-00', '', ''),
('02', '01522', 'A', '2-1522-A', 'Nurhasan', 'Tempursari 26', '', '', '0000-00-00', '', ''),
('02', '01523', 'A', '2-1523-A', 'Sambang', 'Tempursari 46', '', '', '0000-00-00', '', ''),
('02', '01524', 'A', '2-1524-A', 'Purnomo', 'Tempursari 17', '', '', '0000-00-00', '', ''),
('02', '01525', 'A', '2-1525-A', 'Karsih', 'Tempursari 45', '', '', '0000-00-00', '', ''),
('02', '01525', 'B', '2-1525-B', 'Maryani', 'Tempursari 45', '', '', '0000-00-00', '', ''),
('02', '01525', 'C', '2-1525-C', 'Mesiyah', 'Tempursari 45', '', '', '0000-00-00', '', ''),
('02', '01526', 'A', '2-1526-A', 'Nurtiani', 'Tempursari 3/1', '', '', '0000-00-00', '', ''),
('02', '01527', 'A', '2-1527-A', 'Dianto', 'Tempursari 19', '', '', '0000-00-00', '', ''),
('02', '01528', 'A', '2-1528-A', 'Kasini', 'Tempursari 21', '', '', '0000-00-00', '', ''),
('02', '01529', 'A', '2-1529-A', 'Susi Lestanti', 'Tempursari 24/5', '', '', '0000-00-00', '', ''),
('02', '00153', 'A', '2-153-A', 'Moch Arifin', 'Tempursari 8', '', '', '0000-00-00', '', ''),
('02', '01530', 'A', '2-1530-A', 'Dedik', 'Tempursari 23/6', '', '', '0000-00-00', '', ''),
('02', '01531', 'A', '2-1531-A', 'Pitoyo', 'Tempursari 9/2', '', '', '0000-00-00', '', ''),
('02', '01532', 'A', '2-1532-A', 'Kristina Sumini', 'Tempursari 6/1', '', '', '0000-00-00', '', ''),
('02', '01533', 'A', '2-1533-A', 'Amin', 'Tempursari 17/6', '', '', '0000-00-00', '', ''),
('02', '01534', 'A', '2-1534-A', 'Sugeng', 'Tempursari 46', '', '', '0000-00-00', '', ''),
('02', '01535', 'A', '2-1535-A', 'Abidin', 'Tempursari 21', '', '', '0000-00-00', '', ''),
('02', '01536', 'A', '2-1536-A', 'Sugeng', 'Tempursari 46', '', '', '0000-00-00', '', ''),
('02', '01537', 'A', '2-1537-A', 'Teddy', 'Tempursari 45/12', '', '', '0000-00-00', '', ''),
('02', '01538', 'A', '2-1538-A', 'Heri Purwadi', 'Tempursari 23', '', '', '0000-00-00', '', ''),
('02', '01539', 'A', '2-1539-A', 'Romdoni', 'Sumbergentong 39/10', '', '', '0000-00-00', '', ''),
('02', '00154', 'A', '2-154-A', 'Kasri', 'Tempursari 6', '', '', '0000-00-00', '', ''),
('02', '01540', 'A', '2-1540-A', 'M.Darul', 'Tempursari 29', '', '', '0000-00-00', '', ''),
('02', '01541', 'A', '2-1541-A', 'Isdanung', 'Tempursari 29/8', '', '', '0000-00-00', '', ''),
('02', '01542', 'A', '2-1542-A', 'Sujatmiko', 'Tempursari 13/3', '', '', '0000-00-00', '', ''),
('02', '01543', 'A', '2-1543-A', 'Ipul Sancoko', 'Tempursari 10/3', '', '', '0000-00-00', '', ''),
('02', '01544', 'A', '2-1544-A', 'Prawoto Irwansah', 'Sumbergentong 44/12', '', '', '0000-00-00', '', ''),
('02', '01545', 'A', '2-1545-A', 'Sumariono', 'Tempursari 30/8', '', '', '0000-00-00', '', ''),
('02', '01546', 'A', '2-1546-A', 'Sumbruk', 'Tempursari 29/8', '', '', '0000-00-00', '', ''),
('02', '01547', 'A', '2-1547-A', 'M. Syahroni', 'Tempursari 38/10', '', '', '0000-00-00', '', ''),
('02', '01548', 'A', '2-1548-A', 'Sidas', 'Tempursari 28/7', '', '', '0000-00-00', '', ''),
('02', '01549', 'A', '2-1549-A', 'Sumarno', 'Tempursari 39/10', '', '', '0000-00-00', '', ''),
('02', '00155', 'A', '2-155-A', 'Mawan', 'Tempursari 8', '', '', '0000-00-00', '', ''),
('02', '01550', 'A', '2-1550-A', '', '', '', '', '0000-00-00', 'masih kosong', ''),
('02', '01551', 'A', '2-1551-A', 'Gatot', 'Tempursari 15', '', '', '0000-00-00', '', ''),
('02', '01552', 'A', '2-1552-A', 'Siswanto', 'Tempursari 8', '', '', '0000-00-00', '', ''),
('02', '01553', 'A', '2-1553-A', 'Nur Wahid', 'Tempursari 17', '', '', '0000-00-00', '', ''),
('02', '01554', 'A', '2-1554-A', 'Boiyah', 'Sumbergentong 45', '', '', '0000-00-00', '', ''),
('02', '01555', 'A', '2-1555-A', 'setro        t', 'tempursari rt 39 ', '', '', '0000-00-00', '', ''),
('02', '01556', 'A', '2-1556-A', 'Kusdianto', 'Tempursari rt 30', '', '', '0000-00-00', '', ''),
('02', '01557', 'A', '2-1557-A', 'Suwarno', 'Tempursari 8', '', '', '0000-00-00', '', ''),
('02', '01558', 'A', '2-1558-A', 'Sangimin', 'Tempursari rt 30', '', '', '0000-00-00', '', ''),
('02', '01559', 'A', '2-1559-A', 'Misdi', 'Tempursari rt 25', '', '', '0000-00-00', '', ''),
('02', '00156', 'A', '2-156-A', 'isma Hadi', 'Tempursari 24', '', '', '0000-00-00', '', ''),
('02', '01560', 'A', '2-1560-A', '', '', '', '', '0000-00-00', '', ''),
('02', '01561', 'A', '2-1561-A', 'Gaguk', 'Tempursari rt 40', '', '', '0000-00-00', '', ''),
('02', '01562', 'A', '2-1562-A', 'Muktar', 'Sumbergentong rt 41', '', '', '0000-00-00', '', ''),
('02', '01563', 'A', '2-1563-A', 'Hendra', 'Tempursari rt 21', '', '', '0000-00-00', '', ''),
('02', '01564', 'A', '2-1564-A', 'Agus', 'Tempursari rt 10', '', '', '0000-00-00', '', ''),
('02', '01565', 'A', '2-1565-A', 'Setiaji', 'Tempursari rt 34', '', '', '0000-00-00', '', ''),
('02', '01566', 'A', '2-1566-A', 'Suwandri anto', 'Tempursari rt 4', '', '', '0000-00-00', '', ''),
('02', '01567', 'A', '2-1567-A', 'Widianto', 'Tempusari rt 42', '', '', '0000-00-00', '', ''),
('02', '01568', 'A', '2-1568-A', 'Mansur', 'Tempursari rt 18', '', '', '0000-00-00', '', ''),
('02', '01569', 'A', '2-1569-A', 'Jemari', 'Tempursari rt 23', '', '', '0000-00-00', '', ''),
('02', '00157', 'A', '2-157-A', 'Santoso', 'Tempursari 7', '', '', '0000-00-00', '', ''),
('02', '01570', 'A', '2-1570-A', 'Suwandi', 'Tempursari rt 46', '', '', '0000-00-00', '', ''),
('02', '01571', 'A', '2-1571-A', 'Sukri dwi tanto', 'Tempursari rt 10', '', '', '0000-00-00', '', ''),
('02', '01572', 'A', '2-1572-A', 'Katiman', 'Tempursari rt 19', '', '', '0000-00-00', '', ''),
('02', '01573', 'A', '2-1573-A', 'Jiati', 'Tempursari rt 2', '', '', '0000-00-00', '', ''),
('02', '01574', 'A', '2-1574-A', 'Miskat', 'Tempursari rt 25', '', '', '0000-00-00', '', ''),
('02', '01575', 'A', '2-1575-A', 'Suparman', 'Tempursari rt 26', '', '', '0000-00-00', '', ''),
('02', '01576', 'A', '2-1576-A', 'TUMIRAN', 'tempursari rt', '', '', '0000-00-00', '', ''),
('02', '01577', 'A', '2-1577-A', 'WAONG', 'tempursari rt25', '', '', '0000-00-00', '', ''),
('02', '01577', 'b', '2-1577-b', 'ina', 'twempursari 25', 'p', '0001843298831', '0000-00-00', '', ''),
('02', '01578', 'A', '2-1578-A', 'BANDI', 'Tempursari rt9', '', '', '0000-00-00', '', ''),
('02', '01579', 'A', '2-1579-A', 'Bandi', 'Tempursari  14', '', '', '0000-00-00', '', ''),
('02', '00158', 'A', '2-158-A', 'M. Zainuri', 'Tempursari 9', '', '', '0000-00-00', '', ''),
('02', '01580', 'A', '2-1580-A', 'Hendra', 'Tempursari 8/2', '', '', '0000-00-00', '', ''),
('02', '01581', 'A', '2-1581-A', 'Iwan', 'Tempursari 10', '', '', '0000-00-00', '', ''),
('02', '01582', 'A', '2-1582-A', 'Warsis', 'Tempursari 9/2', '', '', '0000-00-00', '', ''),
('02', '01583', 'A', '2-1583-A', 'Sutik ', 'Tempursari 18/5', '', '', '0000-00-00', '', ''),
('02', '01584', 'A', '2-1584-A', 'Misnanto', 'Tempursari 11/3', '', '', '0000-00-00', '', ''),
('02', '01585', 'A', '2-1585-A', 'M. Yunaidi', 'Tempursari 17', '', '', '0000-00-00', '', ''),
('02', '01586', 'A', '2-1586-A', 'Mesiono', 'Tempursari 17', '', '', '0000-00-00', '', ''),
('02', '01587', 'A', '2-1587-A', 'Edi', 'Tempursari 23/6', '', '', '0000-00-00', '', ''),
('02', '01588', 'A', '2-1588-A', 'Yateno', 'Tempursari 13/3', '', '', '0000-00-00', '', ''),
('02', '01589', 'A', '2-1589-A', 'Jemiran', 'Temoursari 35', '', '', '0000-00-00', '', ''),
('02', '00159', 'A', '2-159-A', 'Baruno', 'Tempursari 38', '', '', '0000-00-00', '', ''),
('02', '01590', 'A', '2-1590-A', 'Katiman', 'Tempusari 35', '', '', '0000-00-00', '', ''),
('02', '01591', 'A', '2-1591-A', 'Dwi Purwanto', 'Tempursari 03', '', '', '0000-00-00', '', ''),
('02', '01592', 'A', '2-1592-A', 'WARDI', 'TEMPURSARI 32/9', '', '', '0000-00-00', '', ''),
('02', '01593', 'A', '2-1593-A', 'GATOT SANYOTO', 'TEMPURSARI 3', '', '', '0000-00-00', '', ''),
('02', '01593', 'b', '2-1593-b', 'susiati', 'Tempursari 3', 'p', '0002908614025', '0000-00-00', '', ''),
('02', '01593', 'c', '2-1593-c', 'deby', 'tempursari 3', 'P', '0002908614418', '0000-00-00', '', ''),
('02', '01594', 'A', '2-1594-A', 'SUMARTO', 'TEMPURSARI 30', '', '', '0000-00-00', '', ''),
('02', '01595', 'A', '2-1595-A', 'SOMINEM', 'TEMPURSARI 4', '', '', '0000-00-00', '', ''),
('02', '01596', 'A', '2-1596-A', '', '', '', '', '0000-00-00', '', ''),
('02', '01597', 'A', '2-1597-A', 'SLAMET PITONO', 'TEMPURSARI 33', '', '', '0000-00-00', '', ''),
('02', '01598', 'A', '2-1598-A', 'SULIS', 'TEMPURSARI 26', '', '', '0000-00-00', '', ''),
('02', '01599', 'A', '2-1599-A', 'KASMADI', 'SBR GTG SEL 40', '', '', '0000-00-00', '', ''),
('02', '01599', 'B', '2-1599-B', 'andana', 'abr gtg sel 40', 'L', '', '0000-00-00', '', ''),
('02', '00016', 'A', '2-16-A', 'Yasin Efendi', 'Tempursari 25', '', '', '0000-00-00', '', ''),
('02', '00160', 'A', '2-160-A', 'Trubus', 'Tempursari 28', '', '', '0000-00-00', '', ''),
('02', '01600', 'A', '2-1600-A', 'YULI PUDIANTORO', 'SBR GTG SEL 45', '', '', '0000-00-00', '', ''),
('02', '01601', 'A', '2-1601-A', 'IMAM SOEROBI', 'TEMPURSARI 18', '', '', '0000-00-00', '', ''),
('02', '01602', 'A', '2-1602-A', 'SADIMAN', 'MULYOSARI 19/7', '', '', '0000-00-00', '', 'masuk di 01-160'),
('02', '01603', 'A', '2-1603-A', 'Mesiyanto ', 'TEMPURSARI 24', '', '', '0000-00-00', '', ''),
('02', '01603', 'B', '2-1603-B', 'ikhlas', 'tempursari 24', 'L', '', '0000-00-00', '', ''),
('02', '01604', 'A', '2-1604-A', 'Mispan', 'Tempursari 27', '', '', '0000-00-00', '', ''),
('02', '01605', 'A', '2-1605-A', 'Sukidianto', 'Tempursari 25', '', '', '0000-00-00', '', ''),
('02', '01606', 'A', '2-1606-A', 'Tumar', 'Tempursari 30/8', '', '', '0000-00-00', '', ''),
('02', '01607', 'A', '2-1607-A', 'Muklisin', 'SBR GTG SEL 42/11', '', '', '0000-00-00', '', ''),
('02', '01608', 'A', '2-1608-A', 'SUTRISNO', 'TEMPURSARI 7/2', '', '', '0000-00-00', '', ''),
('02', '01609', 'A', '2-1609-A', 'KURNADI', 'Tempursari 30/8', '', '', '0000-00-00', '', ''),
('02', '00161', 'A', '2-161-A', 'Hari', 'Tempursari 25', '', '', '0000-00-00', '', ''),
('02', '01610', 'A', '2-1610-A', 'DARWIS', 'TEMPURSARI 9', '', '', '0000-00-00', '', ''),
('02', '01611', 'A', '2-1611-A', 'BAYU SOSPA', 'Tempursari 18/5', '', '', '0000-00-00', '', ''),
('02', '01612', 'A', '2-1612-A', 'CIKRAK', 'SBR GTG SEL 40', '', '', '0000-00-00', '', ''),
('02', '01613', 'A', '2-1613-A', 'ISMAN', 'TEMPURSARI 13', '', '', '0000-00-00', '', ''),
('02', '01614', 'A', '2-1614-A', 'TUMINGIN', 'TEMPURSARI 26', '', '', '0000-00-00', '', ''),
('02', '01615', 'A', '2-1615-A', 'Arif Sugianto', 'Tempursari 21', '', '', '0000-00-00', '', ''),
('02', '01616', 'A', '2-1616-A', 'Mujirin', 'Tempursari 27/7', '', '', '0000-00-00', '', ''),
('02', '01617', 'A', '2-1617-A', 'Slamet', 'Temmpursari 28', '', '', '0000-00-00', '', ''),
('02', '01618', 'A', '2-1618-A', 'Husni', 'Tempursari 13', '', '', '0000-00-00', '', ''),
('02', '01619', 'A', '2-1619-A', 'Soimin', 'Tempursari 31/8', '', '', '0000-00-00', '', ''),
('02', '00162', 'A', '2-162-A', 'Isnu', 'Tempursari 13', '', '', '0000-00-00', '', ''),
('02', '01620', 'A', '2-1620-A', 'Rozikin', 'Sumbergentong selatan 42', '', '', '0000-00-00', '', ''),
('02', '01621', 'A', '2-1621-A', 'Yoyon ', 'Tempursari 14', '', '', '0000-00-00', '', ''),
('02', '01622', 'A', '2-1622-A', 'Sugeng', 'Sumbergentong selatan 40/11', '', '', '0000-00-00', '', ''),
('02', '01623', 'A', '2-1623-A', 'Sunardi B', 'Tempursari 24', '', '', '0000-00-00', '', ''),
('02', '01624', 'A', '2-1624-A', 'Dian Dono', 'Tempursari 45', '', '', '0000-00-00', '', ''),
('02', '01625', 'A', '2-1625-A', 'Ali Widiono', 'Tempursari 22', '', '', '0000-00-00', '', ''),
('02', '01626', 'A', '2-1626-A', 'Meselan', 'Tempursari 14', '', '', '0000-00-00', '', ''),
('02', '01627', 'A', '2-1627-A', 'Sugiono', 'Tempursari 6', '', '', '0000-00-00', '', ''),
('02', '01628', 'A', '2-1628-A', 'Meseri', 'Tempursari 27', '', '', '0000-00-00', '', ''),
('02', '01629', 'A', '2-1629-A', 'Mahfud', 'Tempursari 21', '', '', '0000-00-00', '', ''),
('02', '00163', 'A', '2-163-A', 'Wahyudi', 'Tempursari 18', '', '', '0000-00-00', '', ''),
('02', '01630', 'A', '2-1630-A', 'Muji', 'Tempursari 3', '', '', '0000-00-00', '', ''),
('02', '01631', 'A', '2-1631-A', 'Meseri', 'Sumbergentong 39', '', '', '0000-00-00', '', ''),
('02', '01632', 'A', '2-1632-A', 'Juwanto', 'Tempursari 33', '', '', '0000-00-00', '', ''),
('02', '01633', 'A', '2-1633-A', 'Lantur', 'Tempursari 17', '', '', '0000-00-00', '', ''),
('02', '01634', 'A', '2-1634-A', 'Wakidi', 'Tempursari 20', '', '', '0000-00-00', '', ''),
('02', '01635', 'A', '2-1635-A', 'Markandi', 'Tempursari 16', '', '', '0000-00-00', '', ''),
('02', '01636', 'A', '2-1636-A', 'Sari', 'Sumbergentong selatan 41', '', '', '0000-00-00', '', ''),
('02', '01637', 'A', '2-1637-A', 'Huda', 'Tempursari 21/5', '', '', '0000-00-00', '', ''),
('02', '01638', 'A', '2-1638-A', 'Ngariyanto', 'Tempursari 30', '', '', '0000-00-00', '', ''),
('02', '01639', 'A', '2-1639-A', 'Karji', 'Tempursari 27/7', '', '', '0000-00-00', '', ''),
('02', '00164', 'A', '2-164-A', 'Heni', 'Tempursari 15', '', '', '0000-00-00', '', ''),
('02', '01640', 'A', '2-1640-A', 'Bonawan', 'Tempursari 21', '', '', '0000-00-00', '', ''),
('02', '01641', 'A', '2-1641-A', 'Muh Sa\'bin', 'Tempursari 28', '', '', '0000-00-00', '', ''),
('02', '01642', 'A', '2-1642-A', 'Supargianto', 'Tempursari23', '', '', '0000-00-00', '', ''),
('02', '01643', 'A', '2-1643-A', 'Kholiq', 'Tempursari 37', '', '', '0000-00-00', '', ''),
('02', '01644', 'A', '2-1644-A', 'Ahmad Sahroni', 'Tempursari 20/4', '', '', '0000-00-00', '', ''),
('02', '01645', 'A', '2-1645-A', 'Edi', 'Tempursari 2/1', '', '', '0000-00-00', '', ''),
('02', '01646', 'A', '2-1646-A', 'Sodikin', 'Tempursari 30', '', '', '0000-00-00', '', ''),
('02', '01647', 'A', '2-1647-A', 'Joko Pujiono', 'Tempursari 3', '', '', '0000-00-00', '', ''),
('02', '01648', 'A', '2-1648-A', 'Adi Susanto', 'Tempursari 39', '', '', '0000-00-00', '', ''),
('02', '01649', 'A', '2-1649-A', 'Sutarno', 'Tempursari 39', '', '', '0000-00-00', '', ''),
('02', '00165', 'A', '2-165-A', 'Tamam', 'Tempursari 17', '', '', '0000-00-00', '', ''),
('02', '01650', 'A', '2-1650-A', 'Sulis Handoyo', 'Tempursari 26', '', '', '0000-00-00', '', ''),
('02', '01651', 'A', '2-1651-A', 'Slamet Ismanu', 'Tempursari 3', '', '', '0000-00-00', '', ''),
('02', '01652', 'A', '2-1652-A', 'Ponadi', 'Tempursari 30', '', '', '0000-00-00', '', ''),
('02', '01653', 'A', '2-1653-A', 'Takip', 'Tempursari 29', '', '', '0000-00-00', '', ''),
('02', '01654', 'A', '2-1654-A', 'Suroto', 'Tempursari 20/4', '', '', '0000-00-00', '', ''),
('02', '01655', 'A', '2-1655-A', 'Ahmad Mahfud Ali', 'Tempursari 27', '', '', '0000-00-00', '', ''),
('02', '01656', 'A', '2-1656-A', 'Eko Suryo', 'Tempursari 6/1', '', '', '0000-00-00', '', ''),
('02', '01657', 'A', '2-1657-A', 'Muh. Nurudin', 'Sbrgtg utara 36', '', '', '0000-00-00', '', ''),
('02', '01658', 'A', '2-1658-A', '', 'Tempursari 26', '', '', '0000-00-00', '', ''),
('02', '01659', 'A', '2-1659-A', 'Sutikno', 'Tempursari 8', '', '', '0000-00-00', '', ''),
('02', '00166', 'A', '2-166-A', 'Ashari', 'Tempursari 30', '', '', '0000-00-00', '', ''),
('02', '01660', 'A', '2-1660-A', 'Solikin', 'Sbrgtg 40', '', '', '0000-00-00', '', ''),
('02', '01661', 'A', '2-1661-A', 'Kholik', 'Sbrgtg sel 43', '', '', '0000-00-00', '', ''),
('02', '01662', 'A', '2-1662-A', 'Tukiyat', 'Tempursari 28', '', '', '0000-00-00', '', ''),
('02', '01663', 'A', '2-1663-A', 'Bripto', 'Tempursari 23', '', '', '0000-00-00', '', ''),
('02', '01664', 'A', '2-1664-A', 'Tukinem', 'Sumbergentong 35', '', '', '0000-00-00', '', ''),
('02', '01665', 'A', '2-1665-A', 'Mbah Sini', 'Tempursari 13/3', '', '', '0000-00-00', '', ''),
('02', '01666', 'A', '2-1666-A', 'Siswandi', 'Tempursari 22', '', '', '0000-00-00', '', ''),
('02', '01667', 'A', '2-1667-A', 'Kaderi', 'Tempursari 46', '', '', '0000-00-00', '', ''),
('02', '01668', 'A', '2-1668-A', 'Trimo', 'Tempursari 14', '', '', '0000-00-00', '', ''),
('02', '01669', 'A', '2-1669-A', 'Nur Yasin', 'Sumbergentong kidul 41/11', '', '', '0000-00-00', '', ''),
('02', '00167', 'A', '2-167-A', 'Karman', 'Tempursari 45', '', '', '0000-00-00', '', ''),
('02', '01670', 'A', '2-1670-A', 'M. Khoirudin', 'Tempursari 27/7', '', '', '0000-00-00', '', ''),
('02', '01671', 'A', '2-1671-A', 'Sukir', 'Sumbergentong 44', '', '', '0000-00-00', '', ''),
('02', '01672', 'A', '2-1672-A', 'Dodik', 'Bandung 1/1', '', '', '0000-00-00', '', ''),
('02', '01673', 'A', '2-1673-A', 'Katiran', 'Tempursari 4', '', '', '0000-00-00', '', ''),
('02', '01674', 'A', '2-1674-A', 'Wahyudi', 'Tempursari 33/9', '', '', '0000-00-00', '', ''),
('02', '01675', 'A', '2-1675-A', 'Turut', 'Tempursari 33', '', '', '0000-00-00', '', ''),
('02', '01676', 'A', '2-1676-A', 'Kamini', 'Tempursari 9', '', '', '0000-00-00', '', ''),
('02', '01677', 'A', '2-1677-A', 'Yoyon ', 'sbrgtg sel 41', '', '', '0000-00-00', '', ''),
('02', '01678', 'A', '2-1678-A', 'Agus Rohmatuloh', 'Tempursari 25', '', '', '0000-00-00', '', ''),
('02', '01679', 'A', '2-1679-A', 'Hendrik F', 'Tempursari 41/11', '', '', '0000-00-00', '', ''),
('02', '00168', 'A', '2-168-A', 'hadi saifudin', 'Tempursari 15', '', '', '0000-00-00', '', ''),
('02', '01680', 'A', '2-1680-A', 'Suhar', 'Tempursari 41', '', '', '0000-00-00', '', ''),
('02', '01681', 'A', '2-1681-A', 'Ponidi', 'Tempursari 33', '', '', '0000-00-00', '', ''),
('02', '01682', 'A', '2-1682-A', 'Supriono', 'Tempursari 20/4', '', '', '0000-00-00', '', ''),
('02', '01683', 'A', '2-1683-A', 'Eko Wahyudi', 'Tempursari 11', '', '', '0000-00-00', '', ''),
('02', '01684', 'A', '2-1684-A', 'Munirin', 'Tempursari 26', '', '', '0000-00-00', '', ''),
('02', '01685', 'A', '2-1685-A', 'Iksan', 'Tempursari 2', '', '', '0000-00-00', '', ''),
('02', '01686', 'A', '2-1686-A', 'Edi Purnomo', 'Tempursari 17', '', '', '0000-00-00', '', ''),
('02', '01687', 'A', '2-1687-A', 'Sunardi', 'Tempursari 23', '', '', '0000-00-00', '', ''),
('02', '01688', 'A', '2-1688-A', 'Tukirin', 'Tempursari 10', '', '', '0000-00-00', '', ''),
('02', '01689', 'A', '2-1689-A', 'Samsi', 'Tempursari 6', 'L', '', '0000-00-00', '', ''),
('02', '01689', 'B', '2-1689-B', 'YULAIKA', 'Tempursari 6', 'P', '', '0000-00-00', '', ''),
('02', '00169', 'A', '2-169-A', 'Mulyono', 'Tempursari 16', '', '', '0000-00-00', '', ''),
('02', '01690', 'A', '2-1690-A', 'SUKARI', 'Tempursari rt 30', '', '', '0000-00-00', '', ''),
('02', '01691', 'A', '2-1691-A', 'Laji', 'Tempursari 20', '', '', '0000-00-00', '', ''),
('02', '01692', 'A', '2-1692-A', 'Nanang', 'Tempurasari 39', '', '', '0000-00-00', '', ''),
('02', '01693', 'A', '2-1693-A', 'Indra', 'Tempursari 29/8', '', '', '0000-00-00', '', ''),
('02', '01694', 'A', '2-1694-A', 'Tasmiran', 'Tempursari 20/4', '', '', '0000-00-00', '', ''),
('02', '01695', 'A', '2-1695-A', 'Sibun', 'Tempursari 27', '', '', '0000-00-00', '', ''),
('02', '01696', 'A', '2-1696-A', 'Rochim', 'Tempursari 30', '', '', '0000-00-00', '', ''),
('02', '01697', 'A', '2-1697-A', 'Margono', 'Tempursari 33', '', '', '0000-00-00', '', ''),
('02', '01698', 'A', '2-1698-A', 'Anang Gianto', 'Tempursari 33', '', '', '0000-00-00', '', ''),
('02', '01699', 'A', '2-1699-A', 'Moh. Iwan', 'Tempursari 04', '', '', '0000-00-00', '', ''),
('02', '00017', 'A', '2-17-A', 'Sukiran', 'Tempursari 31', '', '', '0000-00-00', '', ''),
('02', '00170', 'A', '2-170-A', 'Tiyono', 'Tempursari 20', '', '', '0000-00-00', '', ''),
('02', '01700', 'A', '2-1700-A', 'Ruslan', 'Tempursari 31', '', '', '0000-00-00', '', ''),
('02', '01701', 'A', '2-1701-A', 'Siswanto', 'Tempursari 42', '', '', '0000-00-00', '', ''),
('02', '01702', 'A', '2-1702-A', 'Bambang', 'Tempursari 7/2', '', '', '0000-00-00', '', ''),
('02', '01703', 'A', '2-1703-A', 'Kurnadi', 'Tempursari 30', '', '', '0000-00-00', '', ''),
('02', '01704', 'A', '2-1704-A', 'Mujiyat', 'Tempursari 38', '', '', '0000-00-00', '', ''),
('02', '01705', 'A', '2-1705-A', 'Wiryono', 'Tempursari 10/3', '', '', '0000-00-00', '', ''),
('02', '01706', 'A', '2-1706-A', 'Paikem', 'Sbrgtg utara 34', '', '', '0000-00-00', '', ''),
('02', '01707', 'A', '2-1707-A', 'Suyitno', 'Tempursari 35', '', '', '0000-00-00', '', ''),
('02', '01708', 'A', '2-1708-A', 'Isti Ningsih', 'Tempursari 40', '', '', '0000-00-00', '', ''),
('02', '01709', 'A', '2-1709-A', 'Imam Rofii', 'Tempursari 22', '', '', '0000-00-00', '', ''),
('02', '00171', 'A', '2-171-A', 'Meseman', 'Tempursari 26', '', '', '0000-00-00', '', ''),
('02', '01710', 'A', '2-1710-A', 'Agus Kurniawan', 'Tempursari 25', '', '', '0000-00-00', '', ''),
('02', '01711', 'A', '2-1711-A', 'Arif', 'Tempursari 42', '', '', '0000-00-00', '', ''),
('02', '01712', 'A', '2-1712-A', 'Januar Irfan', 'Tempursari 10/3', '', '', '0000-00-00', '', ''),
('02', '01713', 'A', '2-1713-A', 'Sisyanto', 'Tempursari 24', '', '', '0000-00-00', '', ''),
('02', '01714', 'A', '2-1714-A', 'Tumini', 'Tempursari 34', '', '', '0000-00-00', '', ''),
('02', '01715', 'A', '2-1715-A', 'Asmungi', 'Tempursari 24', '', '', '0000-00-00', '', ''),
('02', '01716', 'A', '2-1716-A', 'Riadi', 'Tempursari 18', 'L', '', '0000-00-00', '', ''),
('02', '01717', 'A', '2-1717-A', 'Yuli', 'Tempursari 14', '', '', '0000-00-00', '', ''),
('02', '01718', 'A', '2-1718-A', 'Edi susanto', 'Tempursari 29', '', '', '0000-00-00', '', ''),
('02', '01719', 'A', '2-1719-A', 'Suginem', 'Tempursari 7/2', '', '', '0000-00-00', '', ''),
('02', '00172', 'A', '2-172-A', 'Ahmad Zainuri', 'Tempursari 31', '', '', '0000-00-00', '', ''),
('02', '01720', 'A', '2-1720-A', 'Damis', 'Tempursari 22', '', '', '0000-00-00', '', ''),
('02', '01721', 'A', '2-1721-A', 'Nuryasin', ' sbrgtg sel 41/11', '', '', '0000-00-00', '', ''),
('02', '01722', 'A', '2-1722-A', 'Agus', 'Tempursari 7/2', '', '', '0000-00-00', '', ''),
('02', '01723', 'A', '2-1723-A', 'Fauzi Hurianto', 'Tempursari 4', '', '', '0000-00-00', '', ''),
('02', '01724', 'A', '2-1724-A', 'Panianto', 'Tempursari 25', '', '', '0000-00-00', '', ''),
('02', '01725', 'A', '2-1725-A', 'Kamto', 'Tempursari 39', '', '', '0000-00-00', '', ''),
('02', '01726', 'A', '2-1726-A', 'Tukiyem', 'Tempursari 35', '', '', '0000-00-00', '', ''),
('02', '01727', 'A', '2-1727-A', 'Nanang Priyanto', 'Tempursari 38', '', '', '0000-00-00', '', ''),
('02', '01728', 'A', '2-1728-A', 'Lasirun', 'Tempursari 42', '', '', '0000-00-00', '', ''),
('02', '01729', 'A', '2-1729-A', 'Suyitno/waong', 'Tempursari 25', '', '', '0000-00-00', '', ''),
('02', '00173', 'A', '2-173-A', 'Heri Widianto', 'Tempursari 7', '', '', '0000-00-00', '', ''),
('02', '01730', 'A', '2-1730-A', 'Abdul Aziz', 'Tempurasari 27', '', '', '0000-00-00', '', ''),
('02', '01731', 'A', '2-1731-A', 'Edi', 'Tempursari 46', '', '', '0000-00-00', '', ''),
('02', '01731', 'B', '2-1731-B', 'tri handayani', 'tempursari 46/12', 'P', '', '0000-00-00', '', ''),
('02', '01732', 'A', '2-1732-A', 'Suyono', 'Tempursari 2/1', '', '', '0000-00-00', '', ''),
('02', '01733', 'A', '2-1733-A', 'setyo Hadi kristanto', 'Tempursari 4/1', 'l', '', '0000-00-00', '', ''),
('02', '01733', 'b', '2-1733-b', 'sumiati', 'tempursri 4/1', 'p', '0002776413205', '0000-00-00', '', ''),
('02', '01733', 'c', '2-1733-c', 'yarima', 'tempursari 4/1', 'p', '000277613486', '0000-00-00', '', ''),
('02', '01734', 'A', '2-1734-A', 'Mesirah', 'Tempursari 35', '', '', '0000-00-00', '', ''),
('02', '01735', 'A', '2-1735-A', 'Udin Samsudin', 'Tempursari 35', '', '', '0000-00-00', '', ''),
('02', '01736', 'A', '2-1736-A', 'Mas\'ud Amin', 'Tempursari 14/ 4', '', '', '0000-00-00', '', ''),
('02', '01737', 'A', '2-1737-A', 'Ilyas Vikal', 'Tempursari 27', '', '', '0000-00-00', '', ''),
('02', '01737', 'B', '2-1737-B', 'ari', 'tempursari 27', 'P', '', '0000-00-00', '', ''),
('02', '01738', 'A', '2-1738-A', 'Angga Ferdiansyah', 'Tempursari 15', '', '', '0000-00-00', '', ''),
('02', '01739', 'A', '2-1739-A', 'Avan Fauzi', 'Tempurasari 19', '', '', '0000-00-00', '', ''),
('02', '00174', 'A', '2-174-A', 'Misiono', 'Tempursari 26', '', '', '0000-00-00', '', ''),
('02', '01740', 'A', '2-1740-A', 'Sunarko', 'Tempursari 11/3', '', '', '0000-00-00', '', ''),
('02', '01741', 'A', '2-1741-A', 'Suwadi Daeng', 'Sumbergentong Selatan 44', '', '', '0000-00-00', '', ''),
('02', '01742', 'A', '2-1742-A', 'Riyono', 'Tempursari 4', '', '', '0000-00-00', '', ''),
('02', '01742', 'B', '2-1742-B', 'Titin', 'tempursari 4', 'P', '', '0000-00-00', '', ''),
('02', '01743', 'A', '2-1743-A', 'Abdul Toyib', 'Tempursari 29', '', '', '0000-00-00', '', ''),
('02', '01744', 'A', '2-1744-A', 'Edi Kurniawan', 'Tempursari 29', '', '', '0000-00-00', '', ''),
('02', '01745', 'A', '2-1745-A', 'Miseno', 'Tempursari 21', '', '', '0000-00-00', '', ''),
('02', '01746', 'A', '2-1746-A', 'Tatas Andayani', 'Tempursari 39', '', '', '0000-00-00', '', ''),
('02', '01747', 'A', '2-1747-A', 'Saiful', 'Tempursari 22', '', '', '0000-00-00', '', ''),
('02', '01748', 'A', '2-1748-A', 'Slamet', 'Subergentong sel 44', '', '', '0000-00-00', '', ''),
('02', '01749', 'A', '2-1749-A', 'Sesyanto', 'Tempursari 25', 'L', '', '0000-00-00', '', ''),
('02', '01749', 'B', '2-1749-B', 'sriana', 'tempursari 25', 'P', '0002755129948', '0000-00-00', '', ''),
('02', '01749', 'C', '2-1749-C', 'sika', 'tempursari 25', 'P', '0002696212326', '0000-00-00', '', ''),
('02', '00175', 'A', '2-175-A', 'Tri Wicaksono', 'Tempursari 1', '', '', '0000-00-00', '', ''),
('02', '01750', 'A', '2-1750-A', 'Junianto', 'Sumbergentong sel 41', '', '', '0000-00-00', '', ''),
('02', '01751', 'A', '2-1751-A', 'Sugito', 'Sumbergentong utara 34', '', '', '0000-00-00', '', ''),
('02', '01752', 'A', '2-1752-A', 'Mustakim', 'Tempursari 22', '', '', '0000-00-00', '', ''),
('02', '01753', 'A', '2-1753-A', 'Kasto\'i', 'sumbergentong 41', '', '', '0000-00-00', '', ''),
('02', '01754', 'A', '2-1754-A', 'Suparji', 'Tempursari 15', '', '', '0000-00-00', '', ''),
('02', '01755', 'A', '2-1755-A', 'Ikwanto', 'Tempursari 27', '', '', '0000-00-00', '', ''),
('02', '01756', 'A', '2-1756-A', 'Egis Rintono', 'Tempursari 24', '', '', '0000-00-00', '', ''),
('02', '01757', 'A', '2-1757-A', 'Koes Margono', 'Tempursari 3', '', '', '0000-00-00', '', ''),
('02', '01758', 'A', '2-1758-A', 'Badrun Mustofa', 'Tempursari 25', '', '', '0000-00-00', '', ''),
('02', '01759', 'A', '2-1759-A', 'Setu Madyo', 'Tempursari 43', '', '', '0000-00-00', '', ''),
('02', '00176', 'A', '2-176-A', 'Suyadi', 'Tempursari 15', '', '', '0000-00-00', '', ''),
('02', '00176', 'B', '2-176-B', 'susanti', 'tempursari 15', 'P', '0000110259044', '0000-00-00', '', ''),
('02', '01760', 'A', '2-1760-A', 'Faisal', 'Tempursari 25', 'L', '', '0000-00-00', '', ''),
('02', '01760', 'B', '2-1760-B', 'sari candra dewi', 'tempursari 25', 'P', '', '0000-00-00', '', ''),
('02', '01760', 'C', '2-1760-C', 'raditya', 'tempursari 25', 'L', '', '0000-00-00', '', ''),
('02', '01760', 'D', '2-1760-D', 'm fatihal hakim a', 'tempursari 25', 'L', '', '0000-00-00', '', ''),
('02', '01761', 'A', '2-1761-A', 'Eko', 'Tempursari 19/4', '', '', '0000-00-00', '', ''),
('02', '01762', 'A', '2-1762-A', 'Krisna Ramadani', 'Tempursari 27', '', '', '0000-00-00', '', ''),
('02', '01763', 'A', '2-1763-A', 'Li\'ono', 'Temprsari 13/3', '', '', '0000-00-00', '', ''),
('02', '01764', 'A', '2-1764-A', 'Tukimun', 'Tempursari 4/1', '', '', '0000-00-00', '', ''),
('02', '01765', 'A', '2-1765-A', '', '', '', '', '0000-00-00', '', ''),
('02', '01766', 'A', '2-1766-A', 'Purwanto', 'Tempursari 11/3', '', '', '0000-00-00', '', ''),
('02', '01767', 'A', '2-1767-A', 'Hendri', 'Tempursari 40', '', '', '0000-00-00', '', ''),
('02', '01768', 'A', '2-1768-A', 'Eko Wahyudi', 'Tempursari 33', '', '', '0000-00-00', '', ''),
('02', '01769', 'A', '2-1769-A', 'Fendi Santoso', 'Tempursari 2', '', '', '0000-00-00', '', ''),
('02', '00177', 'A', '2-177-A', 'Poniman', 'Tempursari 30', '', '', '0000-00-00', '', ''),
('02', '01770', 'A', '2-1770-A', 'Samidi', 'Tempursari 34', '', '', '0000-00-00', '', ''),
('02', '01771', 'A', '2-1771-A', 'Suyanto', 'Tempursari 19', '', '', '0000-00-00', '', ''),
('02', '01772', 'A', '2-1772-A', 'Wagiyem', 'Sbr gtg utara 36', '', '', '0000-00-00', '', ''),
('02', '01773', 'A', '2-1773-A', 'Giman', 'Tempursari 12', '', '', '0000-00-00', '', ''),
('02', '01774', 'A', '2-1774-A', 'Rudi santoso', 'Tempursari 2/1', '', '', '0000-00-00', '', ''),
('02', '01775', 'A', '2-1775-A', 'Nur huda', 'Tempursari 26', '', '', '0000-00-00', '', ''),
('02', '01776', 'A', '2-1776-A', 'Mudasir', 'Sumbergentong 41/11', '', '', '0000-00-00', '', ''),
('02', '01777', 'A', '2-1777-A', 'Sarji', 'Temopursari 33', '', '', '0000-00-00', '', ''),
('02', '01778', 'A', '2-1778-A', 'Choirul Hidayat', 'Tempursari 45', '', '', '0000-00-00', '', ''),
('02', '01779', 'A', '2-1779-A', 'Abidin', 'Tempursari 9', '', '', '0000-00-00', '', ''),
('02', '00178', 'A', '2-178-A', 'Elis Yuanto', 'Tempursari 20', 'L', '', '0000-00-00', '', ''),
('02', '01780', 'A', '2-1780-A', 'Kasdi', 'Tempursari 7/2', '', '', '0000-00-00', '', ''),
('02', '01781', 'A', '2-1781-A', 'Yusuf Wahyu', 'Tempursari 20', '', '', '0000-00-00', '', ''),
('02', '01782', 'A', '2-1782-A', 'Agus Dwi', 'Tempursari 41/11', '', '', '0000-00-00', '', ''),
('02', '01783', 'A', '2-1783-A', 'Imam Syafi\'i', 'Tempursari 39', '', '', '0000-00-00', '', ''),
('02', '01784', 'A', '2-1784-A', 'Muji Purwoko', 'Tempursari 17/6', '', '', '0000-00-00', '', ''),
('02', '01785', 'A', '2-1785-A', 'Sulam ', 'Tempursari 5', '', '', '0000-00-00', '', ''),
('02', '01786', 'A', '2-1786-A', 'Marsi', 'Tempursari 15', '', '', '0000-00-00', '', ''),
('02', '01787', 'A', '2-1787-A', 'Yusuf Wahyu', 'Tempursari 24', '', '', '0000-00-00', '', ''),
('02', '01788', 'A', '2-1788-A', 'Jarwoto', ' Tempursari 31', '', '', '0000-00-00', '', ''),
('02', '01788', 'b', '2-1788-b', 'suranti', 'tempursari 31/8', 'p', '0001729653985', '0000-00-00', '', ''),
('02', '01789', 'A', '2-1789-A', 'Purwadi', 'Tempursari 9', '', '', '0000-00-00', '', ''),
('02', '00179', 'A', '2-179-A', 'Sugeng', 'Tempursari 31', '', '', '0000-00-00', '', ''),
('02', '01790', 'A', '2-1790-A', 'Ahmadi', 'Tempursari 17', '', '', '0000-00-00', '', ''),
('02', '01791', 'A', '2-1791-A', 'Suwarno', 'Tempursari 26', '', '', '0000-00-00', '', ''),
('02', '01792', 'A', '2-1792-A', 'Aziz', 'Tempursari 25', '', '', '0000-00-00', '', ''),
('02', '01793', 'A', '2-1793-A', 'Hermawan', 'Bandung 2', '', '', '0000-00-00', '', ''),
('02', '01794', 'A', '2-1794-A', 'Sumarmi', 'Tempursari 3', '', '', '0000-00-00', '', ''),
('02', '01795', 'A', '2-1795-A', 'Agus', 'Tempursari 39', '', '', '0000-00-00', '', ''),
('02', '01796', 'A', '2-1796-A', 'Amir', 'Tempursari 20/4', '', '', '0000-00-00', '', ''),
('02', '01797', 'A', '2-1797-A', 'Musadi', 'Tempursari 18', '', '', '0000-00-00', '', ''),
('02', '01798', 'A', '2-1798-A', 'Bambang', 'Tempursari 10', '', '', '0000-00-00', '', ''),
('02', '01799', 'A', '2-1799-A', 'M . Soni', 'Tempursari 36', '', '', '0000-00-00', '', ''),
('02', '00180', 'A', '2-180-A', 'Gunawan', 'Tempursari 31', '', '', '0000-00-00', '', ''),
('02', '01800', 'A', '2-1800-A', 'Fendi', 'Tempursari 3', '', '', '0000-00-00', '', ''),
('02', '01801', 'A', '2-1801-A', 'M . Soni', 'Tempursari 36', '', '', '0000-00-00', '', ''),
('02', '01802', 'A', '2-1802-A', 'Rudianto', 'Tempursari 12/3', '', '', '0000-00-00', '', ''),
('02', '01803', 'A', '2-1803-A', 'Tamuri', 'Tempursari 20/4', '', '', '0000-00-00', '', ''),
('02', '01804', 'A', '2-1804-A', 'Zainur Rozikin', 'Tempursari 26', '', '', '0000-00-00', '', ''),
('02', '01805', 'A', '2-1805-A', 'Khoirul Anam', 'Tempursari 24', '', '', '0000-00-00', '', ''),
('02', '01806', 'A', '2-1806-A', 'Adi Kurniawan', 'Tempursari 4', '', '', '0000-00-00', '', ''),
('02', '01807', 'A', '2-1807-A', 'Roy Ridwan', 'Tempursari 20/4', '', '', '0000-00-00', '', ''),
('02', '01808', 'A', '2-1808-A', 'Prawoto', 'Tempursari 3/5', '', '', '0000-00-00', '', ''),
('02', '01809', 'A', '2-1809-A', 'Rudi', 'Tempursari 30', '', '', '0000-00-00', '', ''),
('02', '00181', 'A', '2-181-A', 'Santoso', 'Tempursari 34', '', '', '0000-00-00', '', ''),
('02', '01810', 'A', '2-1810-A', 'Suparto', 'Tempursari 35', '', '', '0000-00-00', '', ''),
('02', '01811', 'A', '2-1811-A', 'Misirah', 'Tempursari 28/7', '', '', '0000-00-00', '', ''),
('02', '01812', 'A', '2-1812-A', 'Pendi', 'Tempursari 45', '', '', '0000-00-00', '', ''),
('02', '01813', 'A', '2-1813-A', 'Arif', 'Tempursari 24', '', '', '0000-00-00', '', ''),
('02', '01814', 'A', '2-1814-A', 'khoirul anwar', 'tempursari 30', '', '', '0000-00-00', '', ''),
('02', '01815', 'A', '2-1815-A', 'karmani', 'tempursari 6/2', '', '', '0000-00-00', '', ''),
('02', '01816', 'A', '2-1816-A', 'sulis', 'tempursari 45', '', '', '0000-00-00', '', ''),
('02', '01817', 'A', '2-1817-A', 'meris', 'tempursari 29/8', '', '', '0000-00-00', '', ''),
('02', '01818', 'A', '2-1818-A', 'agus sunyono', 'tempursari 41', '', '', '0000-00-00', '', ''),
('02', '01819', 'A', '2-1819-A', 'harianto', 'tempursari 26/7', '', '', '0000-00-00', '', ''),
('02', '00182', 'A', '2-182-A', 'Imam Tauhid', 'Tempursari 30', '', '', '0000-00-00', '', ''),
('02', '01820', 'A', '2-1820-A', 'imam', 'tempursari 18/5', '', '', '0000-00-00', '', ''),
('02', '01821', 'A', '2-1821-A', 'tanti', 'tempursari 14/4', '', '', '0000-00-00', '', ''),
('02', '01822', 'A', '2-1822-A', 'dodik', 'tempursari 23/4', '', '', '0000-00-00', '', ''),
('02', '01823', 'A', '2-1823-A', 'arif afandi', 'tempursari 20', '', '', '0000-00-00', '', ''),
('02', '01824', 'A', '2-1824-A', 'witno', 'tempursari 21', 'L', '', '0000-00-00', '', ''),
('02', '01824', 'b', '2-1824-b', 'dwi yestiani', 'tempursari 21', 'P', '', '0000-00-00', '', ''),
('02', '01825', 'A', '2-1825-A', 'miskan', 'tempursari 20', '', '', '0000-00-00', '', ''),
('02', '01826', 'A', '2-1826-A', 'Efendi', 'Tempursari 12/3', '', '', '0000-00-00', '', ''),
('02', '01827', 'A', '2-1827-A', 'sudiono', 'tempursari 30', '', '', '0000-00-00', '', ''),
('02', '01828', 'A', '2-1828-A', 'nur farhan', 'tempursari 14/4', '', '', '0000-00-00', '', ''),
('02', '01829', 'A', '2-1829-A', 'miskat', 'sumbergentong 41/11', '', '', '0000-00-00', '', ''),
('02', '00183', 'A', '2-183-A', 'Dwi Kurniawan', 'Tempursari 22', '', '', '0000-00-00', '', ''),
('02', '01830', 'A', '2-1830-A', 'beti', 'sumbergentong 44', '', '', '0000-00-00', '', ''),
('02', '01831', 'A', '2-1831-A', 'edi hermanto ', 'tempursari 18/5', '', '', '0000-00-00', '', ''),
('02', '01832', 'A', '2-1832-A', 'suwito', 'tempursari 26', '', '', '0000-00-00', '', ''),
('02', '01833', 'A', '2-1833-A', 'mursiah', 'Tempursari 1/1', '', '', '0000-00-00', '', ''),
('02', '01834', 'A', '2-1834-A', 'saefudin', 'tempursari 30', '', '', '0000-00-00', '', ''),
('02', '01835', 'A', '2-1835-A', 'dullah', ' sumbergentong 44', 'l', '', '0000-00-00', '', ''),
('02', '01835', 'b', '2-1835-b', 'eko yuardi', ' sumbergentong 44', 'l', '', '0000-00-00', '', ''),
('02', '01835', 'c', '2-1835-c', 'saminah', ' sumbergentong 44', 'p', '', '0000-00-00', '', ''),
('02', '01835', 'd', '2-1835-d', 'jamrud', 'sumbergentong 44', 'l', '', '0000-00-00', '', ''),
('02', '01835', 'e', '2-1835-e', 'trubus', 'sumbergentong 44', 'l', '', '0000-00-00', '', ''),
('02', '01836', 'A', '2-1836-A', 'wahyu setiawan', 'tempursari 17/6', '', '', '0000-00-00', '', ''),
('02', '01837', 'A', '2-1837-A', 'sutrisno', 'tempursari 20', '', '', '0000-00-00', '', ''),
('02', '01838', 'A', '2-1838-A', 'harti', 'sumbergentong 39', '', '', '0000-00-00', '', ''),
('02', '01839', 'A', '2-1839-A', 'imam kanafi', 'tempursari 8/2', '', '', '0000-00-00', '', ''),
('02', '00184', 'A', '2-184-A', 'Yunaedi', 'Tempursari 34', '', '', '0000-00-00', '', ''),
('02', '01840', 'A', '2-1840-A', 'afan fauzi', 'tempursari 19', '', '', '0000-00-00', '', ''),
('02', '01841', 'A', '2-1841-A', 'abdul rohim', 'tempursari 1', '', '', '0000-00-00', '', ''),
('02', '01842', 'A', '2-1842-A', 'muryati', 'tempursari 1/1', '', '', '0000-00-00', '', ''),
('02', '01843', 'A', '2-1843-A', 'sartik', 'tempursari 1/1', '', '', '0000-00-00', '', ''),
('02', '01844', 'A', '2-1844-A', 'sukat', 'sumbergentol selatan 41', '', '', '0000-00-00', '', ''),
('02', '01845', 'A', '2-1845-A', 'Siswadi', 'tempursari 11', '', '', '0000-00-00', '', ''),
('02', '01846', 'A', '2-1846-A', 'wasis', 'temopursari 21/5', '', '', '0000-00-00', '', ''),
('02', '01847', 'A', '2-1847-A', 'sardi', 'tempursari 39', '', '', '0000-00-00', '', ''),
('02', '01848', 'A', '2-1848-A', 'umi', 'tempursari 21', '', '', '0000-00-00', '', ''),
('02', '01849', 'A', '2-1849-A', 'saelan', 'sumbergentong 46', '', '', '0000-00-00', '', ''),
('02', '00185', 'A', '2-185-A', 'Topan', 'Tempursari 22', '', '', '0000-00-00', '', ''),
('02', '01850', 'A', '2-1850-A', 'miftahul amin', 'tempursari 24', '', '', '0000-00-00', '', ''),
('02', '01850', 'B', '2-1850-B', 'anisa', 'tempursari 24', 'P', '', '0000-00-00', '', ''),
('02', '01851', 'A', '2-1851-A', 'suwarno', 'tempursari 34', '', '', '0000-00-00', '', ''),
('02', '01852', 'A', '2-1852-A', 'paimun', 'tempursari 12', '', '', '0000-00-00', '', ''),
('02', '01853', 'A', '2-1853-A', 'lasiman', 'tempursari 1/1', '', '', '0000-00-00', '', ''),
('02', '01854', 'A', '2-1854-A', 'kasemin', 'tempursari 26', '', '', '0000-00-00', '', ''),
('02', '01855', 'A', '2-1855-A', 'Totok Andarianto', 'Tempursari 44', '', '', '0000-00-00', '', ''),
('02', '01856', 'A', '2-1856-A', 'lilik sriani', 'tempursari 25', '', '', '0000-00-00', '', ''),
('02', '01857', 'A', '2-1857-A', 'bakri', 'tempursari 37', '', '', '0000-00-00', '', ''),
('02', '01858', 'A', '2-1858-A', 'yulianto', 'tempursari 6/2', 'l', '0002241313672', '0000-00-00', '', ''),
('02', '01859', 'A', '2-1859-A', 'zaenal arifin', 'tempursari 31', '', '', '0000-00-00', '', ''),
('02', '00186', 'A', '2-186-A', 'Yatirin', 'Tempursari 13', '', '', '0000-00-00', '', ''),
('02', '01860', 'A', '2-1860-A', 'tatik m', 'tempursari 14', '', '', '0000-00-00', '', ''),
('02', '01861', 'A', '2-1861-A', 'andi setiono', 'tempursari 17', '', '', '0000-00-00', '', ''),
('02', '01861', 'B', '2-1861-B', 'mamluk atul ', 'tempursari 17', 'P', '', '0000-00-00', '', ''),
('02', '01862', 'A', '2-1862-A', 'Harianto', 'Tempursari 27', '', '', '0000-00-00', '', ''),
('02', '01863', 'A', '2-1863-A', 'Siswito', 'Tempursari 6', '', '', '0000-00-00', '', ''),
('02', '01864', 'A', '2-1864-A', 'mesidi', 'tempursari', '', '', '0000-00-00', '', ''),
('02', '01865', 'A', '2-1865-A', 'katiman', 'tempursari 11', '', '', '0000-00-00', '', ''),
('02', '01866', 'A', '2-1866-A', 'sukamto', 'tempursari 27', '', '', '0000-00-00', '', ''),
('02', '01867', 'A', '2-1867-A', 'wadian', 'tempursari 4', 'L', '', '0000-00-00', '', ''),
('02', '01868', 'A', '2-1868-A', 'marimin', 'tempursari 25', '', '', '0000-00-00', '', ''),
('02', '01869', 'A', '2-1869-A', 'siswandi', 'tempursari 22', '', '', '0000-00-00', '', ''),
('02', '00187', 'A', '2-187-A', 'Panggih', 'Tempursari 25', '', '', '0000-00-00', '', ''),
('02', '01870', 'A', '2-1870-A', 'sardi', 'tempursari 39', '', '', '0000-00-00', '', ''),
('02', '01871', 'A', '2-1871-A', 'herman', 'tempursari 17', '', '', '0000-00-00', '', ''),
('02', '01871', 'B', '2-1871-B', 'sri wahyuni', 'tempursari 17', 'P', '', '0000-00-00', '', ''),
('02', '01872', 'A', '2-1872-A', 'boinah', 'tempursari 42', '', '', '0000-00-00', '', ''),
('02', '01873', 'A', '2-1873-A', 'sutrisno', 'tempursari 24', '', '', '0000-00-00', '', ''),
('02', '01874', 'A', '2-1874-A', 'hardi', 'tempursari 6', '', '', '0000-00-00', '', ''),
('02', '01875', 'A', '2-1875-A', 'sairin', 'tempursari 3', '', '', '0000-00-00', '', ''),
('02', '01876', 'A', '2-1876-A', 'sutri', 'tempursari 29/8', '', '', '0000-00-00', '', ''),
('02', '01877', 'A', '2-1877-A', 'herdi andrean', 'tempursari 10/3', '', '', '0000-00-00', '', ''),
('02', '01878', 'A', '2-1878-A', 'munidin', 'tempursari 24', '', '', '0000-00-00', '', ''),
('02', '01879', 'A', '2-1879-A', 'jiwanto', 'tempursari 1/1', '', '', '0000-00-00', '', ''),
('02', '00188', 'A', '2-188-A', 'Sanusi', 'Tempursari 21', '', '', '0000-00-00', '', ''),
('02', '01880', 'A', '2-1880-A', 'didik rusdianto', 'tempursari 18/5', '', '', '0000-00-00', '', ''),
('02', '01881', 'A', '2-1881-A', 'imam', 'tempursari 25', '', '', '0000-00-00', '', ''),
('02', '01882', 'A', '2-1882-A', 'hadi', 'tempursari 4', '', '', '0000-00-00', '', ''),
('02', '01883', 'A', '2-1883-A', 'suliono', 'tempursari 39', '', '', '0000-00-00', '', ''),
('02', '01884', 'A', '2-1884-A', 'sutar', 'tempursari 11/3', '', '', '0000-00-00', '', ''),
('02', '01885', 'A', '2-1885-A', 'didit aditya', 'tempursari 43', '', '', '0000-00-00', '', ''),
('02', '01886', 'A', '2-1886-A', 'andry', 'tempursari 38', '', '', '0000-00-00', '', ''),
('02', '01887', 'A', '2-1887-A', 'karji', 'tempursari 46', '', '', '0000-00-00', '', ''),
('02', '01888', 'A', '2-1888-A', 'ahmad rofi\'i', 'sumbergentong 38', '', '', '0000-00-00', '', ''),
('02', '01889', 'A', '2-1889-A', 'sugiarto', 'tempursari 6', '', '', '0000-00-00', '', ''),
('02', '00189', 'A', '2-189-A', 'Bonari', 'Tempursari 11', '', '', '0000-00-00', '', 'sama dengan 02-'),
('02', '01890', 'A', '2-1890-A', 'mukinah', 'tempursari 31/8', '', '', '0000-00-00', '', ''),
('02', '01891', 'A', '2-1891-A', 'sumari', 'tempursari 34', '', '', '0000-00-00', '', ''),
('02', '01892', 'A', '2-1892-A', 'budi', 'tempursari 6', '', '', '0000-00-00', '', ''),
('02', '01893', 'A', '2-1893-A', 'erni', 'tempursari 36', '', '', '0000-00-00', '', ''),
('02', '01894', 'A', '2-1894-A', 'tumirin', 'tempursari 45', '', '', '0000-00-00', '', ''),
('02', '01895', 'A', '2-1895-A', 'roni', 'tempursari 7/2', '', '', '0000-00-00', '', ''),
('02', '01896', 'A', '2-1896-A', 'kusdianto', 'tempursari 10/3', '', '', '0000-00-00', '', ''),
('02', '01897', 'A', '2-1897-A', 'kharis maulana', 'tempursari 25', '', '', '0000-00-00', '', ''),
('02', '01898', 'A', '2-1898-A', 'danang', 'tempursari 18', '', '', '0000-00-00', '', ''),
('02', '01899', 'A', '2-1899-A', 'yamini', 'tempursari 29', '', '', '0000-00-00', '', ''),
('02', '00019', 'A', '2-19-A', 'Mahful Azhari', 'Tempursari 25', '', '', '0000-00-00', '', ''),
('02', '00190', 'A', '2-190-A', 'Kiran', 'Tempursari 7', '', '', '0000-00-00', '', ''),
('02', '01900', 'A', '2-1900-A', 'ribut', 'tempursari 41', '', '', '0000-00-00', '', ''),
('02', '01901', 'A', '2-1901-A', 'zaenab', 'tempursari 25', '', '', '0000-00-00', '', ''),
('02', '01902', 'A', '2-1902-A', 'Sukamto', 'Tempursari 39', '', '', '0000-00-00', '', ''),
('02', '01903', 'A', '2-1903-A', 'muklisin', 'tempursari 45', '', '', '0000-00-00', '', ''),
('02', '01904', 'A', '2-1904-A', 'heri cahyono', 'tempursari 2/1', '', '', '0000-00-00', '', ''),
('02', '01905', 'A', '2-1905-A', 'saiin surip', 'tempursari 4', '', '', '0000-00-00', '', ''),
('02', '01906', 'A', '2-1906-A', 'Kasri', 'Tempursari 16', '', '', '0000-00-00', '', ''),
('02', '01907', 'A', '2-1907-A', 'Hasanudin', 'Tempursari 41', '', '', '0000-00-00', '', ''),
('02', '01908', 'A', '2-1908-A', 'katijan', 'tempursari 29', '', '', '0000-00-00', '', ''),
('02', '01909', 'A', '2-1909-A', 'Kristiono', 'Tempursari 6', '', '', '0000-00-00', '', ''),
('02', '00191', 'A', '2-191-A', 'Tukul', 'Tempursari 22', '', '', '0000-00-00', '', ''),
('02', '01910', 'A', '2-1910-A', 'Tumaji', 'Tempursari', '', '', '0000-00-00', '', ''),
('02', '01911', 'A', '2-1911-A', 'Tukiyah', 'Tempursari 12/3', '', '', '0000-00-00', '', ''),
('02', '01912', 'A', '2-1912-A', 'Kasemin', 'Tempursari 26', '', '', '0000-00-00', '', ''),
('02', '01913', 'A', '2-1913-A', 'Trimo', 'Tempursari 1/1', '', '', '0000-00-00', '', ''),
('02', '01914', 'A', '2-1914-A', 'Sri Wahyuni', 'Tempursari 11/3', '', '', '0000-00-00', '', ''),
('02', '01915', 'A', '2-1915-A', 'Supriantoro', 'tempursari 7/2', '', '', '0000-00-00', '', '');
INSERT INTO `tbl_rm` (`kode_daerah`, `no_rm`, `kode_anggota`, `kode_rm`, `nama_pasien`, `alamat`, `jenis_kelamin`, `no_identitas`, `tanggal_lahir`, `alamat_ktp`, `no_telepon`) VALUES
('02', '01916', 'A', '2-1916-A', 'Sugiarti', 'Tempursari 6', '', '', '0000-00-00', '', ''),
('02', '01917', 'A', '2-1917-A', 'probo', 'sumbergentong 44', '', '', '0000-00-00', '', ''),
('02', '01918', 'A', '2-1918-A', 'Rofik', 'Tempursari 29', '', '', '0000-00-00', '', ''),
('02', '01919', 'A', '2-1919-A', 'Celina', 'Tempursari 1', '', '', '0000-00-00', '', ''),
('02', '00192', 'A', '2-192-A', 'Heri Purnomo', 'Tempursari 43', '', '', '0000-00-00', '', ''),
('02', '01920', 'A', '2-1920-A', 'sih godo p', 'tempursari 44', '', '', '0000-00-00', '', ''),
('02', '01921', 'A', '2-1921-A', 'andik', 'tempursari 19/4', '', '', '0000-00-00', '', ''),
('02', '01922', 'A', '2-1922-A', 'slamet', 'tempursari 27', '', '', '0000-00-00', '', ''),
('02', '01923', 'A', '2-1923-A', 'Devi', 'Tempursari', '', '', '0000-00-00', '', ''),
('02', '01924', 'A', '2-1924-A', 'purnawan', 'tempursari 11/3', '', '', '0000-00-00', '', ''),
('02', '01925', 'A', '2-1925-A', 'Kasiah', 'Tempursari 18/5', '', '', '0000-00-00', '', ''),
('02', '01926', 'A', '2-1926-A', 'saroji', 'sumbergentong ', 'L', '', '0000-00-00', '', ''),
('02', '01927', 'A', '2-1927-A', 'edi pranowo', 'tempursari 8', 'L', '', '0000-00-00', '', ''),
('02', '01928', 'A', '2-1928-A', 'tukiren', 'tempursari 22/6', 'L', '', '0000-00-00', '', ''),
('02', '01929', 'A', '2-1929-A', 'katiyem', 'tempursari 29', '', '', '0000-00-00', '', ''),
('02', '00193', 'A', '2-193-A', 'Marsiah', 'Tempursari 35', '', '', '0000-00-00', '', ''),
('02', '01930', 'A', '2-1930-A', 'Rahmad Hidayat', 'Tempursari 39/10', 'L', '', '0000-00-00', '', ''),
('02', '01931', 'A', '2-1931-A', 'Mesiyanto ', 'tempursari 11', 'L', '', '0000-00-00', '', ''),
('02', '01932', 'A', '2-1932-A', 'saiful bakri', 'sumbergentong utra 37/10', '', '', '0000-00-00', '', ''),
('02', '01933', 'A', '2-1933-A', 'sunardi', 'tempursari 44', 'L', '', '0000-00-00', '', ''),
('02', '01934', 'A', '2-1934-A', 'katemi', 'tepursari 40', 'P', '', '0000-00-00', '', ''),
('02', '01935', 'A', '2-1935-A', 'karlin eko efendi', 'tempursari 14', '', '', '0000-00-00', '', ''),
('02', '01936', 'A', '2-1936-A', 'budiono', 'tempursari 7/2', '', '', '0000-00-00', '', ''),
('02', '01937', 'A', '2-1937-A', 'ahmad saiin', 'tempursari 31/8', 'L', '', '0000-00-00', '', ''),
('02', '01938', 'A', '2-1938-A', 'sugito', 'tempursari 29', '', '', '0000-00-00', '', ''),
('02', '01939', 'A', '2-1939-A', 'Pairi', 'Tempursari 25', '', '', '0000-00-00', '', ''),
('02', '00194', 'A', '2-194-A', 'Jarno', 'Tempursari 7', '', '', '0000-00-00', '', ''),
('02', '01940', 'A', '2-1940-A', 'Boiyem', 'Tempursari 39', '', '', '0000-00-00', '', ''),
('02', '01941', 'A', '2-1941-A', 'Tumidianto', 'Tempursari 41', '', '', '0000-00-00', '', ''),
('02', '01942', 'A', '2-1942-A', 'khoirul', 'tempursari 31', '', '', '0000-00-00', '', ''),
('02', '01943', 'A', '2-1943-A', 'sariati', 'tempursari 26', '', '', '0000-00-00', '', ''),
('02', '01944', 'A', '2-1944-A', 'morodi', 'tempursari 41', '', '', '0000-00-00', '', ''),
('02', '01945', 'A', '2-1945-A', 'riski', 'tempursari 32', '', '', '0000-00-00', '', ''),
('02', '01946', 'A', '2-1946-A', 'abdul rohim', 'tempursari 41', '', '', '0000-00-00', '', ''),
('02', '01947', 'A', '2-1947-A', 'Endah sri rahayu', 'tempursari 4', '', '', '0000-00-00', '', ''),
('02', '01948', 'A', '2-1948-A', 'ahmad isnaeni', 'tempursari 6/1', '', '', '0000-00-00', '', ''),
('02', '01949', 'A', '2-1949-A', 'munarsih', 'sumbergentong 45/12', '', '', '0000-00-00', '', ''),
('02', '00195', 'A', '2-195-A', 'Sukimin', 'Tempursari 22', '', '', '0000-00-00', '', ''),
('02', '01950', 'A', '2-1950-A', 'cukup', 'tempursari 29', '', '', '0000-00-00', '', ''),
('02', '01951', 'A', '2-1951-A', 'sujianto', 'sumbergentong utara 34/9', '', '', '0000-00-00', '', ''),
('02', '01952', 'A', '2-1952-A', 'boini', 'tempursari 7', '', '', '0000-00-00', '', ''),
('02', '01953', 'A', '2-1953-A', 'abdul rohman', 'tempursari 27/7', '', '', '0000-00-00', '', ''),
('02', '01954', 'A', '2-1954-A', 'sutoyo efendi', 'tempursari 14', '', '', '0000-00-00', '', ''),
('02', '01955', 'A', '2-1955-A', 'katemi', 'tempursari 30', '', '', '0000-00-00', '', ''),
('02', '01956', 'A', '2-1956-A', 'imam rofi\'i', 'tempursari 41', '', '', '0000-00-00', '', ''),
('02', '01957', 'A', '2-1957-A', 'lamin', 'tempursari 13', '', '', '0000-00-00', '', ''),
('02', '01958', 'A', '2-1958-A', 'sutiknan', 'tempursari 18', '', '', '0000-00-00', '', ''),
('02', '01959', 'A', '2-1959-A', 'herwanto ', 'tempursari 35', '', '', '0000-00-00', '', ''),
('02', '00196', 'A', '2-196-A', 'Sutikno', 'Tempursari 25', '', '', '0000-00-00', '', ''),
('02', '01960', 'A', '2-1960-A', 'sukartin', 'tempursari 17/6', '', '', '0000-00-00', '', ''),
('02', '01961', 'A', '2-1961-A', 'Mustofa', 'Tempursari 38', '', '', '0000-00-00', '', ''),
('02', '01962', 'A', '2-1962-A', 'gini', 'tempursari 45', '', '', '0000-00-00', '', ''),
('02', '01963', 'A', '2-1963-A', 'tukimin', 'tempursari 35', '', '', '0000-00-00', '', ''),
('02', '01964', 'A', '2-1964-A', 'Kunardi', 'Tempursari 1/1', '', '', '0000-00-00', '', ''),
('02', '01965', 'A', '2-1965-A', 'Suwarno', 'tempursari 34/9', '', '', '0000-00-00', '', ''),
('02', '01966', 'A', '2-1966-A', 'Rohmat Abdullah', 'Sumbergentong 39', '', '', '0000-00-00', '', ''),
('02', '01967', 'A', '2-1967-A', 'samsul', 'tempursari 7', '', '', '0000-00-00', '', ''),
('02', '01968', 'A', '2-1968-A', 'alfin nurcahyo', 'tempursari 11/3', '', '', '0000-00-00', '', ''),
('02', '01969', 'A', '2-1969-A', 'slamet', 'sumbergentong 44', '', '', '0000-00-00', '', ''),
('02', '00197', 'A', '2-197-A', 'Yulius Rudi', 'Tempursari 16', '', '', '0000-00-00', '', ''),
('02', '01970', 'A', '2-1970-A', 'purwanto', 'tempursari 20', '', '', '0000-00-00', '', ''),
('02', '01971', 'A', '2-1971-A', 'supari', 'tempursari 30', '', '', '0000-00-00', '', ''),
('02', '01972', 'A', '2-1972-A', 'gatot wahyudi', 'tempursari 44/12', '', '', '0000-00-00', '', ''),
('02', '01973', 'A', '2-1973-A', 'sri peni', 'sumbergentong sel 41/11', '', '', '0000-00-00', '', ''),
('02', '01974', 'A', '2-1974-A', 'andi suhendri', 'tempursari 37/10', '', '', '0000-00-00', '', ''),
('02', '01975', 'A', '2-1975-A', 'hadi saputra', 'sumbergentong 38', '', '', '0000-00-00', '', ''),
('02', '01975', 'b', '2-1975-b', 'aisyah', 'sumbergentong 38', '', '', '0000-00-00', '', ''),
('02', '01976', 'A', '2-1976-A', 'ngatemin', 'tempursari 36/10', '', '', '0000-00-00', '', ''),
('02', '01977', 'A', '2-1977-A', 'sukrianto', 'tempursari utara 36/10', '', '', '0000-00-00', '', ''),
('02', '01978', 'A', '2-1978-A', 'Ahmad Yani', 'Tempursari 23', '', '', '0000-00-00', '', ''),
('02', '01979', 'A', '2-1979-A', 'mariyam', 'tepursari 41', '', '', '0000-00-00', '', ''),
('02', '00198', 'A', '2-198-A', 'Suyanto', 'Tempursari 46', '', '', '0000-00-00', '', ''),
('02', '01980', 'A', '2-1980-A', 'ahamad saeroji', 'tempursari 1/1', '', '', '0000-00-00', '', ''),
('02', '01981', 'A', '2-1981-A', 'widiarti', 'tempursari 46/12', '', '', '0000-00-00', '', ''),
('02', '01982', 'A', '2-1982-A', 'sapuah', 'sumbergentong 41', 'p', '', '0000-00-00', '', ''),
('02', '01983', 'A', '2-1983-A', 'darmini', 'tempursari 31', '', '', '0000-00-00', '', ''),
('02', '01984', 'A', '2-1984-A', 'wahyu', 'tempursari 42/11', '', '', '0000-00-00', '', ''),
('02', '01985', 'A', '2-1985-A', 'moh toha', 'tempursari 22/6', 'l', '', '0000-00-00', '', ''),
('02', '01986', 'A', '2-1986-A', 'arifin', 'sumbergentong utara 36', '', '', '0000-00-00', '', ''),
('02', '01987', 'A', '2-1987-A', 'kasmanto', 'tempursari 9', 'l', '', '0000-00-00', '', ''),
('02', '01988', 'A', '2-1988-A', 'mujiono', 'sumbergentong 35/9', '', '', '0000-00-00', '', ''),
('02', '01989', 'A', '2-1989-A', 'meselan', 'tempursari 14/4', 'l', '0002057453335', '0000-00-00', '', ''),
('02', '00199', 'A', '2-199-A', 'Mairah', 'Tempursari 5', '', '', '0000-00-00', '', ''),
('02', '01990', 'A', '2-1990-A', 'achmad rizal', 'tempursari 3', '', '', '0000-00-00', '', ''),
('02', '01990', 'B', '2-1990-B', 'Elly nura oktaviani', 'tempursari 3', '', '', '0000-00-00', '', ''),
('02', '01991', 'A', '2-1991-A', 'Tomas klimin', 'Tempursari 2/1', '', '', '0000-00-00', '', ''),
('02', '01992', 'A', '2-1992-A', 'sulam', 'tempursari 38/10', '', '', '0000-00-00', '', ''),
('02', '01993', 'A', '2-1993-A', 'tulus', 'tempursari 40/11', 'L', '', '0000-00-00', '', ''),
('02', '01994', 'A', '2-1994-A', 'ngadino', 'tempursari 22', 'L', '', '0000-00-00', '', ''),
('02', '01995', 'A', '2-1995-A', 'sukri', 'tempursari 30', 'L', '', '0000-00-00', '', ''),
('02', '01996', 'A', '2-1996-A', 'deni', 'tempursari 18', '', '', '0000-00-00', '', ''),
('02', '01997', 'A', '2-1997-A', 'waris', 'sumbergentong 35/9', 'L', '', '0000-00-00', '', ''),
('02', '01997', 'B', '2-1997-B', 'sulianik', 'sumbergentong 35/9', 'P', '', '0000-00-00', '', ''),
('02', '00002', 'A', '2-2-A', 'Bonari', 'Tempursari 11', 'L', '', '1970-03-03', '', ''),
('02', '00020', 'A', '2-20-A', 'Samsul Arifin', 'Tempursari 1', '', '', '0000-00-00', '', ''),
('02', '00200', 'A', '2-200-A', 'M.Fauzin', 'Tempursari 11', '', '', '0000-00-00', '', ''),
('02', '00201', 'A', '2-201-A', 'Kasmiran', 'Tempursari 28', '', '', '0000-00-00', '', ''),
('02', '00202', 'A', '2-202-A', 'Ira', 'Tempursari 16', '', '', '0000-00-00', '', ''),
('02', '00203', 'A', '2-203-A', 'Sulam ', 'Tempursari 23', '', '', '0000-00-00', '', ''),
('02', '00204', 'A', '2-204-A', 'Marsut', 'Tempursari 40', '', '', '0000-00-00', '', ''),
('02', '00205', 'A', '2-205-A', 'Suparno', 'Tempursari 17', '', '', '0000-00-00', '', ''),
('02', '00206', 'A', '2-206-A', 'Bambang Santoso', 'Tempursari 18', '', '', '0000-00-00', '', ''),
('02', '00206', 'b', '2-206-b', 'eva', 'tempursari 18', 'p', '', '0000-00-00', '', ''),
('02', '00206', 'c', '2-206-c', 'chelsie', 'tempursari 18', 'p', '', '0000-00-00', '', ''),
('02', '00206', 'd', '2-206-d', 'jordi alba', 'tempursari 18', 'l', '', '0000-00-00', '', ''),
('02', '00206', 'e', '2-206-e', 'mujiah', 'tempursari 18', 'p', '', '0000-00-00', '', ''),
('02', '00207', 'A', '2-207-A', 'Rianto', 'Tempursari 33', '', '', '0000-00-00', '', ''),
('02', '00208', 'A', '2-208-A', 'Suripto', 'Tempursari 19', '', '', '0000-00-00', '', ''),
('02', '00209', 'A', '2-209-A', 'Sutiknan', 'Tempursari 16', '', '', '0000-00-00', '', ''),
('02', '00021', 'A', '2-21-A', 'Pujiono', 'Tempursari 5', '', '', '0000-00-00', '', ''),
('02', '00021', 'b', '2-21-b', 'ami', 'tempursari 5', '', '', '0000-00-00', '', ''),
('02', '00021', 'C', '2-21-c', 'eko', 'tempursari 5', 'L', '', '1979-03-01', '', ''),
('02', '00021', 'd', '2-21-d', 'wahyu', 'tempursari 5', '', '', '0000-00-00', '', ''),
('02', '00210', 'A', '2-210-A', 'Saiin', 'Tempursari 31', '', '', '0000-00-00', '', ''),
('02', '00211', 'A', '2-211-A', 'Ahmad Zainuri', 'Tempursari 31', '', '', '0000-00-00', '', ''),
('02', '00212', 'A', '2-212-A', 'Riyono', 'Tempursari 30', '', '', '0000-00-00', '', ''),
('02', '00213', 'A', '2-213-A', 'Moch Rosyid', 'Tempursari 18', '', '', '0000-00-00', '', ''),
('02', '00214', 'A', '2-214-A', 'Soin', 'Tempursari 35', '', '', '0000-00-00', '', ''),
('02', '00215', 'A', '2-215-A', 'Yanti', 'Tempursari 19', '', '', '0000-00-00', '', ''),
('02', '00216', 'A', '2-216-A', 'Ponirin', 'Tempursari 6/2', '', '', '0000-00-00', '', ''),
('02', '00217', 'A', '2-217-A', 'Sugeng', 'Tempursari 31', '', '', '0000-00-00', '', ''),
('02', '00218', 'A', '2-218-A', 'Narsianto', 'Tempursari 13', '', '', '0000-00-00', '', ''),
('02', '00218', 'b', '2-218-b', 'yusiana', 'tempursari', 'P', '', '0000-00-00', '', ''),
('02', '00219', 'A', '2-219-A', 'Warsidi', 'Tempursari 25', '', '', '0000-00-00', '', ''),
('02', '00022', 'A', '2-22-A', 'Kumin', 'Tempursari 22', '', '', '0000-00-00', '', ''),
('02', '00220', 'A', '2-220-A', 'Saiful', 'Tempursari 31', '', '', '0000-00-00', '', ''),
('02', '00221', 'A', '2-221-A', 'Ingan', 'Tempursari 39', '', '', '0000-00-00', '', ''),
('02', '00222', 'A', '2-222-A', 'Riadi', 'Tempursari 45', '', '', '0000-00-00', '', ''),
('02', '00223', 'A', '2-223-A', 'Ichwanto', 'Tempursari 27', '', '', '0000-00-00', '', ''),
('02', '00224', 'A', '2-224-A', 'Agus Rianto', 'Tempursari 17', '', '', '0000-00-00', '', ''),
('02', '00225', 'A', '2-225-A', 'Mulyanto', 'Tempursari 19', '', '', '0000-00-00', '', ''),
('02', '00226', 'A', '2-226-A', 'Budiono', 'Tempursari 19', '', '', '0000-00-00', '', ''),
('02', '00227', 'A', '2-227-A', 'Wagini', 'Tempursari 26', '', '', '0000-00-00', '', ''),
('02', '00228', 'A', '2-228-A', 'Kaderi', 'Tempursari 17', '', '', '0000-00-00', '', ''),
('02', '00229', 'A', '2-229-A', 'Ahmad Taron', 'Tempursari 26', '', '', '0000-00-00', '', ''),
('02', '00023', 'A', '2-23-A', 'Arifinanto', 'Tempursari 27', '', '', '0000-00-00', '', ''),
('02', '00230', 'A', '2-230-A', 'Sayut', 'Tempursari 30', 'L', '0002378319344', '0000-00-00', '', ''),
('02', '00231', 'A', '2-231-A', 'Didik Harianto', 'Tempursari 11', '', '', '0000-00-00', '', ''),
('02', '00232', 'A', '2-232-A', 'Edi ', 'Tempursari', '', '', '0000-00-00', '', ''),
('02', '00233', 'A', '2-233-A', 'Kaseni', 'Tempursari 33', '', '', '0000-00-00', '', ''),
('02', '00234', 'A', '2-234-A', 'Kamali', 'Tempursari 22', '', '', '0000-00-00', '', ''),
('02', '00235', 'A', '2-235-A', 'Nggono', 'Tempursari 18', '', '', '0000-00-00', '', ''),
('02', '00236', 'A', '2-236-A', 'Kateman', 'Tempursari 40', '', '', '0000-00-00', '', ''),
('02', '00237', 'A', '2-237-A', 'Susanto', 'Tempursari 9', '', '', '0000-00-00', '', ''),
('02', '00238', 'A', '2-238-A', 'Edi Purnomo', 'Tempursari 17', '', '', '0000-00-00', '', ''),
('02', '00239', 'A', '2-239-A', 'Didin', 'Tempursari 35', '', '', '0000-00-00', '', ''),
('02', '00024', 'A', '2-24-A', 'Mulfi Wibowo', 'Tempursari 43', '', '', '0000-00-00', '', ''),
('02', '00240', 'A', '2-240-A', 'Sumarmi', 'Tempursari 57', '', '', '0000-00-00', '', ''),
('02', '00241', 'A', '2-241-A', 'Kuat', 'Tempursari 10', '', '', '0000-00-00', '', ''),
('02', '00242', 'A', '2-242-A', 'Hermawan', 'Tempursari 18', '', '', '0000-00-00', '', ''),
('02', '00243', 'A', '2-243-A', 'Madisan', 'Tempursari 30', 'l', '', '0000-00-00', '', ''),
('02', '00244', 'A', '2-244-A', 'Marimin', 'Tempursari 20', '', '', '0000-00-00', '', ''),
('02', '00245', 'A', '2-245-A', 'Mujianto', 'Tempursari 10', '', '', '0000-00-00', '', ''),
('02', '00246', 'A', '2-246-A', 'Sukani', 'Tempursari 14', '', '', '0000-00-00', '', ''),
('02', '00247', 'A', '2-247-A', 'Jaetun', 'Tempursari 22', '', '', '0000-00-00', '', ''),
('02', '00248', 'A', '2-248-A', 'Nahrowi', 'Tempursari 38', '', '', '0000-00-00', '', ''),
('02', '00249', 'A', '2-249-A', 'Sutakap', 'Tempursari 12', '', '', '0000-00-00', '', ''),
('02', '00025', 'A', '2-25-A', 'Hudi', 'Tempursari 39', '', '', '0000-00-00', '', ''),
('02', '00250', 'A', '2-250-A', 'Misdi', 'Tempursari 11', '', '', '0000-00-00', '', ''),
('02', '00251', 'A', '2-251-A', 'Yasrianto', 'Tempursari 33', '', '', '0000-00-00', '', ''),
('02', '00252', 'A', '2-252-A', 'Suparlan', 'Tempursari 42', '', '', '0000-00-00', '', ''),
('02', '00253', 'A', '2-253-A', 'Bastiar', 'Tempursari 46', '', '', '0000-00-00', '', ''),
('02', '00253', 'b', '2-253-b', 'gery octarino', 'tempursari 46', 'L', '', '0000-00-00', '', ''),
('02', '00254', 'A', '2-254-A', 'Prawito', 'Tempursari 12', '', '', '0000-00-00', '', ''),
('02', '00255', 'A', '2-255-A', 'Egis Pratama', 'Tempursari 25', '', '', '0000-00-00', '', ''),
('02', '00256', 'A', '2-256-A', 'Marlin', 'Tempursari 46', '', '', '0000-00-00', '', ''),
('02', '00257', 'A', '2-257-A', 'Mujianto', 'Tempursari 33', '', '', '0000-00-00', '', ''),
('02', '00258', 'A', '2-258-A', 'Samsul Arifin', 'Tempursari 24', '', '', '0000-00-00', '', ''),
('02', '00259', 'A', '2-259-A', 'Kadiyat', 'Tempursari 17', '', '', '0000-00-00', '', ''),
('02', '00260', 'A', '2-260-A', 'Imron', 'Tempursari 46', '', '', '0000-00-00', '', ''),
('02', '00261', 'A', '2-261-A', 'Samuji', 'Tempursari 30', '', '', '0000-00-00', '', ''),
('02', '00262', 'A', '2-262-A', 'Pandri', 'Tempursari 34', '', '', '0000-00-00', '', ''),
('02', '00263', 'A', '2-263-A', 'Jaetun', 'Tempursari 8', '', '', '0000-00-00', '', ''),
('02', '00264', 'A', '2-264-A', 'Surateno', 'Tempursari 6', '', '', '0000-00-00', '', ''),
('02', '00265', 'A', '2-265-A', 'Sukidi', 'Tempursari 41', '', '', '0000-00-00', '', ''),
('02', '00266', 'A', '2-266-A', 'Mesiran', 'Tempursari 46', '', '', '0000-00-00', '', ''),
('02', '00267', 'A', '2-267-A', 'Sukamto', 'Tempursari 29', '', '', '0000-00-00', '', ''),
('02', '00268', 'A', '2-268-A', 'Arifin', 'Tempursari 14', '', '', '0000-00-00', '', ''),
('02', '00269', 'A', '2-269-A', 'Sutiono', 'Tempursari 38', '', '', '0000-00-00', '', ''),
('02', '00027', 'A', '2-27-A', 'Suryanto', 'Tempursari 39', '', '', '0000-00-00', '', ''),
('02', '00270', 'A', '2-270-A', 'Prianto', 'Tempursari 12', '', '', '0000-00-00', '', ''),
('02', '00271', 'A', '2-271-A', 'Dwi Prasetya', 'Tempursari 46', '', '', '0000-00-00', '', ''),
('02', '00272', 'A', '2-272-A', 'Kholiq', 'Tempursari 15', '', '', '0000-00-00', '', ''),
('02', '00273', 'A', '2-273-A', 'Budiarjo', 'Tempursari 35', '', '', '0000-00-00', '', ''),
('02', '00274', 'A', '2-274-A', 'Herlambang', 'Tempursari 45', '', '', '0000-00-00', '', ''),
('02', '00275', 'A', '2-275-A', 'Hamid', 'Tempursari 38', '', '', '0000-00-00', '', ''),
('02', '00276', 'A', '2-276-A', 'kuswatin', 'Tempursari 37', '', '', '0000-00-00', '', ''),
('02', '00277', 'A', '2-277-A', 'sukur', 'Tempursari 18', 'L', '', '0000-00-00', '', ''),
('02', '00278', 'A', '2-278-A', 'lasmono', 'Tempursari 26', '', '', '0000-00-00', '', ''),
('02', '00279', 'A', '2-279-A', 'paeran', 'Tempursari 22', 'L', '', '0000-00-00', '', ''),
('02', '00028', 'A', '2-28-A', 'Budiono', 'Tempursari 7', '', '', '0000-00-00', '', ''),
('02', '00280', 'A', '2-280-A', 'gono', 'Tempursari 18', '', '', '0000-00-00', '', ''),
('02', '00281', 'A', '2-281-A', 'kromo', 'Tempursari 46', '', '', '0000-00-00', '', ''),
('02', '00282', 'A', '2-282-A', 'tukimin', 'Tempursari 33', '', '', '0000-00-00', '', ''),
('02', '00283', 'A', '2-283-A', 'semianto', 'Tempursari 11', '', '', '0000-00-00', '', ''),
('02', '00284', 'A', '2-284-A', 'wijianto', 'Tempursari 22', '', '', '0000-00-00', '', ''),
('02', '00285', 'A', '2-285-A', 'amari', 'Tempursari 14', '', '', '0000-00-00', '', ''),
('02', '00286', 'A', '2-286-A', 'ivran dwi', 'Tempursari 41', '', '', '0000-00-00', '', ''),
('02', '00287', 'A', '2-287-A', '', '', '', '', '0000-00-00', '', ''),
('02', '00288', 'A', '2-288-A', 'ngatiman', 'Tempursari 33', '', '', '0000-00-00', '', ''),
('02', '00289', 'A', '2-289-A', '', '', '', '', '0000-00-00', '', ''),
('02', '00029', 'A', '2-29-A', 'Ibnu', 'Tempursari 39', '', '', '0000-00-00', '', ''),
('02', '00029', 'B', '2-29-B', 'gantaria azka', 'tempursari 39', 'P', '', '1979-03-06', '', ''),
('02', '00290', 'A', '2-290-A', 'asep', 'Tempursari 4', '', '', '0000-00-00', '', ''),
('02', '00291', 'A', '2-291-A', 'kastin', 'Tempursari 46', '', '', '0000-00-00', '', ''),
('02', '00292', 'A', '2-292-A', 'sogiran', 'Tempursari 32', '', '', '0000-00-00', '', ''),
('02', '00292', 'b', '2-292-b', 'sumini', 'tempursari 32', 'P', '', '0000-00-00', '', ''),
('02', '00293', 'A', '2-293-A', '', '', '', '', '0000-00-00', '', ''),
('02', '00294', 'A', '2-294-A', 'sugeng', 'tempursari 46/12', 'l', '', '0000-00-00', '', ''),
('02', '00295', 'A', '2-295-A', 'eko david', 'Tempursari 8', '', '', '0000-00-00', '', ''),
('02', '00296', 'A', '2-296-A', 'samsudin', 'Tempursari 17', '', '', '0000-00-00', '', ''),
('02', '00297', 'A', '2-297-A', 'sutris', 'Tempursari 16', '', '', '0000-00-00', '', ''),
('02', '00298', 'A', '2-298-A', 'sutiono', 'Tempursari 45', '', '', '0000-00-00', '', ''),
('02', '00299', 'A', '2-299-A', 'sugeng', 'Tempursari 46', '', '', '0000-00-00', '', ''),
('02', '00003', 'A', '2-3-A', 'Misian', 'Tempursari 25', '', '', '0000-00-00', '', ''),
('02', '00003', 'B', '2-3-B', 'Amelia', 'Tempursari 25', 'P', '', '1979-03-01', '', ''),
('02', '00030', 'A', '2-30-A', 'Suliati', 'Tempursari 31', '', '', '0000-00-00', '', ''),
('02', '00300', 'A', '2-300-A', 'M. Rozik', 'Tempursari 18', '', '', '0000-00-00', '', ''),
('02', '00301', 'A', '2-301-A', 'bakri', 'Tempursari 10', '', '', '0000-00-00', '', ''),
('02', '00302', 'A', '2-302-A', 'eko santos ', 'Tempursari 57', '', '', '0000-00-00', '', ''),
('02', '00303', 'A', '2-303-A', 'eko ', 'Tempursari 34', '', '', '0000-00-00', '', ''),
('02', '00304', 'A', '2-304-A', '', '', '', '', '0000-00-00', '', ''),
('02', '00305', 'A', '2-305-A', 'edi', 'Tempursari 41', '', '', '0000-00-00', '', ''),
('02', '00306', 'A', '2-306-A', 'salim ', 'Tempursari 1', '', '', '0000-00-00', '', ''),
('02', '00307', 'A', '2-307-A', 'andri', 'Tempursari 36', '', '', '0000-00-00', '', ''),
('02', '00308', 'A', '2-308-A', 'zainal sholikin', 'Tempursari 25', '', '', '0000-00-00', '', ''),
('02', '00309', 'A', '2-309-A', 'iswanto', 'Tempursari 27', '', '', '0000-00-00', '', ''),
('02', '00031', 'A', '2-31-A', 'Saiful', 'Tempursari 42', '', '', '0000-00-00', '', ''),
('02', '00031', 'B', '2-31-B', 'wahyu', 'tempursari 31', 'L', '', '0000-00-00', '', ''),
('02', '00031', 'c', '2-31-c', 'DZAKY', 'tempursari 31', 'L', '', '1979-03-01', '', ''),
('02', '00310', 'A', '2-310-A', 'kamari', 'Tempursari 24', '', '', '0000-00-00', '', ''),
('02', '00311', 'A', '2-311-A', 'suprianto', 'Tempursari 4', '', '', '0000-00-00', '', ''),
('02', '00312', 'A', '2-312-A', 'edi', 'Tempursari 23', '', '', '0000-00-00', '', ''),
('02', '00313', 'A', '2-313-A', 'samsul', 'Tempursari 39', '', '', '0000-00-00', '', ''),
('02', '00314', 'A', '2-314-A', 'miswanto', 'Tempursari 57', '', '', '0000-00-00', '', ''),
('02', '00315', 'A', '2-315-A', 'havid', 'Tempursari 34', '', '', '0000-00-00', '', ''),
('02', '00316', 'A', '2-316-A', 'palel', 'Tempursari 1', '', '', '0000-00-00', '', ''),
('02', '00317', 'A', '2-317-A', 'subribto', 'Tempursari 23', '', '', '0000-00-00', '', ''),
('02', '00318', 'A', '2-318-A', 'sanianto', 'Tempursari 27/7', '', '', '0000-00-00', '', ''),
('02', '00319', 'A', '2-319-A', 'marsono', 'Tempursari 23', '', '', '0000-00-00', '', ''),
('02', '00032', 'A', '2-32-A', 'Katiran', 'Tempursari 9', '', '', '0000-00-00', '', ''),
('02', '00320', 'A', '2-320-A', 'jamjun', 'Tempursari 36', '', '', '0000-00-00', '', ''),
('02', '00321', 'A', '2-321-A', 'langgeng', 'Tempursari 15', '', '', '0000-00-00', '', ''),
('02', '00322', 'A', '2-322-A', 'painten', 'Tempursari 46', '', '', '0000-00-00', '', ''),
('02', '00323', 'A', '2-323-A', 'asad', 'Tempursari 11', '', '', '0000-00-00', '', ''),
('02', '00324', 'A', '2-324-A', 'farid afandi', 'Tempursari 38', '', '', '0000-00-00', '', ''),
('02', '00325', 'A', '2-325-A', 'sugram', 'Tempursari 34', '', '', '0000-00-00', '', ''),
('02', '00326', 'A', '2-326-A', 'kasirin', 'Tempursari 26', '', '', '0000-00-00', '', ''),
('02', '00327', 'A', '2-327-A', 'pairin', 'Tempursari 45', '', '', '0000-00-00', '', ''),
('02', '00328', 'A', '2-328-A', 'joni', 'Tempursari 45', '', '', '0000-00-00', '', ''),
('02', '00329', 'A', '2-329-A', 'lama', 'Tempursari 46', '', '', '0000-00-00', '', ''),
('02', '00033', 'A', '2-33-A', 'Purnomo', 'Tempursari 30', '', '', '0000-00-00', '', ''),
('02', '00330', 'A', '2-330-A', 'yasri ', 'Tempursari 11', '', '', '0000-00-00', '', ''),
('02', '00331', 'A', '2-331-A', 'suhar', 'Tempursari 33', '', '', '0000-00-00', '', ''),
('02', '00332', 'A', '2-332-A', 'nasir', 'Tempursari 10', '', '', '0000-00-00', '', ''),
('02', '00333', 'A', '2-333-A', 'bowiyah', 'Tempursari 45', '', '', '0000-00-00', '', ''),
('02', '00334', 'A', '2-334-A', 'suhardi', 'Tempursari 33', '', '', '0000-00-00', '', ''),
('02', '00335', 'A', '2-335-A', 'heri purnomo', 'Tempursari 26', '', '', '0000-00-00', '', ''),
('02', '00336', 'A', '2-336-A', 'sumardiana', 'Tempursari 26', '', '', '0000-00-00', '', ''),
('02', '00337', 'A', '2-337-A', 'suindayanto', 'Tempursari 25', '', '', '0000-00-00', '', ''),
('02', '00338', 'A', '2-338-A', 'nuryanto', 'Tempursari 14', '', '', '0000-00-00', '', ''),
('02', '00339', 'A', '2-339-A', 'tukiyem', 'Tempursari 16', '', '', '0000-00-00', '', ''),
('02', '00034', 'A', '2-34-A', 'Suyitno', 'Tempursari 25', '', '', '0000-00-00', '', ''),
('02', '00340', 'A', '2-340-A', 'agus', 'Tempursari 40', '', '', '0000-00-00', '', ''),
('02', '00341', 'A', '2-341-A', 'sami\'an', 'Tempursari 17/6', '', '', '0000-00-00', '', ''),
('02', '00341', 'b', '2-341-b', 'sarjono', 'tempursari 17/6', 'l', '0002517069879', '0000-00-00', '', ''),
('02', '00341', 'c', '2-341-c', 'sugiarti', 'tempursari 17/6', 'p', '', '0000-00-00', '', ''),
('02', '00341', 'd', '2-341-d', 'ahmad wildan', 'Tempursari 17/6', 'l', '', '0000-00-00', '', ''),
('02', '00341', 'e', '2-341-e', 'yohana fitriyah', 'tempursarari 17/6', '', '', '0000-00-00', '', ''),
('02', '00342', 'A', '2-342-A', 'hendri', 'Tempursari 12', '', '', '0000-00-00', '', ''),
('02', '00343', 'A', '2-343-A', '', '', '', '', '0000-00-00', '', ''),
('02', '00344', 'A', '2-344-A', 'edi purwoko', 'Tempursari 23', '', '', '0000-00-00', '', ''),
('02', '00345', 'A', '2-345-A', 'sulianto', 'Tempursari 10', '', '', '0000-00-00', '', ''),
('02', '00346', 'A', '2-346-A', 'samsuri', 'Tempursari 17', '', '', '0000-00-00', '', ''),
('02', '00347', 'A', '2-347-A', 'wahyu', 'Tempursari 38', '', '', '0000-00-00', '', ''),
('02', '00348', 'A', '2-348-A', 'Hadi', 'Tempursari 18', '', '', '0000-00-00', '', ''),
('02', '00349', 'A', '2-349-A', 'suhardi', 'Tempursari 42', '', '', '0000-00-00', '', ''),
('02', '00035', 'A', '2-35-A', 'Umar Said', 'Tempursari 30', '', '', '0000-00-00', '', ''),
('02', '00350', 'A', '2-350-A', 'samsul', 'Tempursari 35', '', '', '0000-00-00', '', ''),
('02', '00351', 'A', '2-351-A', 'sandi', 'Tempursari 34', '', '', '0000-00-00', '', ''),
('02', '00352', 'A', '2-352-A', 'didik ', 'Tempursari 31', '', '', '0000-00-00', '', ''),
('02', '00353', 'A', '2-353-A', 'iwan', 'Sumbergentong', '', '', '0000-00-00', '', ''),
('02', '00354', 'A', '2-354-A', 'misiran', 'Tempursari 11', '', '', '0000-00-00', '', ''),
('02', '00355', 'A', '2-355-A', '', '', '', '', '0000-00-00', '', ''),
('02', '00356', 'A', '2-356-A', 'muhammad said', 'Tempursari 46', '', '', '0000-00-00', '', ''),
('02', '00357', 'A', '2-357-A', 'rokhimin', 'Tempursari 46', '', '', '0000-00-00', '', ''),
('02', '00358', 'A', '2-358-A', 'sukrisgianto', 'Tempursari 43', '', '', '0000-00-00', '', ''),
('02', '00359', 'A', '2-359-A', 'maksum', 'Tempursari 37', '', '', '0000-00-00', '', ''),
('02', '00359', 'b', '2-359-b', 'IKE', 'Tempursari 37', 'P', '', '0000-00-00', '', ''),
('02', '00359', 'c', '2-359-c', 'alif musafa', 'tempursari 37', 'L', '', '0000-00-00', '', ''),
('02', '00036', 'A', '2-36-A', 'Sisianto', 'Tempursari 25', '', '', '0000-00-00', '', ''),
('02', '00360', 'A', '2-360-A', 'folik', 'Tempursari 10', '', '', '0000-00-00', '', ''),
('02', '00361', 'A', '2-361-A', 'nur aidin', 'Sumbergentong', '', '', '0000-00-00', '', ''),
('02', '00362', 'A', '2-362-A', 'Asari', 'Tempursari 30', '', '', '0000-00-00', '', ''),
('02', '00363', 'A', '2-363-A', 'wakidi', 'Tempursari 43', '', '', '0000-00-00', '', ''),
('02', '00364', 'A', '2-364-A', 'anang makruf', 'Tempursari 41', '', '', '0000-00-00', '', ''),
('02', '00365', 'A', '2-365-A', 'indra agus', 'Tempursari 37', '', '', '0000-00-00', '', ''),
('02', '00366', 'A', '2-366-A', 'sahuro', 'Tempursari 23', '', '', '0000-00-00', '', ''),
('02', '00367', 'A', '2-367-A', 'suwandri', 'Tempursari 15', '', '', '0000-00-00', '', ''),
('02', '00367', 'B', '2-367-B', 'widiastuti', 'tempursari 15', 'P', '0000110418423', '0000-00-00', '', ''),
('02', '00368', 'A', '2-368-A', 'rustamaji', 'Tempursari 1', '', '', '0000-00-00', '', ''),
('02', '00369', 'A', '2-369-A', 'sukidi', 'Tempursari 15', '', '', '0000-00-00', '', ''),
('02', '00037', 'A', '2-37-A', 'Moh Zainuri', 'Tempursari 9', '', '', '0000-00-00', '', ''),
('02', '00370', 'A', '2-370-A', 'eko santoso', 'Tempursari 5', '', '', '0000-00-00', '', ''),
('02', '00371', 'A', '2-371-A', 'manidi', 'Tempursari 15', '', '', '0000-00-00', '', ''),
('02', '00372', 'A', '2-372-A', 'nur efendi', 'Tempursari 25', '', '', '0000-00-00', '', ''),
('02', '00373', 'A', '2-373-A', 'heri ', 'Tempursari 7', '', '', '0000-00-00', '', ''),
('02', '00374', 'A', '2-374-A', 'kebak', 'Tempursari 46', '', '', '0000-00-00', '', ''),
('02', '00375', 'A', '2-375-A', 'winardi', 'Tempursari 31', '', '', '0000-00-00', '', ''),
('02', '00376', 'A', '2-376-A', 'marjianto', 'Tempursari 20', '', '', '0000-00-00', '', ''),
('02', '00377', 'A', '2-377-A', 'samirin', 'Tempursari 41', '', '', '0000-00-00', '', ''),
('02', '00378', 'A', '2-378-A', 'ponidi', 'Tempursari 44', '', '', '0000-00-00', '', ''),
('02', '00379', 'A', '2-379-A', 'feri kurniawan', 'Tempursari 25', '', '', '0000-00-00', '', ''),
('02', '00038', 'A', '2-38-A', 'Alm Susanto', 'Tempursari 2', '', '', '0000-00-00', '', ''),
('02', '00380', 'A', '2-380-A', '', '', '', '', '0000-00-00', '', ''),
('02', '00381', 'A', '2-381-A', 'purwanto', 'Tempursari 42', '', '', '0000-00-00', '', ''),
('02', '00382', 'A', '2-382-A', 'mesiyem', 'Tempursari 46', '', '', '0000-00-00', '', ''),
('02', '00383', 'A', '2-383-A', 'nur alif', 'Tempursari 36', '', '', '0000-00-00', '', ''),
('02', '00384', 'A', '2-384-A', 'tukijan', 'Tempursari 24', '', '', '0000-00-00', '', ''),
('02', '00385', 'A', '2-385-A', 'katemin', 'Tempursari 23', '', '', '0000-00-00', '', ''),
('02', '00386', 'A', '2-386-A', 'imam supardi', 'Tempursari 20', '', '', '0000-00-00', '', ''),
('02', '00387', 'A', '2-387-A', 'ilyasin', 'Tempursari 24', '', '', '0000-00-00', '', ''),
('02', '00388', 'A', '2-388-A', 'mukiyat', 'Tempursari 32', '', '', '0000-00-00', '', ''),
('02', '00389', 'A', '2-389-A', 'merris dedis', 'Tempursari 29', '', '', '0000-00-00', '', ''),
('02', '00039', 'A', '2-39-A', 'Hadi Santoso', 'Tempursari 25', '', '', '0000-00-00', '', ''),
('02', '00390', 'A', '2-390-A', 'wahyudi', 'Tempursari 21', '', '', '0000-00-00', '', ''),
('02', '00391', 'A', '2-391-A', 'tatak dwi', 'Tempursari 18', '', '', '0000-00-00', '', ''),
('02', '00392', 'A', '2-392-A', 'samsul arifin', 'Tempursari 1', '', '', '0000-00-00', '', ''),
('02', '00393', 'A', '2-393-A', '', '', '', '', '0000-00-00', '', ''),
('02', '00394', 'A', '2-394-A', 'boimen', 'Tempursari 24', '', '', '0000-00-00', '', ''),
('02', '00395', 'A', '2-395-A', 'solikin', 'Tempursari 33', '', '', '0000-00-00', '', ''),
('02', '00396', 'A', '2-396-A', 'pamudi', 'Tempursari 12', '', '', '0000-00-00', '', ''),
('02', '00397', 'A', '2-397-A', 'zaenal mustofa', 'Tempursari 22', '', '', '0000-00-00', '', ''),
('02', '00398', 'A', '2-398-A', 'hendri', 'Tempursari 2', '', '', '0000-00-00', '', ''),
('02', '00399', 'A', '2-399-A', 'pairin', 'Tempursari 33', '', '', '0000-00-00', '', ''),
('02', '00004', 'A', '2-4-A', 'Sunawan', 'Tempursari 30', '', '', '0000-00-00', '', ''),
('02', '00040', 'A', '2-40-A', 'Supani ', 'Tempursari 10', '', '', '0000-00-00', '', ''),
('02', '00400', 'A', '2-400-A', 'ahmad kusaini', 'Tempursari 3', '', '', '0000-00-00', '', ''),
('02', '00401', 'A', '2-401-A', 'Saerah', 'Tempursari 18', '', '', '0000-00-00', '', ''),
('02', '00402', 'A', '2-402-A', 'parman', 'Tempursari 19', '', '', '0000-00-00', '', ''),
('02', '00403', 'A', '2-403-A', 'sutrisno', 'Tempursari 41', '', '', '0000-00-00', '', ''),
('02', '00404', 'A', '2-404-A', 'eko widianto', 'Tempursari 25', '', '', '0000-00-00', '', ''),
('02', '00405', 'A', '2-405-A', 'alm misdi', 'Tempursari 21', '', '', '0000-00-00', '', ''),
('02', '00406', 'A', '2-406-A', 'dedi hermawan', 'Tempursari 4', '', '', '0000-00-00', '', ''),
('02', '00407', 'A', '2-407-A', 'edi purnomo', 'Tempursari 33', '', '', '0000-00-00', '', ''),
('02', '00408', 'A', '2-408-A', 'suweni', 'Tempursari 20', '', '', '0000-00-00', '', ''),
('02', '00409', 'A', '2-409-A', 'kaseman', 'Tempursari 40', '', '', '0000-00-00', '', ''),
('02', '00041', 'A', '2-41-A', 'Samirin', 'Tempursari 41', '', '', '0000-00-00', '', ''),
('02', '00410', 'A', '2-410-A', 'wakimin', 'Tempursari 2', '', '', '0000-00-00', '', ''),
('02', '00411', 'A', '2-411-A', 'edi susanto', 'Tempursari 9', '', '', '0000-00-00', '', ''),
('02', '00412', 'A', '2-412-A', 'damin', 'Tempursari 30', '', '', '0000-00-00', '', ''),
('02', '00413', 'A', '2-413-A', 'pairi', 'Tempursari 25', '', '', '0000-00-00', '', ''),
('02', '00414', 'A', '2-414-A', 'Ahmad Zainudi', 'Tempursari 21', '', '', '0000-00-00', '', ''),
('02', '00415', 'A', '2-415-A', 'Tukiyah', 'Tempursari 1', '', '', '0000-00-00', '', ''),
('02', '00416', 'A', '2-416-A', 'Enik Lestari', 'Tempursari 14', '', '', '0000-00-00', '', ''),
('02', '00417', 'A', '2-417-A', 'Suyatno', 'Tempursari 4', '', '', '0000-00-00', '', ''),
('02', '00417', 'B', '2-417-B', 'sri sulastri', 'tempursari 4', 'P', '', '0000-00-00', '', ''),
('02', '00418', 'A', '2-418-A', 'Tumini', 'Tempursari 41', '', '', '0000-00-00', '', ''),
('02', '00419', 'A', '2-419-A', 'sunardi A', 'tempursari 24/5', '', '', '0000-00-00', '', ''),
('02', '00042', 'A', '2-42-A', 'Joko ', 'Tempursari 34', '', '', '0000-00-00', '', ''),
('02', '00420', 'A', '2-420-A', 'Anik Yuliati', 'Tempursari 24', '', '', '0000-00-00', '', ''),
('02', '00421', 'A', '2-421-A', 'Sukri Dwitanto', 'Tempursari 10', '', '', '0000-00-00', '', ''),
('02', '00422', 'A', '2-422-A', 'Efendi', 'Tempursari 3', 'L', '', '0000-00-00', '', ''),
('02', '00422', 'B', '2-422-B', 'devi', 'tempursari 3', 'P', '', '0000-00-00', '', ''),
('02', '00423', 'A', '2-423-A', 'Yuli', 'Tempursari 7', '', '', '0000-00-00', '', ''),
('02', '00424', 'A', '2-424-A', 'Ginanjar', 'Tempursari 3', '', '', '0000-00-00', '', ''),
('02', '00425', 'A', '2-425-A', 'Sungeb', 'Tempursari 30', '', '', '0000-00-00', '', ''),
('02', '00426', 'A', '2-426-A', 'Gatot ', 'Tempursari 35', '', '', '0000-00-00', '', ''),
('02', '00427', 'A', '2-427-A', 'Riono', 'Tempursari 25', '', '', '0000-00-00', '', ''),
('02', '00428', 'A', '2-428-A', 'Dayat', 'Tempursari 25', '', '', '0000-00-00', '', ''),
('02', '00429', 'A', '2-429-A', 'Juma\'in', 'Tempursari 19', '', '', '0000-00-00', '', ''),
('02', '00043', 'A', '2-43-A', 'Nanik', 'Tempursari 24', '', '', '0000-00-00', '', ''),
('02', '00430', 'A', '2-430-A', 'Edi Gunoko', 'Tempursari 26', '', '', '0000-00-00', '', ''),
('02', '00431', 'A', '2-431-A', 'Santoso', 'Tempursari 24', '', '', '0000-00-00', '', ''),
('02', '00432', 'A', '2-432-A', 'Palil', 'Tempursari 1', '', '', '0000-00-00', '', ''),
('02', '00432', 'B', '2-432-B', 'adha', 'tempursari 1', 'P', '0002696950552', '0000-00-00', '', ''),
('02', '00433', 'A', '2-433-A', 'Suprianto', 'Tempursari 27', '', '', '0000-00-00', '', ''),
('02', '00434', 'A', '2-434-A', 'Edi Susnito', 'Tempursari 13', '', '', '0000-00-00', '', ''),
('02', '00435', 'A', '2-435-A', 'Mutmainah', 'Tempursari 22', '', '', '0000-00-00', '', ''),
('02', '00436', 'A', '2-436-A', 'Sukemi', 'Tempursari 38', '', '', '0000-00-00', '', ''),
('02', '00437', 'A', '2-437-A', 'Supardi', 'Tempursari 30', '', '', '0000-00-00', '', ''),
('02', '00438', 'A', '2-438-A', 'Paijan', 'sumbergentong 46', '', '', '0000-00-00', '', ''),
('02', '00439', 'A', '2-439-A', 'Lilik', 'Sumbergentong 39', '', '', '0000-00-00', '', ''),
('02', '00044', 'A', '2-44-A', 'Samsuri', 'Tempursari 18', '', '', '0000-00-00', '', ''),
('02', '00440', 'A', '2-440-A', 'Paino', 'sumbergentong 46', '', '', '0000-00-00', '', ''),
('02', '00441', 'A', '2-441-A', 'Sugiarto', 'Tempursari 10', '', '', '0000-00-00', '', ''),
('02', '00442', 'A', '2-442-A', '', '', '', '', '0000-00-00', '', ''),
('02', '00443', 'A', '2-443-A', 'Mahmudi', 'Tempursari 18', '', '', '0000-00-00', '', ''),
('02', '00444', 'A', '2-444-A', 'Sulianto', 'Tempursari 2', '', '', '0000-00-00', '', ''),
('02', '00445', 'A', '2-445-A', 'Sulianto', 'Tempursari 10', '', '', '0000-00-00', '', ''),
('02', '00446', 'A', '2-446-A', 'Saini ', 'Tempursari 16', '', '', '0000-00-00', '', ''),
('02', '00447', 'A', '2-447-A', 'Tukiren', 'Tempursari 24', '', '', '0000-00-00', '', ''),
('02', '00448', 'A', '2-448-A', 'Indra', 'Tempursari 16', '', '', '0000-00-00', '', ''),
('02', '00449', 'A', '2-449-A', 'sutoyo', 'Tempursari 45', '', '', '0000-00-00', '', ''),
('02', '00045', 'A', '2-45-A', 'Bambang', 'Tempursari 29', '', '', '0000-00-00', '', ''),
('02', '00450', 'A', '2-450-A', 'katon ragil', 'Tempursari 30', '', '', '0000-00-00', '', ''),
('02', '00450', 'B', '2-450-B', 'iveko', 'tempursari 30', 'L', '0002883660704', '0000-00-00', '', ''),
('02', '00451', 'A', '2-451-A', 'Samsuri', 'Tempursari 18', '', '', '0000-00-00', '', ''),
('02', '00452', 'A', '2-452-A', 'Imam Solikin', 'Tempursari 33', '', '', '0000-00-00', '', ''),
('02', '00453', 'A', '2-453-A', 'Hardianto', 'Tempursari 23', '', '', '0000-00-00', '', ''),
('02', '00454', 'A', '2-454-A', 'AWAN', 'Tempursari 21/5', 'L', '', '0000-00-00', '', ''),
('02', '00454', 'b', '2-454-b', 'Khanza Gladis', 'tempursari 21/5', 'p', '', '0000-00-00', '', ''),
('02', '00454', 'c', '2-454-c', 'luvi', 'tempursari 21/5', 'P', '', '0000-00-00', '', ''),
('02', '00455', 'A', '2-455-A', 'Alfan', 'Sumbergentong 36/10', '', '', '0000-00-00', '', ''),
('02', '00456', 'A', '2-456-A', 'Sulis', 'Sumbergentong 37/10', '', '', '0000-00-00', '', ''),
('02', '00457', 'A', '2-457-A', 'Suryono', 'Tempursari 39/10', '', '', '0000-00-00', '', ''),
('02', '00458', 'A', '2-458-A', 'Fendi', 'Tempursari 2/1', '', '', '0000-00-00', '', ''),
('02', '00459', 'A', '2-459-A', 'Supoyo', 'Tempursari 16/6', 'L', '', '0000-00-00', '', ''),
('02', '00459', 'b', '2-459-b', 'winarsi', 'tps 16/6', 'P', '', '0000-00-00', '', ''),
('02', '00459', 'c', '2-459-c', 'toni', 'tps 16/6', 'L', '', '0000-00-00', '', ''),
('02', '00459', 'd', '2-459-d', 'dhika', 'tps 16/6', 'P', '', '0000-00-00', '', ''),
('02', '00459', 'e', '2-459-e', 'rania', 'tps 16/6', 'P', '', '0000-00-00', '', ''),
('02', '00459', 'F', '2-459-f', 'zania', 'tps 16/6', 'P', '', '0000-00-00', '', ''),
('02', '00046', 'A', '2-46-A', 'Manidi', 'Tempursari 15', '', '', '0000-00-00', '', ''),
('02', '00460', 'A', '2-460-A', 'Arif ', 'Sumbergentong 35', '', '', '0000-00-00', '', ''),
('02', '00461', 'A', '2-461-A', 'Mochtar', 'Tempursari 18/5', '', '', '0000-00-00', '', ''),
('02', '00462', 'A', '2-462-A', 'Ikhlas', 'Tempursari 24', '', '', '0000-00-00', '', ''),
('02', '00463', 'A', '2-463-A', 'Ismail', 'Tempursari 18/5', '', '', '0000-00-00', '', ''),
('02', '00464', 'A', '2-464-A', 'Rahayu', 'Tempursari 25', '', '', '0000-00-00', '', ''),
('02', '00465', 'A', '2-465-A', 'Santo ', 'Tempursari 38', '', '', '0000-00-00', '', ''),
('02', '00466', 'A', '2-466-A', 'Sali', 'Tempursari 42', '', '', '0000-00-00', '', ''),
('02', '00467', 'A', '2-467-A', 'sodik', 'Tempursari 24/5', '', '', '0000-00-00', '', ''),
('02', '00468', 'A', '2-468-A', 'Agus Hendianto', 'Tempursari 31/8', '', '', '0000-00-00', '', ''),
('02', '00469', 'A', '2-469-A', 'Misiyan', 'Tempursari 2/1', '', '', '0000-00-00', '', ''),
('02', '00047', 'A', '2-47-A', 'Sofi', 'Tempursari 25', '', '', '0000-00-00', '', ''),
('02', '00047', 'B', '2-47-B', 'sumirah', 'Tempursari 25', 'P', '', '0000-00-00', '', ''),
('02', '00470', 'A', '2-470-A', 'Marwan', 'Tempursari 14/4', '', '', '0000-00-00', '', ''),
('02', '00471', 'A', '2-471-A', 'Yanto', 'Tempursari 4/2', '', '', '0000-00-00', '', ''),
('02', '00472', 'A', '2-472-A', 'Gunawan', 'Tempursaru 25/4', 'L', '', '0000-00-00', '', ''),
('02', '00472', 'b', '2-472-b', 'tari', 'Tempursaru 25/4', 'P', '', '0000-00-00', '', ''),
('02', '00472', 'c', '2-472-c', 'vano', 'Tempursaru 25/4', 'L', '', '0000-00-00', '', ''),
('02', '00473', 'A', '2-473-A', 'Ade Yoghi Irawan', 'Tempursari 16/6', '', '', '0000-00-00', '', ''),
('02', '00474', 'A', '2-474-A', 'Giat', 'Tempursari 17', '', '', '0000-00-00', '', ''),
('02', '00475', 'A', '2-475-A', '', '', '', '', '0000-00-00', '', ''),
('02', '00476', 'A', '2-476-A', 'Sugito', 'Tempursari 12', '', '', '0000-00-00', '', ''),
('02', '00477', 'A', '2-477-A', 'Budianto', 'Tempursari 38', '', '', '0000-00-00', '', ''),
('02', '00478', 'A', '2-478-A', 'Tukini', 'Tempursari 14', '', '', '0000-00-00', '', ''),
('02', '00479', 'A', '2-479-A', 'Nursianto', 'Tempursari 33', '', '', '0000-00-00', '', ''),
('02', '00048', 'A', '2-48-A', 'Suroto', 'Tempursari 45', '', '', '0000-00-00', '', ''),
('02', '00480', 'A', '2-480-A', 'Kasia', 'Tempursari 11', '', '', '0000-00-00', '', ''),
('02', '00481', 'A', '2-481-A', 'Ngadimin', 'Tempursari 9/2', '', '', '0000-00-00', '', ''),
('02', '00482', 'A', '2-482-A', 'Gono', 'Tempursari 18', '', '', '0000-00-00', '', ''),
('02', '00483', 'A', '2-483-A', 'Fatin', 'Tempursari 9/2', '', '', '0000-00-00', '', ''),
('02', '00484', 'A', '2-484-A', 'Ikhwanto', 'Tempursari 15/5', '', '', '0000-00-00', '', ''),
('02', '00485', 'A', '2-485-A', 'Sarimin', 'Tempursari 45', 'L', '', '0000-00-00', '', ''),
('02', '00486', 'A', '2-486-A', 'Supriono', 'Tempursari 26', 'l', '', '0000-00-00', '', ''),
('02', '00487', 'A', '2-487-A', 'Misdri', 'Tempursari 45', '', '', '0000-00-00', '', ''),
('02', '00488', 'A', '2-488-A', 'Bejo', 'Tempursari 44', '', '', '0000-00-00', '', ''),
('02', '00489', 'A', '2-489-A', 'hudi ', 'Tempursari 5', '', '', '0000-00-00', '', ''),
('02', '00049', 'A', '2-49-A', 'Supadi', 'Tempursari 10', '', '', '0000-00-00', '', ''),
('02', '00490', 'A', '2-490-A', 'Gimin', 'Sumbergentong 41', '', '', '0000-00-00', '', ''),
('02', '00491', 'A', '2-491-A', 'Angih', 'Sumbergentong 36 ', '', '', '0000-00-00', '', ''),
('02', '00492', 'A', '2-492-A', '', '', '', '', '0000-00-00', '', ''),
('02', '00493', 'A', '2-493-A', 'didik ', 'Tempursari 11', '', '', '0000-00-00', '', ''),
('02', '00494', 'A', '2-494-A', 'Parman', 'Tempursari 27', '', '', '0000-00-00', '', ''),
('02', '00495', 'A', '2-495-A', 'Pamuji', 'Tempursari 19', '', '', '0000-00-00', '', ''),
('02', '00496', 'A', '2-496-A', 'Sukamto', 'Sumbergentong 34/9', '', '', '0000-00-00', '', ''),
('02', '00497', 'A', '2-497-A', 'Mujianto', 'Tempursari 9', '', '', '0000-00-00', '', ''),
('02', '00498', 'A', '2-498-A', 'Teguh', 'Tempursari 6', '', '', '0000-00-00', '', ''),
('02', '00499', 'A', '2-499-A', 'Samidi', 'Tempursari 42', '', '', '0000-00-00', '', ''),
('02', '00005', 'A', '2-5-A', 'Misidi', 'Tempursari ', '', '', '0000-00-00', '', ''),
('02', '00050', 'A', '2-50-A', 'Wa\'ong', 'Tempursari 25', '', '', '0000-00-00', '', ''),
('02', '00500', 'A', '2-500-A', 'Ahmad Sukron', 'Tempursari 36', '', '', '0000-00-00', '', ''),
('02', '00501', 'A', '2-501-A', 'Saiful Anwar', 'Tempursari 21', '', '', '0000-00-00', '', ''),
('02', '00502', 'A', '2-502-A', 'Saiful  ', 'Tempursari 18', '', '', '0000-00-00', '', ''),
('02', '00503', 'A', '2-503-A', 'Mesini', 'Tempursari 33', '', '', '0000-00-00', '', ''),
('02', '00504', 'A', '2-504-A', 'Naka', 'Tempursari 1', '', '', '0000-00-00', '', ''),
('02', '00505', 'A', '2-505-A', 'Endik Januari', 'Tempursari 39', '', '', '0000-00-00', '', ''),
('02', '00506', 'A', '2-506-A', 'Junaedi', 'Tempursari 17', '', '', '0000-00-00', '', ''),
('02', '00507', 'A', '2-507-A', '', 'Tempursari 30', '', '', '0000-00-00', '', ''),
('02', '00508', 'A', '2-508-A', 'Imam mashuda', 'Tempursari 27', '', '', '0000-00-00', '', ''),
('02', '00509', 'A', '2-509-A', 'misiyanto', 'Tempursari 24', '', '', '0000-00-00', '', ''),
('02', '00051', 'A', '2-51-A', '', '', '', '', '0000-00-00', '', ''),
('02', '00510', 'A', '2-510-A', 'Devi', 'Tempursari 15/5', '', '', '0000-00-00', '', ''),
('02', '00511', 'A', '2-511-A', 'siswoto kakung', 'Tempursari 16', '', '', '0000-00-00', '', ''),
('02', '00512', 'A', '2-512-A', 'Jemitun', 'Tempursari 11/3', '', '', '0000-00-00', '', ''),
('02', '00513', 'A', '2-513-A', 'misinah', 'Tempursari 12', '', '', '0000-00-00', '', ''),
('02', '00514', 'A', '2-514-A', 'ngatemi', 'Tempursari 30/8', '', '', '0000-00-00', '', ''),
('02', '00515', 'A', '2-515-A', 'wagirin', 'Tempursari 12/3', '', '', '0000-00-00', '', ''),
('02', '00516', 'A', '2-516-A', 'sukri', 'Tempursari 27/7', '', '', '0000-00-00', '', ''),
('02', '00517', 'A', '2-517-A', 'Trisdian', 'Tempursari 37', '', '', '0000-00-00', '', ''),
('02', '00518', 'A', '2-518-A', 'Sarifudin', 'Tempursari 30', '', '', '0000-00-00', '', ''),
('02', '00519', 'A', '2-519-A', 'Yudi', 'Tempursari 2', '', '', '0000-00-00', '', ''),
('02', '00052', 'A', '2-52-A', 'Supri', 'Tempursari 46', '', '', '0000-00-00', '', ''),
('02', '00520', 'A', '2-520-A', 'Mahmud zubaidi', 'Tempursari 38/10', '', '', '0000-00-00', '', ''),
('02', '00521', 'A', '2-521-A', 'ahmad zainuri', 'Tempursari 31', '', '', '0000-00-00', '', ''),
('02', '00522', 'A', '2-522-A', 'Sarianto', 'Tempursari 27/7', '', '', '0000-00-00', '', ''),
('02', '00523', 'A', '2-523-A', 'ikhwan fadoli', 'Tempursari 24', '', '', '0000-00-00', '', ''),
('02', '00524', 'A', '2-524-A', 'Sudarminto', 'tempursari 38', '', '', '0000-00-00', '', ''),
('02', '00525', 'A', '2-525-A', 'lulus puji', 'Tempursari 22', '', '', '0000-00-00', '', ''),
('02', '00526', 'A', '2-526-A', 'sominem', 'Tempursari 25', '', '', '0000-00-00', '', ''),
('02', '00527', 'A', '2-527-A', 'Romi', 'Tempursari 3/1', '', '', '0000-00-00', '', ''),
('02', '00528', 'A', '2-528-A', 'Rudi', 'Tempursari 42/11', 'L', '', '0000-00-00', '', ''),
('02', '00528', 'B', '2-528-B', 'Khadeeja', 'Tempursari 42/11', 'P', '', '0000-00-00', '', ''),
('02', '00529', 'A', '2-529-A', 'kacuk', 'Tempursari 45', '', '', '0000-00-00', '', ''),
('02', '00053', 'A', '2-53-A', 'Sutrisno', 'Tempursari 22', '', '', '0000-00-00', '', ''),
('02', '00530', 'A', '2-530-A', 'Irawan', 'Tempursari 19/4', '', '', '0000-00-00', '', ''),
('02', '00531', 'A', '2-531-A', 'Ponimin', 'Tempursari 30/8', '', '', '0000-00-00', '', ''),
('02', '00532', 'A', '2-532-A', 'Tukirin', 'Tempursari 20/20', '', '', '0000-00-00', '', ''),
('02', '00533', 'A', '2-533-A', 'Yuli', 'Tempursari 20', '', '', '0000-00-00', '', ''),
('02', '00534', 'A', '2-534-A', 'Sarni', 'Tempursari 30', '', '', '0000-00-00', '', ''),
('02', '00535', 'A', '2-535-A', 'Supo ', 'Tempursari 26', '', '', '0000-00-00', '', ''),
('02', '00536', 'A', '2-536-A', 'kristian', 'Tempursari 4', '', '', '0000-00-00', '', ''),
('02', '00537', 'A', '2-537-A', 'Bolo', 'Tempursari 41/2', '', '', '0000-00-00', '', ''),
('02', '00538', 'A', '2-538-A', 'mariyah', 'Tempursari 30/8', '', '', '0000-00-00', '', ''),
('02', '00539', 'A', '2-539-A', 'Ruli', 'Tempursari 4', '', '', '0000-00-00', '', ''),
('02', '00054', 'A', '2-54-A', 'Kamid', 'Tempursari 30', '', '', '0000-00-00', '', ''),
('02', '00540', 'A', '2-540-A', 'siono', 'Tempursari 35', '', '', '0000-00-00', '', ''),
('02', '00541', 'A', '2-541-A', 'Tentrem', 'Tempursari 19', '', '', '0000-00-00', '', ''),
('02', '00542', 'A', '2-542-A', 'Misbah Hudin', 'Tempursari 24', '', '', '0000-00-00', '', ''),
('02', '00543', 'A', '2-543-A', 'Dikin', 'Tempursari', '', '', '0000-00-00', '', ''),
('02', '00544', 'A', '2-544-A', 'Gigik', 'Tempursari 1', '', '', '0000-00-00', '', ''),
('02', '00544', 'B', '2-544-B', 'milan', 'tempursari 1', 'P', '0002067382923', '0000-00-00', '', ''),
('02', '00544', 'C', '2-544-C', 'M ARJUN', 'tempursari 1', 'L', '0002067383182', '0000-00-00', '', ''),
('02', '00545', 'A', '2-545-A', '', '', '', '', '0000-00-00', '', ''),
('02', '00546', 'A', '2-546-A', 'Mulyono', 'Tempursari 16', '', '', '0000-00-00', '', ''),
('02', '00547', 'A', '2-547-A', 'Karjono', 'Tempursari 36', '', '', '0000-00-00', '', ''),
('02', '00548', 'A', '2-548-A', 'Miswandi', 'Tempursari 30', '', '', '0000-00-00', '', ''),
('02', '00549', 'A', '2-549-A', 'Timan', 'Tempursari 21', '', '', '0000-00-00', '', ''),
('02', '00055', 'A', '2-55-A', '', '', '', '', '0000-00-00', '', ''),
('02', '00550', 'A', '2-550-A', 'Bandi', 'Tempursari 20', '', '', '0000-00-00', '', ''),
('02', '00551', 'A', '2-551-A', 'Kumaidiasto', 'Tempursari 39', '', '', '0000-00-00', '', ''),
('02', '00552', 'A', '2-552-A', 'Zainudin', 'Tempursari 36', '', '', '0000-00-00', '', ''),
('02', '00553', 'A', '2-553-A', 'Prawoto', 'Tempursari 44/12', '', '', '0000-00-00', '', ''),
('02', '00554', 'A', '2-554-A', 'Suyadi', 'Tempursari 27', '', '', '0000-00-00', '', ''),
('02', '00555', 'A', '2-555-A', 'Budiono', 'Tempursari 1/1', '', '', '0000-00-00', '', ''),
('02', '00556', 'A', '2-556-A', 'solikin', 'Tempursari 25', '', '', '0000-00-00', '', ''),
('02', '00557', 'A', '2-557-A', 'Marji', 'Tempursari 27/7', '', '', '0000-00-00', '', ''),
('02', '00558', 'A', '2-558-A', 'Supri', 'Tempursari 12', '', '', '0000-00-00', '', ''),
('02', '00559', 'A', '2-559-A', 'Mistad', 'Tempursari 41/11', '', '', '0000-00-00', '', ''),
('02', '00056', 'A', '2-56-A', 'Giri', 'Tempursari 7', '', '', '0000-00-00', '', ''),
('02', '00560', 'A', '2-560-A', 'Wahib', 'Tempursari 26', '', '', '0000-00-00', '', ''),
('02', '00561', 'A', '2-561-A', 'Heri', 'Tempursari 26', '', '', '0000-00-00', '', ''),
('02', '00562', 'A', '2-562-A', 'Miftahul M', 'Tempursari 15', '', '', '0000-00-00', '', ''),
('02', '00563', 'A', '2-563-A', 'Sulistiono', 'Tempursari 30', '', '', '0000-00-00', '', ''),
('02', '00564', 'A', '2-564-A', '', '', '', '', '0000-00-00', '', ''),
('02', '00565', 'A', '2-565-A', 'Katimin', 'Tempursari 12', '', '', '0000-00-00', '', ''),
('02', '00566', 'A', '2-566-A', 'Sugianto', 'Tempursari 16/6', '', '', '0000-00-00', '', ''),
('02', '00567', 'A', '2-567-A', 'partini', 'Tempursari 1/1', '', '', '0000-00-00', '', ''),
('02', '00568', 'A', '2-568-A', 'Seno', 'Tempursari 43', '', '', '0000-00-00', '', ''),
('02', '00569', 'A', '2-569-A', 'Sutrisno', 'Tempursari 22', '', '', '0000-00-00', '', ''),
('02', '00057', 'A', '2-57-A', 'Rivan Efendi', 'Tempursari 16', '', '', '0000-00-00', '', ''),
('02', '00057', 'B', '2-57-B', 'Afrina', 'Tempursari 16', 'P', '', '0000-00-00', '', ''),
('02', '00057', 'C', '2-57-C', 'Deren', 'Tempursari 16', 'L', '', '0000-00-00', '', ''),
('02', '00057', 'D', '2-57-D', 'izzy', 'tempursari 16', 'L', '', '0000-00-00', '', ''),
('02', '00057', 'E', '2-57-E', 'ahmad theo', 'tempursari 16/6', 'L', '', '0000-00-00', '', ''),
('02', '00570', 'A', '2-570-A', 'Suwarni', 'Tempursari 20', '', '', '0000-00-00', '', ''),
('02', '00571', 'A', '2-571-A', 'Katiman', 'Tempursari 45/12', '', '', '0000-00-00', '', ''),
('02', '00572', 'A', '2-572-A', 'Eko Wahyudi', 'Tempursari 44', '', '', '0000-00-00', '', ''),
('02', '00573', 'A', '2-573-A', 'Marji', 'Tempursari 26/7', '', '', '0000-00-00', '', ''),
('02', '00573', 'B', '2-573-B', 'watinah', 'tempursari 26/7', 'P', '', '0000-00-00', '', ''),
('02', '00574', 'A', '2-574-A', 'Amali', 'Tempursari 14', '', '', '0000-00-00', '', ''),
('02', '00575', 'A', '2-575-A', 'Jemari', 'Sumbergentong 46', '', '', '0000-00-00', '', ''),
('02', '00576', 'A', '2-576-A', 'gimah', 'Tempursari 17', '', '', '0000-00-00', '', ''),
('02', '00577', 'A', '2-577-A', 'Rianto', 'Tempursari 30', '', '', '0000-00-00', '', ''),
('02', '00578', 'A', '2-578-A', 'Sholikin', 'Tempursari 18', '', '', '0000-00-00', '', '');
INSERT INTO `tbl_rm` (`kode_daerah`, `no_rm`, `kode_anggota`, `kode_rm`, `nama_pasien`, `alamat`, `jenis_kelamin`, `no_identitas`, `tanggal_lahir`, `alamat_ktp`, `no_telepon`) VALUES
('02', '00579', 'A', '2-579-A', 'Boiran', 'Tempursari 6/2', '', '', '0000-00-00', '', ''),
('02', '00058', 'A', '2-58-A', 'Cahyo Pranoto', 'Tempursari 30', '', '', '0000-00-00', '', ''),
('02', '00580', 'A', '2-580-A', 'Irwanto', 'Tempursari 37/10', '', '', '0000-00-00', '', ''),
('02', '00581', 'A', '2-581-A', 'Kadiyat', 'Tempursari 15/5', '', '', '0000-00-00', '', ''),
('02', '00582', 'A', '2-582-A', 'Bejo', 'Tempursari 45', '', '', '0000-00-00', '', ''),
('02', '00583', 'A', '2-583-A', 'Nunik', 'Tempursari 6/6', '', '', '0000-00-00', '', ''),
('02', '00584', 'A', '2-584-A', 'Miserin', 'Sumbergentong 33/9', '', '', '0000-00-00', '', ''),
('02', '00585', 'A', '2-585-A', 'Cahyono', 'Tempursari 26/5', '', '', '0000-00-00', '', ''),
('02', '00586', 'A', '2-586-A', 'Waginem', 'Tempursari 54', '', '', '0000-00-00', '', ''),
('02', '00587', 'A', '2-587-A', 'Suyitno', 'Tempursari 30', '', '', '0000-00-00', '', ''),
('02', '00588', 'A', '2-588-A', 'Sutik', 'Tempursari 30', '', '', '0000-00-00', '', ''),
('02', '00589', 'A', '2-589-A', 'Miftakhul munir', 'Tempursari 15/5', '', '', '0000-00-00', '', ''),
('02', '00059', 'A', '2-59-A', 'Katiem', 'Tempursari 12', '', '', '0000-00-00', '', ''),
('02', '00590', 'A', '2-590-A', 'Sayati', 'Tempursari 30/8', '', '', '0000-00-00', '', ''),
('02', '00591', 'A', '2-591-A', 'Sumarno', 'Tempursari 39/10', '', '', '0000-00-00', '', ''),
('02', '00592', 'A', '2-592-A', 'Imron Hamzah', 'Tempursari 38/10', '', '', '0000-00-00', '', ''),
('02', '00593', 'A', '2-593-A', 'Kakek', 'Tempursari 2/1', '', '', '0000-00-00', '', ''),
('02', '00594', 'A', '2-594-A', 'Pujiono', 'Tempursari 45/15', '', '', '0000-00-00', '', ''),
('02', '00595', 'A', '2-595-A', 'Fendi Nuryanto', 'Tempursari 30/8', '', '', '0000-00-00', '', ''),
('02', '00596', 'A', '2-596-A', 'Panggono', 'Tempursari 18', '', '', '0000-00-00', '', ''),
('02', '00597', 'A', '2-597-A', 'Roni widodo', 'Tempursari 29', '', '', '0000-00-00', '', ''),
('02', '00598', 'A', '2-598-A', 'Sunarmi', 'Tempursari 26/4', '', '', '0000-00-00', '', ''),
('02', '00599', 'A', '2-599-A', 'Jemiyem', 'Tempursari 17', '', '', '0000-00-00', '', ''),
('02', '00006', 'A', '2-6-A', 'Sukaton', 'Tempursari 4/1', 'L', '', '1970-03-01', '', ''),
('02', '00060', 'A', '2-60-A', 'Miskun', 'Tempursari 27', '', '', '0000-00-00', '', ''),
('02', '00600', 'A', '2-600-A', 'Arif ', 'Tempursari 27', '', '', '0000-00-00', '', ''),
('02', '00601', 'A', '2-601-A', 'Nurhadi', 'Tempursari 39', '', '', '0000-00-00', '', ''),
('02', '00602', 'A', '2-602-A', 'Ari Mustofa', 'Tempursari 40/11', '', '', '0000-00-00', '', ''),
('02', '00603', 'A', '2-603-A', '', '', '', '', '0000-00-00', '', ''),
('02', '00604', 'A', '2-604-A', 'Udin', 'Sumbergentong 38/10', '', '', '0000-00-00', '', ''),
('02', '00605', 'A', '2-605-A', 'Arif', 'pindah tambakrejo 6/5', '', '', '0000-00-00', '', ''),
('02', '00606', 'A', '2-606-A', '', '', '', '', '0000-00-00', '', ''),
('02', '00607', 'A', '2-607-A', 'Paijan', 'Tempursari 40/11', '', '', '0000-00-00', '', ''),
('02', '00608', 'A', '2-608-A', 'Sotho', 'Tempursari 16', '', '', '0000-00-00', '', ''),
('02', '00609', 'A', '2-609-A', 'Ruswanto', 'Tempursari 45', '', '', '0000-00-00', '', ''),
('02', '00061', 'A', '2-61-A', 'Marianto', 'Tempursari 45', '', '', '0000-00-00', '', ''),
('02', '00610', 'A', '2-610-A', 'Sujud', 'Tempursari 14/4', '', '', '0000-00-00', '', ''),
('02', '00611', 'A', '2-611-A', 'Sunarko', 'Tempursari 6/1', '', '', '0000-00-00', '', ''),
('02', '00612', 'A', '2-612-A', 'Suwanto', 'Tempursari 1/1', '', '', '0000-00-00', '', ''),
('02', '00613', 'A', '2-613-A', 'Gunardi', 'Tempursari 12/3', '', '', '0000-00-00', '', ''),
('02', '00614', 'A', '2-614-A', 'Didit', 'Tempursari 16/6', '', '', '0000-00-00', '', ''),
('02', '00615', 'A', '2-615-A', 'Muntik', 'Tempursari 39', '', '', '0000-00-00', '', ''),
('02', '00616', 'A', '2-616-A', 'Riadi', 'Tempursari 45', '', '', '0000-00-00', '', ''),
('02', '00617', 'A', '2-617-A', 'Meseri', 'Tempursari 36/10', '', '', '0000-00-00', '', ''),
('02', '00618', 'A', '2-618-A', 'Shalicul Hadi', 'Tempursari 24/5', '', '', '0000-00-00', '', ''),
('02', '00619', 'A', '2-619-A', '', '', '', '', '0000-00-00', '', ''),
('02', '00062', 'A', '2-62-A', 'Samsi', 'Tempursari 17', '', '', '0000-00-00', '', ''),
('02', '00620', 'A', '2-620-A', 'Jasmani', 'Tempursari 37/10', '', '', '0000-00-00', '', ''),
('02', '00621', 'A', '2-621-A', 'Miskan', 'Tempursari 11/3', '', '', '0000-00-00', '', ''),
('02', '00622', 'A', '2-622-A', 'Sururi', 'Tempursari 18', '', '', '0000-00-00', '', ''),
('02', '00623', 'A', '2-623-A', 'Wardiono', 'Tempursari 45', '', '', '0000-00-00', '', ''),
('02', '00624', 'A', '2-624-A', 'Mesirah', 'Tempursari 32/9', '', '', '0000-00-00', '', ''),
('02', '00625', 'A', '2-625-A', 'Candra', 'Tempursari 30', '', '', '0000-00-00', '', ''),
('02', '00626', 'A', '2-626-A', 'Yatinem', 'Tempursari 35', '', '', '0000-00-00', '', ''),
('02', '00627', 'A', '2-627-A', 'Samsul Anom', 'Tempursari 39', '', '', '0000-00-00', '', ''),
('02', '00628', 'A', '2-628-A', 'Agus Santoso', 'Tempursari 9', '', '', '0000-00-00', '', ''),
('02', '00629', 'A', '2-629-A', 'Diki ', 'Tempursari 15', '', '', '0000-00-00', '', ''),
('02', '00063', 'A', '2-63-A', 'Barlin', 'Tempursari 14', '', '', '0000-00-00', '', ''),
('02', '00630', 'A', '2-630-A', 'Paimin', 'Tempursari36', 'L', '', '0000-00-00', '', ''),
('02', '00631', 'A', '2-631-A', '', 'Tempursari 3', '', '', '0000-00-00', '', ''),
('02', '00632', 'A', '2-632-A', 'Haryanto', 'Tempursari 35/9', '', '', '0000-00-00', '', ''),
('02', '00633', 'A', '2-633-A', 'Tuginem', 'Tempursari 16/6', '', '', '0000-00-00', '', ''),
('02', '00634', 'A', '2-634-A', 'Kamdi', 'Tempursari 38/10', '', '', '0000-00-00', '', ''),
('02', '00635', 'A', '2-635-A', 'Suparno ', 'Tempursari 37', '', '', '0000-00-00', '', ''),
('02', '00636', 'A', '2-636-A', 'Rudi', 'Tempursari 18/5', '', '', '0000-00-00', '', ''),
('02', '00637', 'A', '2-637-A', 'Wasis', 'Tempursari 37/10', '', '', '0000-00-00', '', ''),
('02', '00638', 'A', '2-638-A', 'Rofiah', 'Tempursari 29', '', '', '0000-00-00', '', ''),
('02', '00639', 'A', '2-639-A', 'Sukilan', 'Tempursari 27', '', '', '0000-00-00', '', ''),
('02', '00064', 'A', '2-64-A', 'Jemitun', 'Sumbergentong 33', '', '', '0000-00-00', '', ''),
('02', '00640', 'A', '2-640-A', 'Agus Tiono', 'Tempursari 9/2', '', '', '0000-00-00', '', ''),
('02', '00641', 'A', '2-641-A', 'Lamin', 'Tempursari 11', '', '', '0000-00-00', '', ''),
('02', '00642', 'A', '2-642-A', 'Maerah', 'Tempursari 11/3', '', '', '0000-00-00', '', ''),
('02', '00643', 'A', '2-643-A', 'Kaseni', 'Tempursari 33', '', '', '0000-00-00', '', ''),
('02', '00644', 'A', '2-644-A', 'Ikhwanto Efendi', 'Tempursari 15', '', '', '0000-00-00', '', ''),
('02', '00645', 'A', '2-645-A', 'Nanang Al Mustofa', 'Tempursari 3', '', '', '0000-00-00', '', ''),
('02', '00646', 'A', '2-646-A', 'Misdi', 'Tempursari 11', '', '', '0000-00-00', '', ''),
('02', '00647', 'A', '2-647-A', '', '', '', '', '0000-00-00', '', ''),
('02', '00648', 'A', '2-648-A', 'Gimin', 'Tempursari 41', '', '', '0000-00-00', '', ''),
('02', '00649', 'A', '2-649-A', 'Edi Purwanto', 'Tempursari 18', '', '', '0000-00-00', '', ''),
('02', '00065', 'A', '2-65-A', 'Andri', 'Tempursari 36', '', '', '0000-00-00', '', ''),
('02', '00650', 'A', '2-650-A', 'Didik p', 'Tempursari 9', '', '', '0000-00-00', '', ''),
('02', '00651', 'A', '2-651-A', '', '', '', '', '0000-00-00', '', ''),
('02', '00652', 'A', '2-652-A', 'Wasito', 'Tempursari 17', '', '', '0000-00-00', '', ''),
('02', '00653', 'A', '2-653-A', 'Karmin', 'Tempursari 42', '', '', '0000-00-00', '', ''),
('02', '00654', 'A', '2-654-A', 'Setiawan', 'Tempursari 45', '', '', '0000-00-00', '', ''),
('02', '00655', 'A', '2-655-A', 'Suweni', 'Tempursari 17/6', '', '', '0000-00-00', '', ''),
('02', '00656', 'A', '2-656-A', 'Suprapto', 'Tempursari 12/3', '', '', '0000-00-00', '', ''),
('02', '00657', 'A', '2-657-A', 'Didit', 'Tempursari 9', '', '', '0000-00-00', '', ''),
('02', '00658', 'A', '2-658-A', 'Paimin', 'Tempursari 26', '', '', '0000-00-00', '', ''),
('02', '00659', 'A', '2-659-A', 'Jemiyem', 'Tempursari 46', '', '', '0000-00-00', '', ''),
('02', '00066', 'A', '2-66-A', 'Kuat Susanto', 'tempursari 30', 'L', '', '0000-00-00', '', ''),
('02', '00660', 'A', '2-660-A', 'Suroto', 'Tempursari 16', '', '', '0000-00-00', '', ''),
('02', '00661', 'A', '2-661-A', '', '', '', '', '0000-00-00', '', ''),
('02', '00662', 'A', '2-662-A', 'Yusron', 'Tempursari 21', '', '', '0000-00-00', '', ''),
('02', '00663', 'A', '2-663-A', 'Andre', 'Tempursari 34/9', '', '', '0000-00-00', '', ''),
('02', '00664', 'A', '2-664-A', 'Abu Romli', 'Tempursari', '', '', '0000-00-00', '', ''),
('02', '00665', 'A', '2-665-A', 'Sodikin', 'Tempursari 10', '', '', '0000-00-00', '', ''),
('02', '00666', 'A', '2-666-A', 'Rohmad', 'Tempursari 34', '', '', '0000-00-00', '', ''),
('02', '00667', 'A', '2-667-A', 'Sunarsih', 'Tempursari 3', '', '', '0000-00-00', '', ''),
('02', '00668', 'A', '2-668-A', 'Klinem', 'Tempursari 10', '', '', '0000-00-00', '', ''),
('02', '00669', 'A', '2-669-A', 'Imam Safii', 'Tempursari 39/10', '', '', '0000-00-00', '', ''),
('02', '00067', 'A', '2-67-A', 'Nurhuda', 'Tempursari 30', '', '', '0000-00-00', '', ''),
('02', '00670', 'A', '2-670-A', 'Yauri', 'Tempursari 32/9', '', '', '0000-00-00', '', ''),
('02', '00671', 'A', '2-671-A', 'Surtiyem', 'Tempursari 23/6', '', '', '0000-00-00', '', ''),
('02', '00672', 'A', '2-672-A', 'Manisma', 'Tempursari 27', '', '', '0000-00-00', '', ''),
('02', '00673', 'A', '2-673-A', 'Waginar', 'Tempursari 23', '', '', '0000-00-00', '', ''),
('02', '00674', 'A', '2-674-A', 'Rianti', 'Tempursari 6/1', '', '', '0000-00-00', '', ''),
('02', '00675', 'A', '2-675-A', 'Rudi Setiatmoko', 'Tempursari 9/1', '', '', '0000-00-00', '', ''),
('02', '00676', 'A', '2-676-A', 'Mukhiyat', 'Tempursari 32/9', '', '', '0000-00-00', '', ''),
('02', '00677', 'A', '2-677-A', 'Eko Heri Sutrisno', 'Sumbergentong 34/9', '', '', '0000-00-00', '', ''),
('02', '00678', 'A', '2-678-A', 'Taron', 'Tempursari 26/7', '', '', '0000-00-00', '', ''),
('02', '00679', 'A', '2-679-A', 'Miseri ', 'Tempursari 13', '', '', '0000-00-00', '', ''),
('02', '00068', 'A', '2-68-A', 'Basori', 'Tempursari 29', '', '', '0000-00-00', '', ''),
('02', '00680', 'A', '2-680-A', 'Nur hidayah', 'Tempursari 13', '', '', '0000-00-00', '', ''),
('02', '00681', 'A', '2-681-A', 'Marsianto', 'Tempursari 45', '', '', '0000-00-00', '', ''),
('02', '00682', 'A', '2-682-A', '', '', '', '', '0000-00-00', '', ''),
('02', '00683', 'A', '2-683-A', 'Tholib', 'Tempursari 14/4', '', '', '0000-00-00', '', ''),
('02', '00684', 'A', '2-684-A', 'Sugeng', 'Tempursari 46/12', '', '', '0000-00-00', '', ''),
('02', '00685', 'A', '2-685-A', 'Alim', 'Tempursari 22', '', '', '0000-00-00', '', ''),
('02', '00686', 'A', '2-686-A', 'Ngadiman', 'Tempursari 33', '', '', '0000-00-00', '', ''),
('02', '00687', 'A', '2-687-A', 'Gunawan', 'Tempursari 18', '', '', '0000-00-00', '', ''),
('02', '00688', 'A', '2-688-A', '', '', '', '', '0000-00-00', '', ''),
('02', '00689', 'A', '2-689-A', 'Bayu', 'Tempursari 3', '', '', '0000-00-00', '', ''),
('02', '00069', 'A', '2-69-A', 'Slamah', 'Tempursari 22', '', '', '0000-00-00', '', ''),
('02', '00690', 'A', '2-690-A', 'Sugiarsono', 'Tempursari 11/3', '', '', '0000-00-00', '', ''),
('02', '00691', 'A', '2-691-A', 'Kalil', 'Tempursari 1', '', '', '0000-00-00', '', ''),
('02', '00692', 'A', '2-692-A', 'Sarni Dianto', 'Tempursari 11', '', '', '0000-00-00', '', ''),
('02', '00693', 'A', '2-693-A', 'Meseno', 'Tempursari 11', '', '', '0000-00-00', '', ''),
('02', '00694', 'A', '2-694-A', 'Wanto ', 'Tempursari 27', '', '', '0000-00-00', '', ''),
('02', '00695', 'A', '2-695-A', 'Kuat', 'Tempursari 38', '', '', '0000-00-00', '', ''),
('02', '00696', 'A', '2-696-A', 'Siswanto', 'Tempursari 15', 'L', '0002377734772', '0000-00-00', '', ''),
('02', '00696', 'B', '2-696-B', 'dwi', 'tempursari 15', 'P', '0002377734783', '0000-00-00', '', ''),
('02', '00697', 'A', '2-697-A', 'Yasir Muadi', 'Tempursari 21/5', '', '', '0000-00-00', '', ''),
('02', '00698', 'A', '2-698-A', 'Yudistira', 'Tempursari 6/2', '', '', '0000-00-00', '', ''),
('02', '00699', 'A', '2-699-A', 'Supani', 'Tempursari 33/9', '', '', '0000-00-00', '', ''),
('02', '00007', 'A', '2-7-A', 'Agus Mei', 'Tempursari 41', 'L', '', '1979-03-01', '', ''),
('02', '00070', 'A', '2-70-A', 'Tumirin', 'Tempursari 45', '', '', '0000-00-00', '', ''),
('02', '00700', 'A', '2-700-A', 'Tukiyar', 'Tempursari 35', '', '', '0000-00-00', '', ''),
('02', '00701', 'A', '2-701-A', 'Dian Efendi ', 'Tempursari 9/2', '', '', '0000-00-00', '', ''),
('02', '00702', 'A', '2-702-A', 'Kateni', 'Tempursari 15/5', '', '', '0000-00-00', '', ''),
('02', '00703', 'A', '2-703-A', 'Giat', 'Tempursari 43', '', '', '0000-00-00', '', ''),
('02', '00704', 'A', '2-704-A', 'Erik', 'Tempursari 2', '', '', '0000-00-00', '', 'ADA NOMOR YANG '),
('02', '00705', 'A', '2-705-A', 'Arik', 'Tempursari 20', '', '', '0000-00-00', '', ''),
('02', '00706', 'A', '2-706-A', 'Wakidi', 'Tempursari 26/7', '', '', '0000-00-00', '', ''),
('02', '00707', 'A', '2-707-A', 'Misdi', 'Tempursari 35', '', '', '0000-00-00', '', ''),
('02', '00708', 'A', '2-708-A', 'Sugeng', 'Tempursari 27', '', '', '0000-00-00', '', ''),
('02', '00709', 'A', '2-709-A', 'Katari Riski', 'Tempursari 10', '', '', '0000-00-00', '', ''),
('02', '00071', 'A', '2-71-A', 'Rustammuji', 'Tempursari 1', '', '', '0000-00-00', '', ''),
('02', '00710', 'A', '2-710-A', 'Mariyem', 'Tempursari 39', '', '', '0000-00-00', '', ''),
('02', '00711', 'A', '2-711-A', 'Endarto', 'Tempursari 43', '', '', '0000-00-00', '', ''),
('02', '00712', 'A', '2-712-A', 'Saiful', 'Tempursari 42', '', '', '0000-00-00', '', ''),
('02', '00713', 'A', '2-713-A', 'Boam', 'Tempursari 25', '', '', '0000-00-00', '', ''),
('02', '00714', 'A', '2-714-A', 'suyoto', 'Tempursari 33', '', '', '0000-00-00', '', ''),
('02', '00714', 'B', '2-714-B', 'ari', 'tempursari 33', 'L', '', '0000-00-00', '', ''),
('02', '00714', 'C', '2-714-C', 'erlinda', 'tempursari 33', 'P', '', '0000-00-00', '', ''),
('02', '00715', 'A', '2-715-A', 'Agus Pranoto', 'Tempursari 14', '', '', '0000-00-00', '', ''),
('02', '00716', 'A', '2-716-A', 'Tumpuk', 'Tempursari 14', '', '', '0000-00-00', '', ''),
('02', '00717', 'A', '2-717-A', 'Sumadi', 'Tempursari 3', '', '', '0000-00-00', '', ''),
('02', '00717', 'B', '2-717-B', 'Moch Rayen', 'Tempursari 3', 'L', '', '0000-00-00', '', ''),
('02', '00718', 'A', '2-718-A', 'Edi ', 'Tempursari 2/1', '', '', '0000-00-00', '', ''),
('02', '00719', 'A', '2-719-A', 'Sukirno', 'Tempursari 3', '', '', '0000-00-00', '', ''),
('02', '00072', 'A', '2-72-A', 'Ruli', 'Tempursari 30', '', '', '0000-00-00', '', ''),
('02', '00072', 'B', '2-72-B', 'Evano', 'Tempursari 30', 'L', '', '0000-00-00', '', ''),
('02', '00720', 'A', '2-720-A', 'Irfan', 'Tempursari 41', '', '', '0000-00-00', '', ''),
('02', '00721', 'A', '2-721-A', 'Budi', 'Tempursari 15', '', '', '0000-00-00', '', ''),
('02', '00722', 'A', '2-722-A', 'Lanjar', 'Tempursari 24', '', '', '0000-00-00', '', ''),
('02', '00723', 'A', '2-723-A', 'Samsudin', 'Tempursari 23', '', '', '0000-00-00', '', ''),
('02', '00724', 'A', '2-724-A', 'Kristian', 'Tempursari 4', '', '', '0000-00-00', '', ''),
('02', '00725', 'A', '2-725-A', 'Ratio/Sunarti', 'Tempursari 41', 'L', '', '1980-03-21', '', ''),
('02', '00726', 'A', '2-726-A', '', '', '', '', '0000-00-00', '', ''),
('02', '00727', 'A', '2-727-A', 'Dul Paimin', 'Tempursari 33', '', '', '0000-00-00', '', ''),
('02', '00728', 'A', '2-728-A', 'Sanianto', 'Tempursari 1', '', '', '0000-00-00', '', ''),
('02', '00728', 'b', '2-728-b', 'virga', 'tempursari 1', 'L', '', '0000-00-00', '', ''),
('02', '00728', 'c', '2-728-c', 'Tatik', 'Tempursari 1', 'P', '', '0000-00-00', '', ''),
('02', '00729', 'A', '2-729-A', 'Rizal', 'Tempursari 4/1', '', '', '0000-00-00', '', ''),
('02', '00073', 'A', '2-73-A', 'Sapuan', 'Tempursari 7', '', '', '0000-00-00', '', ''),
('02', '00730', 'A', '2-730-A', '', '', '', '', '0000-00-00', '', ''),
('02', '00731', 'A', '2-731-A', 'Imam', 'Tempursari 14', '', '', '0000-00-00', '', ''),
('02', '00732', 'A', '2-732-A', 'Andre', 'Tempursari 1', '', '', '0000-00-00', '', ''),
('02', '00733', 'A', '2-733-A', 'Miftakhul  ', 'Tempursari 22', '', '', '0000-00-00', '', ''),
('02', '00734', 'A', '2-734-A', 'Suprapto', 'Tempursari 17', '', '', '0000-00-00', '', ''),
('02', '00735', 'A', '2-735-A', 'Harianto', 'Tempursari 35', '', '', '0000-00-00', '', ''),
('02', '00736', 'A', '2-736-A', 'Marsi ', 'Tempursari 22', '', '', '0000-00-00', '', ''),
('02', '00737', 'A', '2-737-A', 'Mesiyan', 'Tempursari 11', '', '', '0000-00-00', '', ''),
('02', '00738', 'A', '2-738-A', 'Kadeli', 'Sumbergentong 46/12', '', '', '0000-00-00', '', ''),
('02', '00739', 'A', '2-739-A', 'Kaseno', 'Tempursari 35/9', '', '', '0000-00-00', '', ''),
('02', '00074', 'A', '2-74-A', 'Eko Santoso', 'Tempursari 5', '', '', '0000-00-00', '', ''),
('02', '00740', 'A', '2-740-A', '', '', '', '', '0000-00-00', '', ''),
('02', '00741', 'A', '2-741-A', 'Sunarti', 'Temmpursari 25', '', '', '0000-00-00', '', ''),
('02', '00742', 'A', '2-742-A', 'Rifai', 'Tempursari 18', '', '', '0000-00-00', '', ''),
('02', '00743', 'A', '2-743-A', 'Niswatin', 'Tempursari 25', '', '', '0000-00-00', '', ''),
('02', '00744', 'A', '2-744-A', 'Samijem', 'Tempursari 25/4', '', '', '0000-00-00', '', ''),
('02', '00745', 'A', '2-745-A', 'Wagiman', 'Tempursari 30', '', '', '0000-00-00', '', ''),
('02', '00746', 'A', '2-746-A', 'Boyani', 'Tempursari 3', '', '', '0000-00-00', '', ''),
('02', '00747', 'A', '2-747-A', 'Paniyah', 'tempursari 24', '', '', '0000-00-00', '', ''),
('02', '00748', 'A', '2-748-A', 'Kaseni', 'tempursari 46', '', '', '0000-00-00', '', ''),
('02', '00749', 'A', '2-749-A', '', '', '', '', '0000-00-00', '', ''),
('02', '00075', 'A', '2-75-A', 'Yanes Susilo', 'Tempursari 3', '', '', '0000-00-00', '', ''),
('02', '00750', 'A', '2-750-A', 'Hendi', 'Tempursari 24', '', '', '0000-00-00', '', ''),
('02', '00751', 'A', '2-751-A', 'Aris Sugianto', 'Sumbergentong 45', '', '', '0000-00-00', '', ''),
('02', '00752', 'A', '2-752-A', 'Sianto', 'Tempursari 10/3', '', '', '0000-00-00', '', ''),
('02', '00753', 'A', '2-753-A', 'Soiman', 'Tempurasri 11', '', '', '0000-00-00', '', ''),
('02', '00754', 'A', '2-754-A', 'Ponirin', 'Tempursari 07', '', '', '0000-00-00', '', ''),
('02', '00755', 'A', '2-755-A', 'Suryono', 'Tempursari 39', '', '', '0000-00-00', '', ''),
('02', '00756', 'A', '2-756-A', 'Boini', 'Tempursari 10', '', '', '0000-00-00', '', ''),
('02', '00757', 'A', '2-757-A', 'Sukri', 'Tempursari 11', '', '', '0000-00-00', '', ''),
('02', '00758', 'A', '2-758-A', 'Suhartam', 'Tempursari 9', '', '', '0000-00-00', '', ''),
('02', '00759', 'A', '2-759-A', 'Rais', 'Tempursari 15', '', '', '0000-00-00', '', ''),
('02', '00759', 'B', '2-759-B', 'susiana', 'tempursari 15', 'P', '', '0000-00-00', '', ''),
('02', '00076', 'A', '2-76-A', 'Hartono', 'Tempursari 3', '', '', '0000-00-00', '', ''),
('02', '00760', 'A', '2-760-A', 'Kamsi', 'Tempursari 6', '', '', '0000-00-00', '', ''),
('02', '00761', 'A', '2-761-A', 'Rahmat sugianto', 'Tempursari 9', '', '', '0000-00-00', '', ''),
('02', '00762', 'A', '2-762-A', 'Sumowagiman', 'Tempursari 35', '', '', '0000-00-00', '', ''),
('02', '00763', 'A', '2-763-A', 'Eko Wahyudianto', 'Tempursari 39', '', '', '0000-00-00', '', ''),
('02', '00763', 'b', '2-763-b', 'rafa', 'tempursari 39', 'l', '', '0000-00-00', '', ''),
('02', '00764', 'A', '2-764-A', 'Andi S', 'Tempursari 37', '', '', '0000-00-00', '', ''),
('02', '00765', 'A', '2-765-A', 'Adi Purnomo', 'Tempursari 7', '', '', '0000-00-00', '', ''),
('02', '00766', 'A', '2-766-A', 'Mustajib', 'Tempursari 39', '', '', '0000-00-00', '', ''),
('02', '00767', 'A', '2-767-A', 'Bambang', 'Tempursari 5', '', '', '0000-00-00', '', ''),
('02', '00768', 'A', '2-768-A', 'gholin', 'Tempursari 15', '', '', '0000-00-00', '', ''),
('02', '00769', 'A', '2-769-A', '', '', '', '', '0000-00-00', '', ''),
('02', '00770', 'A', '2-770-A', 'karji', 'tempursari 22/6', '', '', '0000-00-00', '', ''),
('02', '00771', 'A', '2-771-A', 'Sutilah', 'tempursari 15', '', '', '0000-00-00', '', ''),
('02', '00772', 'A', '2-772-A', 'sarimun', 'sumbergentong 45', '', '', '0000-00-00', '', ''),
('02', '00773', 'A', '2-773-A', 'winardi', 'tempursari 10', '', '', '0000-00-00', '', ''),
('02', '00774', 'A', '2-774-A', 'heri', 'tempursari 10', '', '', '0000-00-00', '', ''),
('02', '00775', 'A', '2-775-A', 'saminten', 'Sumbergentong 37/10', '', '', '0000-00-00', '', ''),
('02', '00776', 'A', '2-776-A', 'Gono', 'Tempursari 18', '', '', '0000-00-00', '', ''),
('02', '00777', 'A', '2-777-A', 'Lasimun', '', '', '', '0000-00-00', '', ''),
('02', '00778', 'A', '2-778-A', 'Siti rubaiyah', 'Tempursari 15/05', '', '', '0000-00-00', '', ''),
('02', '00779', 'A', '2-779-A', '', '', '', '', '0000-00-00', '', ''),
('02', '00078', 'A', '2-78-A', 'Purwanto', 'Tempursari 32', '', '', '0000-00-00', '', ''),
('02', '00780', 'A', '2-780-A', '', '', '', '', '0000-00-00', '', ''),
('02', '00781', 'A', '2-781-A', 'krisdiono', 'Sumbergentong 43', '', '', '0000-00-00', '', ''),
('02', '00782', 'A', '2-782-A', 'Welas', 'Tempursari 33', '', '', '0000-00-00', '', ''),
('02', '00783', 'A', '2-783-A', 'Tuyem', 'Tempursari 41', '', '', '0000-00-00', '', ''),
('02', '00784', 'A', '2-784-A', 'Misirah', 'Tempursari 28', '', '', '0000-00-00', '', ''),
('02', '00785', 'A', '2-785-A', 'Joni', 'Tempursari 18', '', '', '0000-00-00', '', ''),
('02', '00786', 'A', '2-786-A', 'lasmono', 'tempursari 1/1', '', '', '0000-00-00', '', ''),
('02', '00787', 'A', '2-787-A', 'sairin', 'tempursari 2/1', '', '', '0000-00-00', '', ''),
('02', '00788', 'A', '2-788-A', 'sugram', 'tempursari 34/9', '', '', '0000-00-00', '', ''),
('02', '00789', 'A', '2-789-A', 'mustajip', 'tempursari 39', '', '', '0000-00-00', '', ''),
('02', '00079', 'A', '2-79-A', 'Paini', 'Tempursari 46', '', '', '0000-00-00', '', ''),
('02', '00790', 'A', '2-790-A', 'margono', 'tempursari 27', '', '', '0000-00-00', '', ''),
('02', '00791', 'A', '2-791-A', 'misbahul muhadi', 'tempursari 6/1', '', '', '0000-00-00', '', ''),
('02', '00792', 'A', '2-792-A', 'suliono', 'tempursari (cepu)', '', '', '0000-00-00', '', ''),
('02', '00793', 'A', '2-793-A', 'sisnan', 'tempursari 21', '', '', '0000-00-00', '', ''),
('02', '00794', 'A', '2-794-A', 'arifin', 'tempursari 21', '', '', '0000-00-00', '', ''),
('02', '00795', 'A', '2-795-A', 'dedik setya budi', 'tempursari 27/7', '', '', '0000-00-00', '', ''),
('02', '00796', 'A', '2-796-A', 'payem', 'tempursari 30', '', '', '0000-00-00', '', ''),
('02', '00797', 'A', '2-797-A', 'jenny', 'tempursari 41', '', '', '0000-00-00', '', ''),
('02', '00798', 'A', '2-798-A', 'Hargono', 'Tempursari 25/4', '', '', '0000-00-00', '', ''),
('02', '00799', 'A', '2-799-A', 'doni', 'tempursari 4/1', '', '', '0000-00-00', '', ''),
('02', '00008', 'A', '2-8-A', 'Suweno', 'Tempursari 20', '', '', '0000-00-00', '', ''),
('02', '00080', 'A', '2-80-A', 'Mesenan', 'Tempursari 26', '', '', '0000-00-00', '', ''),
('02', '00800', 'A', '2-800-A', 'Sokimin', 'Tempursari 27', '', '', '0000-00-00', '', ''),
('02', '00801', 'A', '2-801-A', 'Paikem', 'Tempursri 27', '', '', '0000-00-00', '', ''),
('02', '00802', 'A', '2-802-A', 'Panirah', 'Tempursari 9/2', '', '', '0000-00-00', '', ''),
('02', '00803', 'A', '2-803-A', 'Tulus', 'Tempursari 25/4', '', '', '0000-00-00', '', ''),
('02', '00803', 'b', '2-803-b', 'riki', 'tps 25/4', '', '', '0000-00-00', '', ''),
('02', '00804', 'A', '2-804-A', 'Edi Sutanto', 'Tempursari 5/1', '', '', '0000-00-00', '', ''),
('02', '00805', 'A', '2-805-A', 'Sukir', 'Tempursari 17', '', '', '0000-00-00', '', ''),
('02', '00806', 'A', '2-806-A', 'Suswanto', 'Tempursari 36', '', '', '0000-00-00', '', ''),
('02', '00807', 'A', '2-807-A', 'Santoso', 'Tempursari 17', '', '', '0000-00-00', '', ''),
('02', '00808', 'A', '2-808-A', '', '', '', '', '0000-00-00', '', ''),
('02', '00809', 'A', '2-809-A', 'P.Kanan', 'Tempursari 27/7', '', '', '0000-00-00', '', ''),
('02', '00081', 'A', '2-81-A', 'Parno', 'Tempursari 4', '', '', '0000-00-00', '', ''),
('02', '00810', 'A', '2-810-A', 'Fendi Santoso', 'Tempursari 33', '', '', '0000-00-00', '', ''),
('02', '00811', 'A', '2-811-A', '', '', '', '', '0000-00-00', '', ''),
('02', '00812', 'A', '2-812-A', 'Sukatun', 'Tempursari 4/1', '', '', '0000-00-00', '', ''),
('02', '00813', 'A', '2-813-A', 'Jemuriah', 'Darungan 29', '', '', '0000-00-00', '', ''),
('02', '00814', 'A', '2-814-A', '', '', '', '', '0000-00-00', '', ''),
('02', '00815', 'A', '2-815-A', 'Wajianto', 'Tempursari 14', '', '', '0000-00-00', '', ''),
('02', '00815', 'B', '2-815-B', 'dwi wahyu', 'tempursari 14', 'P', '000293283611', '0000-00-00', '', ''),
('02', '00816', 'A', '2-816-A', 'Saiin', 'Tempursari 28/7', '', '', '0000-00-00', '', ''),
('02', '00817', 'A', '2-817-A', 'Sodikin', 'Tempursari 10', '', '', '0000-00-00', '', ''),
('02', '00818', 'A', '2-818-A', 'Tunarip', 'Tempursari 30', '', '', '0000-00-00', '', ''),
('02', '00819', 'A', '2-819-A', '', '', '', '', '0000-00-00', '', ''),
('02', '00082', 'A', '2-82-A', 'Sairin', 'Tempursari 16', '', '', '0000-00-00', '', ''),
('02', '00082', 'B', '2-82-B', 'ninik sumiatun', 'tempursari 16', 'P', '0002496976795', '0000-00-00', '', ''),
('02', '00820', 'A', '2-820-A', '', '', '', '', '0000-00-00', '', ''),
('02', '00821', 'A', '2-821-A', 'Rianto', 'Tempursari 35', '', '', '0000-00-00', '', ''),
('02', '00822', 'A', '2-822-A', 'Bandi', 'Tempursari 4', '', '', '0000-00-00', '', ''),
('02', '00823', 'A', '2-823-A', 'Mesenan', 'Tempursari 44', '', '', '0000-00-00', '', ''),
('02', '00824', 'A', '2-824-A', 'Kaseni', 'Tempursari 46/12', '', '', '0000-00-00', '', ''),
('02', '00825', 'A', '2-825-A', 'Moh.Sapung', 'Tempursari 13', '', '', '0000-00-00', '', ''),
('02', '00826', 'A', '2-826-A', 'Boyamin', 'Tempursari 7', '', '', '0000-00-00', '', ''),
('02', '00827', 'A', '2-827-A', 'Wujud Budi', 'Tempursari 14', '', '', '0000-00-00', '', ''),
('02', '00828', 'A', '2-828-A', 'Sukati', 'Tempursari 41', '', '', '0000-00-00', '', ''),
('02', '00829', 'A', '2-829-A', 'Yudi Supadi', 'Tempursari 17/6', '', '', '0000-00-00', '', ''),
('02', '00083', 'A', '2-83-A', 'Cahyo Asum', 'Tempursari 30', '', '', '0000-00-00', '', ''),
('02', '00830', 'A', '2-830-A', 'Agus Wiyanto', 'Sumbergentong utara 33', '', '', '0000-00-00', '', ''),
('02', '00831', 'A', '2-831-A', 'Supadi', 'Tempursari 11', '', '', '0000-00-00', '', ''),
('02', '00832', 'A', '2-832-A', 'Sukir', 'Tempursari 17', '', '', '0000-00-00', '', ''),
('02', '00833', 'A', '2-833-A', 'Joko  purwanto', 'Tempursari 16', '', '', '0000-00-00', '', ''),
('02', '00834', 'A', '2-834-A', 'Rudi Susanto', 'Tempursari 15', '', '', '0000-00-00', '', ''),
('02', '00835', 'A', '2-835-A', 'Marji', 'Tempursari 26/7', '', '', '0000-00-00', '', ''),
('02', '00836', 'A', '2-836-A', 'B.Winarsih', 'Tempursari 5', '', '', '0000-00-00', '', ''),
('02', '00837', 'A', '2-837-A', 'P.Giat', 'Tempursari 9/2', '', '', '0000-00-00', '', ''),
('02', '00838', 'A', '2-838-A', 'Suwandi', 'Tempursari 36', '', '', '0000-00-00', '', ''),
('02', '00839', 'A', '2-839-A', 'Katiyem', 'Tempursari 29/8', '', '', '0000-00-00', '', ''),
('02', '00084', 'A', '2-84-A', 'Muhammad Imron', 'Tempursari 21', '', '', '0000-00-00', '', ''),
('02', '00840', 'A', '2-840-A', 'B.Saniyem', 'Sumbergentong 44', '', '', '0000-00-00', '', ''),
('02', '00841', 'A', '2-841-A', 'B.Sri Wahyuni', 'Sumbergentong 45', '', '', '0000-00-00', '', ''),
('02', '00842', 'A', '2-842-A', 'Tn.Bejo', 'Tp.Sari 45', '', '', '0000-00-00', '', ''),
('02', '00843', 'A', '2-843-A', 'Hendriono', 'Tempursari ', '', '', '0000-00-00', '', ''),
('02', '00844', 'A', '2-844-A', 'Iswandi', 'Sumbergentong 32', '', '', '0000-00-00', '', ''),
('02', '00845', 'A', '2-845-A', 'Purwanto', 'Tempursari 3', '', '', '0000-00-00', '', ''),
('02', '00845', 'B', '2-845-B', 'surip', 'tempursari 3', 'P', '', '0000-00-00', '', ''),
('02', '00846', 'A', '2-846-A', 'Muhammad Hariadi', 'Sumbergentong 2/6', '', '', '0000-00-00', '', ''),
('02', '00847', 'A', '2-847-A', 'Mistat', 'Darungan 29/8', '', '', '0000-00-00', '', ''),
('02', '00848', 'A', '2-848-A', 'Sakrip', 'Tempursari 40', 'L', '', '0000-00-00', '', ''),
('02', '00849', 'A', '2-849-A', 'Surya', 'Tempursari 38/10', '', '', '0000-00-00', '', ''),
('02', '00085', 'A', '2-85-A', 'Brawi', 'Tempursari 4', '', '', '0000-00-00', '', ''),
('02', '00850', 'A', '2-850-A', 'Karji', 'Tempursari 27/7', '', '', '0000-00-00', '', ''),
('02', '00851', 'A', '2-851-A', 'Satir Wijayanto', 'Tempursari 9/2', '', '', '0000-00-00', '', ''),
('02', '00852', 'A', '2-852-A', 'Suparman', 'Tempursari n 26/7', '', '', '0000-00-00', '', ''),
('02', '00853', 'A', '2-853-A', 'Sari', 'Tempursari 41', '', '', '0000-00-00', '', ''),
('02', '00854', 'A', '2-854-A', 'Seno', ' Tempursari 30', '', '', '0000-00-00', '', ''),
('02', '00855', 'A', '2-855-A', 'Suparmanto', 'Tempursari 19', '', '', '0000-00-00', '', ''),
('02', '00856', 'A', '2-856-A', 'Ustadi', 'Tempursari 26', '', '', '0000-00-00', '', ''),
('02', '00857', 'A', '2-857-A', 'Surianto', 'Sumbergentong 4/6', '', '', '0000-00-00', '', ''),
('02', '00858', 'A', '2-858-A', 'Mushadi ', 'Tempursari 18', '', '', '0000-00-00', '', ''),
('02', '00859', 'A', '2-859-A', '', '', '', '', '0000-00-00', '', ''),
('02', '00086', 'A', '2-86-A', 'Katari Riski', 'Tempursari 10', '', '', '0000-00-00', '', ''),
('02', '00860', 'A', '2-860-A', '', '', '', '', '0000-00-00', '', ''),
('02', '00861', 'A', '2-861-A', 'KASIAH', 'TEMPURSARI 18', '', '', '0000-00-00', '', ''),
('02', '00862', 'A', '2-862-A', 'Sumardi', 'Tempursari 45', '', '', '0000-00-00', '', ''),
('02', '00863', 'A', '2-863-A', 'Gendut / Rohadi', 'Tempursari 5', '', '', '0000-00-00', '', ''),
('02', '00864', 'A', '2-864-A', 'Winardi', 'Tempursari 48', '', '', '0000-00-00', '', ''),
('02', '00865', 'A', '2-865-A', 'Jerry', 'Tempursari 14', '', '', '0000-00-00', '', ''),
('02', '00866', 'A', '2-866-A', 'Parno', 'Tempursari 17', '', '', '0000-00-00', '', ''),
('02', '00867', 'A', '2-867-A', 'Tonah', 'Sumbergentong 46', '', '', '0000-00-00', '', ''),
('02', '00868', 'A', '2-868-A', 'Giso', 'Sumbergentong 34/9', '', '', '0000-00-00', '', ''),
('02', '00869', 'A', '2-869-A', 'toha', 'Tempursari 17', '', '', '0000-00-00', '', ''),
('02', '00087', 'A', '2-87-A', 'Sukri', 'Tempursari 43', '', '', '0000-00-00', '', ''),
('02', '00870', 'A', '2-870-A', 'Sugino', 'Tempursari 17', '', '', '0000-00-00', '', ''),
('02', '00871', 'A', '2-871-A', 'Suwardi', 'Sumbergentong 39', '', '', '0000-00-00', '', ''),
('02', '00872', 'A', '2-872-A', 'Sukanti', 'Tempursari 1/1', '', '', '0000-00-00', '', ''),
('02', '00873', 'A', '2-873-A', 'EKO DAVID', 'TEMPURSARI 8', '', '', '0000-00-00', '', ''),
('02', '00874', 'A', '2-874-A', 'Suroto', 'Tempursari 26', '', '', '0000-00-00', '', ''),
('02', '00875', 'A', '2-875-A', 'Topan Arfianto', 'Tempursari 23', '', '', '0000-00-00', '', ''),
('02', '00876', 'A', '2-876-A', 'Ahmad Sarifudin', 'Tempursari 15', '', '', '0000-00-00', '', ''),
('02', '00877', 'A', '2-877-A', 'Edi Ridwan', 'Tempursari 12', '', '', '0000-00-00', '', ''),
('02', '00878', 'A', '2-878-A', 'Jasnan', 'Tempursari 12', '', '', '0000-00-00', '', ''),
('02', '00879', 'A', '2-879-A', 'Naryo', 'Tempursari 22', '', '', '0000-00-00', '', ''),
('02', '00088', 'A', '2-88-A', 'Suryanto', 'Tempursari 31', '', '', '0000-00-00', '', ''),
('02', '00088', 'B', '2-88-B', 'frandiska', 'tempursari 31', 'L', '', '0000-00-00', '', ''),
('02', '00880', 'A', '2-880-A', 'Prayitno', 'Sumbergentong 36', '', '', '0000-00-00', '', ''),
('02', '00881', 'A', '2-881-A', 'Ginten', 'Tempursari 5/1', '', '', '0000-00-00', '', ''),
('02', '00882', 'A', '2-882-A', 'Sukaton', 'Tempursari 4/1', 'L', '', '1970-03-01', '', ''),
('02', '00883', 'A', '2-883-A', 'Ridwan', 'Tempursari 11/3', '', '', '0000-00-00', '', ''),
('02', '00884', 'A', '2-884-A', 'Waris', 'Sumbergentong 42', '', '', '0000-00-00', '', ''),
('02', '00885', 'A', '2-885-A', 'Tumi ', 'Tempursari 19', '', '', '0000-00-00', '', ''),
('02', '00886', 'A', '2-886-A', 'Miswanto', 'Tempursari 24', '', '', '0000-00-00', '', ''),
('02', '00886', 'B', '2-886-B', 'Aftina', 'Tempursari 24', 'P', '', '0000-00-00', '', ''),
('02', '00887', 'A', '2-887-A', 'Wasit', 'Tempursari 45', '', '', '0000-00-00', '', ''),
('02', '00888', 'A', '2-888-A', 'Nurhadi', 'Sumbergentong 39', '', '', '0000-00-00', '', ''),
('02', '00889', 'A', '2-889-A', 'Hendri', 'Tempursari 22', '', '', '0000-00-00', '', ''),
('02', '00089', 'A', '2-89-A', 'Ilyasin', 'Tempursari 6', '', '', '0000-00-00', '', ''),
('02', '00890', 'A', '2-890-A', 'Kadam', 'Tempursari 36', '', '', '0000-00-00', '', ''),
('02', '00891', 'A', '2-891-A', 'Mustakim', 'Tempursari 7/2', '', '', '0000-00-00', '', ''),
('02', '00891', 'B', '2-891-B', 'Julia', 'tempursari 7/2', 'P', '', '0000-00-00', '', ''),
('02', '00892', 'A', '2-892-A', 'Jemino', 'Tempursari 33/9', '', '', '0000-00-00', '', ''),
('02', '00893', 'A', '2-893-A', 'Septian', 'Tempursari 29', '', '', '0000-00-00', '', ''),
('02', '00894', 'A', '2-894-A', 'Miftakul', 'Tempursari 21', '', '', '0000-00-00', '', ''),
('02', '00895', 'A', '2-895-A', 'Hermanto', 'Tempursari 16', '', '', '0000-00-00', '', ''),
('02', '00896', 'A', '2-896-A', 'Slamet', 'Tempursari 29', '', '', '0000-00-00', '', ''),
('02', '00897', 'A', '2-897-A', 'Wulan Yuni Astutik', 'Tempursari 18/5', '', '', '0000-00-00', '', ''),
('02', '00898', 'A', '2-898-A', 'Jono', 'Tempursari 43', '', '', '0000-00-00', '', ''),
('02', '00899', 'A', '2-899-A', 'Suhadi', 'Tempursari 34', '', '', '0000-00-00', '', ''),
('02', '00009', 'A', '2-9-A', 'Feri S.', 'Tempursari 28', '', '', '0000-00-00', '', ''),
('02', '00090', 'A', '2-90-A', 'Purwoko', 'Tempursari 17', '', '', '0000-00-00', '', ''),
('02', '00900', 'A', '2-900-A', 'Marito', 'Tempursari 16', '', '', '0000-00-00', '', ''),
('02', '00901', 'A', '2-901-A', 'Mesiyah', 'Tempursari 16', '', '', '0000-00-00', '', ''),
('02', '00902', 'A', '2-902-A', 'Winarto', 'Tempursari 20', '', '', '0000-00-00', '', ''),
('02', '00903', 'A', '2-903-A', 'Wahyudi', 'Sumbergentong 46/12', '', '', '0000-00-00', '', ''),
('02', '00904', 'A', '2-904-A', 'Edi ', 'Tempursari 27/7', '', '', '0000-00-00', '', ''),
('02', '00905', 'A', '2-905-A', 'Sujarni', 'Tempursari 25', '', '', '0000-00-00', '', ''),
('02', '00906', 'A', '2-906-A', 'Tarmidi', 'Tempursari 28', '', '', '0000-00-00', '', ''),
('02', '00907', 'A', '2-907-A', 'Wasito', 'Tempursari 17', '', '', '0000-00-00', '', ''),
('02', '00908', 'A', '2-908-A', 'Riatun', 'Tempursari 3', '', '', '0000-00-00', '', ''),
('02', '00909', 'A', '2-909-A', 'Abdul Rohman', 'Tempursari 10/3', '', '', '0000-00-00', '', ''),
('02', '00091', 'A', '2-91-A', 'Mudasir', 'Tempursari 41', '', '', '0000-00-00', '', ''),
('02', '00910', 'A', '2-910-A', 'Kasemi', 'Tempursari 20/8', '', '', '0000-00-00', '', ''),
('02', '00911', 'A', '2-911-A', 'Dwi Ardianto', 'Tempursari 12/3', '', '', '0000-00-00', '', ''),
('02', '00912', 'A', '2-912-A', 'Surani', 'Sumbergentong 46', '', '', '0000-00-00', '', ''),
('02', '00913', 'A', '2-913-A', 'Miskan', 'Tempursari 30', '', '', '0000-00-00', '', ''),
('02', '00914', 'A', '2-914-A', 'Kateno', 'Tempursari 31/8', '', '', '0000-00-00', '', ''),
('02', '00915', 'A', '2-915-A', 'Agil', 'Tempursari', '', '', '0000-00-00', '', ''),
('02', '00916', 'A', '2-916-A', 'Abdul Muin', 'Tempursari 26', '', '', '0000-00-00', '', ''),
('02', '00917', 'A', '2-917-A', 'Tumini', 'Tempursari 41/11', '', '', '0000-00-00', '', ''),
('02', '00918', 'A', '2-918-A', 'Ponidi', 'Tempursari 45/12', '', '', '0000-00-00', '', ''),
('02', '00919', 'A', '2-919-A', 'Sandi', 'Sumbergentong 45', '', '', '0000-00-00', '', ''),
('02', '00092', 'A', '2-92-A', 'Budianto', 'Tempursari 7', '', '', '0000-00-00', '', ''),
('02', '00920', 'A', '2-920-A', 'Romdhoni', 'Tempursari 39', 'l', '', '0000-00-00', '', ''),
('02', '00920', 'b', '2-920-b', 'parti', 'tempursari 39', 'p', '', '0000-00-00', '', ''),
('02', '00920', 'c', '2-920-c', 'siti yatimah', 'tempursari 39', 'p', '', '0000-00-00', '', ''),
('02', '00920', 'd', '2-920-d', 'siti motiliah', 'tempursari 39', 'p', '', '0000-00-00', '', ''),
('02', '00921', 'A', '2-921-A', 'Supilan', 'Tempursari 9', '', '', '0000-00-00', '', ''),
('02', '00922', 'A', '2-922-A', 'Nurhadi Suyono', 'Tempursari 20', '', '', '0000-00-00', '', ''),
('02', '00923', 'A', '2-923-A', '', '', '', '', '0000-00-00', '', ''),
('02', '00924', 'A', '2-924-A', 'Mispan', 'Tempursari 21', '', '', '0000-00-00', '', ''),
('02', '00925', 'A', '2-925-A', 'Winarto', 'Tempursari 4', '', '', '0000-00-00', '', ''),
('02', '00926', 'A', '2-926-A', 'Heri', 'Tempursari 16', '', '', '0000-00-00', '', ''),
('02', '00927', 'A', '2-927-A', 'Mesinah', 'Tempursari 13/3', '', '', '0000-00-00', '', ''),
('02', '00928', 'A', '2-928-A', 'Susanto', 'Tempursari 38', '', '', '0000-00-00', '', ''),
('02', '00929', 'A', '2-929-A', 'Mesenan', 'Tempursari 27/28', '', '', '0000-00-00', '', ''),
('02', '00093', 'A', '2-93-A', 'Sumarsono', 'Tempursari 46', '', '', '0000-00-00', '', ''),
('02', '00930', 'A', '2-930-A', 'Budi', 'Tempursari 6', 'L', '', '0000-00-00', '', ''),
('02', '00931', 'A', '2-931-A', 'Sukidi Anto', 'Tempursari 25/4', '', '', '0000-00-00', '', ''),
('02', '00932', 'A', '2-932-A', 'Imam Zamroni', 'Tempursari 20/4', '', '', '0000-00-00', '', ''),
('02', '00933', 'A', '2-933-A', 'Mbah duro', 'Tempursari 16', '', '', '0000-00-00', '', ''),
('02', '00934', 'A', '2-934-A', '', '', '', '', '0000-00-00', '', ''),
('02', '00935', 'A', '2-935-A', 'Semianto', 'Tempursari 28', '', '', '0000-00-00', '', ''),
('02', '00936', 'A', '2-936-A', 'Hernowo', 'Tempursari 30', '', '', '0000-00-00', '', ''),
('02', '00937', 'A', '2-937-A', 'Eko', 'Tempursari 46', '', '', '0000-00-00', '', ''),
('02', '00938', 'A', '2-938-A', 'Abu Nasir', 'Tempursari 27', '', '', '0000-00-00', '', ''),
('02', '00939', 'A', '2-939-A', 'Sukirno', 'Tempursari 3', '', '', '0000-00-00', '', ''),
('02', '00094', 'A', '2-94-A', 'Pramudianto', 'Tempursari 6', '', '', '0000-00-00', '', ''),
('02', '00940', 'A', '2-940-A', 'Edi', 'Tempursari 2/1', '', '', '0000-00-00', '', ''),
('02', '00941', 'A', '2-941-A', 'Nur Hadi Susanto', 'Tempursari 20', '', '', '0000-00-00', '', ''),
('02', '00942', 'A', '2-942-A', 'klimin', 'Tempursari 22', '', '', '0000-00-00', '', ''),
('02', '00943', 'A', '2-943-A', 'kasiam', 'Tempursari 11', '', '', '0000-00-00', '', ''),
('02', '00944', 'A', '2-944-A', 'Mesinem', 'Tempursari', 'P', '', '0000-00-00', '', ''),
('02', '00945', 'A', '2-945-A', '', '', '', '', '0000-00-00', '', ''),
('02', '00946', 'A', '2-946-A', 'Wagiyah', 'Tempursari 13', '', '', '0000-00-00', '', ''),
('02', '00947', 'A', '2-947-A', 'Suharsono', 'Tempursari 44', '', '', '0000-00-00', '', ''),
('02', '00948', 'A', '2-948-A', 'Susianto', 'Tempursari 25', '', '', '0000-00-00', '', ''),
('02', '00949', 'A', '2-949-A', 'ahmad wahyudi', 'tempursari 33 / 9', '', '', '0000-00-00', '', ''),
('02', '00095', 'A', '2-95-A', 'Samsudin', 'Tempursari 22', '', '', '0000-00-00', '', ''),
('02', '00950', 'A', '2-950-A', 'Suliono', 'Tempursari 11', '', '', '0000-00-00', '', ''),
('02', '00951', 'A', '2-951-A', 'Katemi', 'Tempursari 40', '', '', '0000-00-00', '', ''),
('02', '00952', 'A', '2-952-A', 'Katiran', 'Tempursari 33/9', '', '', '0000-00-00', '', ''),
('02', '00953', 'A', '2-953-A', 'Kamsianto', 'Tempursari 06', '', '', '0000-00-00', '', ''),
('02', '00954', 'A', '2-954-A', 'Kosim', 'Tempursari 22/6', '', '', '0000-00-00', '', ''),
('02', '00955', 'A', '2-955-A', 'Nur maimunah', 'Tempursari 21', '', '', '0000-00-00', '', ''),
('02', '00956', 'A', '2-956-A', 'Nur kolis', 'Tempursari 17', '', '', '0000-00-00', '', ''),
('02', '00957', 'A', '2-957-A', 'SETIAWAN', 'TEMPURSARI 45', '', '', '0000-00-00', '', ''),
('02', '00958', 'A', '2-958-A', 'Mistat', 'Tempursari 41', '', '', '0000-00-00', '', ''),
('02', '00959', 'A', '2-959-A', 'Misdi', 'Tempursari 38', '', '', '0000-00-00', '', ''),
('02', '00096', 'A', '2-96-A', 'Bonari', 'Tempursari 2', '', '', '0000-00-00', '', ''),
('02', '00960', 'A', '2-960-A', 'Kasman', 'Tempursari 15', '', '', '0000-00-00', '', ''),
('02', '00961', 'A', '2-961-A', 'Budianto', 'Tempursari 24', '', '', '0000-00-00', '', ''),
('02', '00961', 'B', '2-961-B', 'Bening', 'Tempursari 24', 'P', '', '0000-00-00', '', ''),
('02', '00962', 'A', '2-962-A', 'Edi Purnomo', 'Tempursari 29', '', '', '0000-00-00', '', ''),
('02', '00963', 'A', '2-963-A', 'Ivan', 'Tempursari 25', '', '', '0000-00-00', '', ''),
('02', '00964', 'A', '2-964-A', 'Tukimin', 'Tempursari 39', '', '', '0000-00-00', '', ''),
('02', '00965', 'A', '2-965-A', 'Jaitun', 'Tempursari 22/06', '', '', '0000-00-00', '', ''),
('02', '00966', 'A', '2-966-A', 'Mesiyanto ', 'Tempursari 42', '', '', '0000-00-00', '', ''),
('02', '00967', 'A', '2-967-A', 'Tukiem', 'Tempursari 16', '', '', '0000-00-00', '', ''),
('02', '00968', 'A', '2-968-A', 'Tumirin', 'Tempursari 30/8', '', '', '0000-00-00', '', ''),
('02', '00969', 'A', '2-969-A', 'Parimin/Sunaryo', 'Tempursari 29', '', '', '0000-00-00', '', ''),
('02', '00097', 'A', '2-97-A', 'Bayu', 'Tempursari 2', '', '', '0000-00-00', '', ''),
('02', '00970', 'A', '2-970-A', 'Ponidi', 'Tempursari 12', '', '', '0000-00-00', '', ''),
('02', '00971', 'A', '2-971-A', 'Sukiat', 'Tempursari 35/9', '', '', '0000-00-00', '', ''),
('02', '00972', 'A', '2-972-A', 'Sueb', 'Tempursari 40/10', '', '', '0000-00-00', '', ''),
('02', '00973', 'A', '2-973-A', 'Siras', 'Tempursari 33', '', '', '0000-00-00', '', ''),
('02', '00974', 'A', '2-974-A', 'Kabul', 'Tempursari 39/10', '', '', '0000-00-00', '', ''),
('02', '00975', 'A', '2-975-A', 'Gadrun Mustofa', 'Tempursari 25', '', '', '0000-00-00', '', ''),
('02', '00976', 'A', '2-976-A', '', '', '', '', '0000-00-00', '', ''),
('02', '00977', 'A', '2-977-A', 'Eko', 'Tempursari 20/4', '', '', '0000-00-00', '', ''),
('02', '00978', 'A', '2-978-A', 'Tarimin', 'Tempursari 29', '', '', '0000-00-00', '', ''),
('02', '00979', 'A', '2-979-A', 'Asad Jaelani', 'Tempursari 11', '', '', '0000-00-00', '', ''),
('02', '00098', 'A', '2-98-A', 'Sokimin', 'Tempursari 27', '', '', '0000-00-00', '', ''),
('02', '00980', 'A', '2-980-A', 'Safuah', 'Tempursari 41', '', '', '0000-00-00', '', ''),
('02', '00981', 'A', '2-981-A', 'Teguh', 'Tempursari 35', '', '', '0000-00-00', '', ''),
('02', '00982', 'A', '2-982-A', 'Hafid', 'Tempursari 34', '', '', '0000-00-00', '', ''),
('02', '00983', 'A', '2-983-A', 'Suasmadi', 'Tempursari 37/10', '', '', '0000-00-00', '', ''),
('02', '00984', 'A', '2-984-A', 'Slamet', 'Sumbergontong 41', '', '', '0000-00-00', '', ''),
('02', '00985', 'A', '2-985-A', 'Totok', 'Tempursari 6/2', '', '', '0000-00-00', '', ''),
('02', '00986', 'A', '2-986-A', 'Afif', 'Tempursari 7/2', '', '', '0000-00-00', '', ''),
('02', '00987', 'A', '2-987-A', 'Tunarep', 'Tempursari 30/8', '', '', '0000-00-00', '', ''),
('02', '00988', 'A', '2-988-A', 'Supriadi', 'Tempursari 31', '', '', '0000-00-00', '', ''),
('02', '00989', 'A', '2-989-A', 'Tumiar', 'Tempursari 29', '', '', '0000-00-00', '', ''),
('02', '00099', 'A', '2-99-A', 'Dedik Agus', 'Tempursari 15', 'l', '0001841857931', '0000-00-00', '', ''),
('02', '00099', 'b', '2-99-b', 'khusnul', 'tempursari 15', 'p', '0001841858346', '0000-00-00', '', ''),
('02', '00099', 'c', '2-99-c', 'athea', 'tempursari 15', 'p', '0002449445679', '0000-00-00', '', ''),
('02', '00099', 'd', '2-99-d', 'kenzi', 'tempursari 15', 'l', '', '0000-00-00', '', ''),
('02', '00099', 'e', '2-99-e', 'priati', 'tempursari 15', 'p', '', '0000-00-00', '', ''),
('02', '00990', 'A', '2-990-A', 'Sunanto', 'Tempursari 9', '', '', '0000-00-00', '', ''),
('02', '00991', 'A', '2-991-A', 'Sunardi', 'Tempursari 8', '', '', '0000-00-00', '', ''),
('02', '00992', 'A', '2-992-A', 'David', 'Tempursari 21', 'L', '', '0000-00-00', '', ''),
('02', '00992', 'b', '2-992-b', 'ucik', 'tempursari 21', 'P', '', '0000-00-00', '', ''),
('02', '00992', 'c', '2-992-c', 'bragga', 'tempurasari 21', 'L', '', '0000-00-00', '', ''),
('02', '00993', 'A', '2-993-A', 'Sujianto', 'Tempursari 44', '', '', '0000-00-00', '', ''),
('02', '00994', 'A', '2-994-A', 'Safuah', 'Tempursari 4', '', '', '0000-00-00', '', ''),
('02', '00995', 'A', '2-995-A', 'Riskianto', 'Tempursari 39', '', '', '0000-00-00', '', ''),
('02', '00996', 'A', '2-996-A', 'Budianto', 'Tempursari 25/7', '', '', '0000-00-00', '', ''),
('02', '00997', 'A', '2-997-A', 'Nasir', 'Tempursari 10', '', '', '0000-00-00', '', ''),
('02', '00998', 'A', '2-998-A', 'Nuryanto', 'Tempursari 9/2', '', '', '0000-00-00', '', ''),
('02', '00998', 'b', '2-998-b', 'ponasri', 'tempursari 9/2', 'P', '0002306502988', '0000-00-00', '', ''),
('02', '00999', 'A', '2-999-A', 'Saiful', 'Sumbergentong 34/9', '', '', '0000-00-00', '', '');

-- --------------------------------------------------------

--
-- Table structure for table `tbl_tagihan`
--

CREATE TABLE `tbl_tagihan` (
  `id_pendaftaran` varchar(20) NOT NULL,
  `tarif_dokter` varchar(50) DEFAULT NULL,
  `tarif_admin` varchar(50) DEFAULT NULL,
  `tarif_obat` varchar(50) DEFAULT NULL,
  `penunjang` varchar(50) DEFAULT NULL,
  `status_resep` varchar(20) DEFAULT NULL
) ENGINE=InnoDB DEFAULT CHARSET=latin1;

--
-- Dumping data for table `tbl_tagihan`
--

INSERT INTO `tbl_tagihan` (`id_pendaftaran`, `tarif_dokter`, `tarif_admin`, `tarif_obat`, `penunjang`, `status_resep`) VALUES
('RJ-00001', '3000', '30000', '55460', '10000', 'dibuat'),
('RJ-000010', '2000', '10000', '23380', '0', 'dibuat'),
('RJ-000011', '2000', '10000', '55460', '0', 'dibuat'),
('RJ-000012', '2000', '10000', '23380', '0', 'dibuat'),
('RJ-000013', '2000', '10000', '55460', '0', 'dibuat'),
('RJ-000014', '2000', '10000', '48460', '0', 'dibuat'),
('RJ-00002', '2000', '10000', '23380', '0', 'dibuat'),
('RJ-00004', '2000', '10000', '23380', '0', 'dibuat'),
('RJ-00005', '2000', '10000', '23380', '0', 'dibuat'),
('RJ-00006', '3000', '10000', '55460', '0', 'dibuat'),
('RJ-00007', '2000', '10000', '55460', '0', 'dibuat'),
('RJ-00008', '2000', '10000', '16380', '0', 'dibuat'),
('RJ-00009', '2000', '10000', '89930', '0', 'dibuat');

-- --------------------------------------------------------

--
-- Table structure for table `tbl_tarifperawatan`
--

CREATE TABLE `tbl_tarifperawatan` (
  `id_petugas` varchar(100) NOT NULL,
  `tarif_umum` int(100) NOT NULL,
  `tarif_bpjs` int(100) NOT NULL
) ENGINE=InnoDB DEFAULT CHARSET=latin1;

--
-- Dumping data for table `tbl_tarifperawatan`
--

INSERT INTO `tbl_tarifperawatan` (`id_petugas`, `tarif_umum`, `tarif_bpjs`) VALUES
('12', 2000, 3000),
('13', 2000, 3000),
('14', 2000, 3000),
('15', 2000, 3000),
('16', 0, 0),
('17', 2000, 3000);

-- --------------------------------------------------------

--
-- Table structure for table `tbl_tindakan`
--

CREATE TABLE `tbl_tindakan` (
  `id_tindakan` varchar(10) NOT NULL,
  `jenis_tindakan` varchar(100) NOT NULL,
  `nama_tindakan` varchar(100) NOT NULL,
  `tarif` varchar(20) NOT NULL
) ENGINE=InnoDB DEFAULT CHARSET=latin1;

--
-- Dumping data for table `tbl_tindakan`
--

INSERT INTO `tbl_tindakan` (`id_tindakan`, `jenis_tindakan`, `nama_tindakan`, `tarif`) VALUES
('P-001', 'heeting', 'jahitan 1-5', '10000'),
('P-002', 'heeting', 'jahitan 5-19', '5000'),
('P-003', 'heeting', 'jahitan 11 dst..', '2500'),
('P-004', 'angkat jahitan', 'jahitan 1-5', '10000'),
('P-005', 'angkat jahitan', 'jahitan 5-10', '5000'),
('P-006', 'angkat jahitan', 'jahitan 11 dst..', '2500'),
('P-007', 'rawat luka', 'luka <5', '25000'),
('P-008', 'rawat luka', 'luka >5', '35000'),
('P-009', 'PASANG', 'lepas mgp', '20000');

-- --------------------------------------------------------

--
-- Table structure for table `tbl_tindakanrj`
--

CREATE TABLE `tbl_tindakanrj` (
  `id_pendaftaran` varchar(20) DEFAULT NULL,
  `nama_penunjang` varchar(500) DEFAULT NULL,
  `jumlah_penunjang` varchar(10) DEFAULT NULL,
  `harga_penunjang` int(20) DEFAULT NULL
) ENGINE=InnoDB DEFAULT CHARSET=latin1;

--
-- Dumping data for table `tbl_tindakanrj`
--

INSERT INTO `tbl_tindakanrj` (`id_pendaftaran`, `nama_penunjang`, `jumlah_penunjang`, `harga_penunjang`) VALUES
('RJ-00001', 'jahitan 1-5', '1', 10000),
('RJ-00002', 'penunjang', '0', 0),
('RJ-00004', 'penunjang', '0', 0),
('RJ-00005', 'penunjang', '0', 0),
('RJ-00006', 'penunjang', '0', 0),
('RJ-00007', 'penunjang', '0', 0),
('RJ-00008', 'penunjang', '0', 0),
('RJ-00009', 'penunjang', '0', 0),
('RJ-000010', 'penunjang', '0', 0),
('RJ-000011', 'penunjang', '0', 0),
('RJ-000012', 'penunjang', '0', 0),
('RJ-000012', 'penunjang', '0', 0),
('RJ-000013', 'penunjang', '0', 0),
('RJ-000014', 'penunjang', '0', 0);

-- --------------------------------------------------------

--
-- Table structure for table `tbl_user`
--

CREATE TABLE `tbl_user` (
  `id_user` varchar(10) NOT NULL,
  `nama_user` varchar(100) NOT NULL,
  `username` varchar(100) NOT NULL,
  `password` varchar(100) NOT NULL,
  `telepon` varchar(15) NOT NULL,
  `level` varchar(50) NOT NULL
) ENGINE=InnoDB DEFAULT CHARSET=latin1;

--
-- Dumping data for table `tbl_user`
--

INSERT INTO `tbl_user` (`id_user`, `nama_user`, `username`, `password`, `telepon`, `level`) VALUES
('U-01', 'Yogi Khoirul Anwar', 'admin', '1234', '081336834206', 'admin'),
('U-02', 'adi setyawan', 'adi', '1234', '083112261247', 'receptionist'),
('U-03', 'yogi', 'yogi', '1234', '', 'dokter'),
('U-04', 'slamet', 'slamet', '1234', '', 'apoteker'),
('U-05', 'bima', 'bima', '1234', '', 'dokter'),
('U-06', 'dika', 'dika', '1234', '', 'receptionist');

--
-- Indexes for dumped tables
--

--
-- Indexes for table `tbl_daerah`
--
ALTER TABLE `tbl_daerah`
  ADD PRIMARY KEY (`kode_daerah`);

--
-- Indexes for table `tbl_icd`
--
ALTER TABLE `tbl_icd`
  ADD PRIMARY KEY (`id_icd`);

--
-- Indexes for table `tbl_kategoriobat`
--
ALTER TABLE `tbl_kategoriobat`
  ADD PRIMARY KEY (`kategori`);

--
-- Indexes for table `tbl_laporanobatbulanan`
--
ALTER TABLE `tbl_laporanobatbulanan`
  ADD PRIMARY KEY (`id_obat`);

--
-- Indexes for table `tbl_laporanobatharian`
--
ALTER TABLE `tbl_laporanobatharian`
  ADD PRIMARY KEY (`id_obat`);

--
-- Indexes for table `tbl_obat`
--
ALTER TABLE `tbl_obat`
  ADD PRIMARY KEY (`id_obat`);

--
-- Indexes for table `tbl_pelayanan`
--
ALTER TABLE `tbl_pelayanan`
  ADD PRIMARY KEY (`id_pendaftaran`);

--
-- Indexes for table `tbl_penunjangpemeriksaan`
--
ALTER TABLE `tbl_penunjangpemeriksaan`
  ADD PRIMARY KEY (`id_penunjang`);

--
-- Indexes for table `tbl_perawatan`
--
ALTER TABLE `tbl_perawatan`
  ADD PRIMARY KEY (`id_petugas`);

--
-- Indexes for table `tbl_returnobat`
--
ALTER TABLE `tbl_returnobat`
  ADD PRIMARY KEY (`id_pendaftaran`);

--
-- Indexes for table `tbl_ridetpembayaran`
--
ALTER TABLE `tbl_ridetpembayaran`
  ADD PRIMARY KEY (`id_pendaftaran`);

--
-- Indexes for table `tbl_rikamar`
--
ALTER TABLE `tbl_rikamar`
  ADD PRIMARY KEY (`id_kamar`);

--
-- Indexes for table `tbl_ripelayanan`
--
ALTER TABLE `tbl_ripelayanan`
  ADD PRIMARY KEY (`id_pendaftaran`);

--
-- Indexes for table `tbl_ripembayaran`
--
ALTER TABLE `tbl_ripembayaran`
  ADD PRIMARY KEY (`id_pendaftaran`);

--
-- Indexes for table `tbl_rm`
--
ALTER TABLE `tbl_rm`
  ADD PRIMARY KEY (`kode_rm`);

--
-- Indexes for table `tbl_tagihan`
--
ALTER TABLE `tbl_tagihan`
  ADD PRIMARY KEY (`id_pendaftaran`);

--
-- Indexes for table `tbl_tarifperawatan`
--
ALTER TABLE `tbl_tarifperawatan`
  ADD PRIMARY KEY (`id_petugas`);

--
-- Indexes for table `tbl_tindakan`
--
ALTER TABLE `tbl_tindakan`
  ADD PRIMARY KEY (`id_tindakan`);

--
-- Indexes for table `tbl_user`
--
ALTER TABLE `tbl_user`
  ADD PRIMARY KEY (`id_user`);

--
-- AUTO_INCREMENT for dumped tables
--

--
-- AUTO_INCREMENT for table `tbl_laporanobatbulanan`
--
ALTER TABLE `tbl_laporanobatbulanan`
  MODIFY `id_obat` int(10) NOT NULL AUTO_INCREMENT, AUTO_INCREMENT=621;

--
-- AUTO_INCREMENT for table `tbl_laporanobatharian`
--
ALTER TABLE `tbl_laporanobatharian`
  MODIFY `id_obat` int(10) NOT NULL AUTO_INCREMENT, AUTO_INCREMENT=621;

--
-- AUTO_INCREMENT for table `tbl_obat`
--
ALTER TABLE `tbl_obat`
  MODIFY `id_obat` int(10) NOT NULL AUTO_INCREMENT, AUTO_INCREMENT=625;

--
-- AUTO_INCREMENT for table `tbl_penunjangpemeriksaan`
--
ALTER TABLE `tbl_penunjangpemeriksaan`
  MODIFY `id_penunjang` int(11) NOT NULL AUTO_INCREMENT, AUTO_INCREMENT=4;

--
-- AUTO_INCREMENT for table `tbl_perawatan`
--
ALTER TABLE `tbl_perawatan`
  MODIFY `id_petugas` int(10) NOT NULL AUTO_INCREMENT, AUTO_INCREMENT=18;

--
-- AUTO_INCREMENT for table `tbl_rikamar`
--
ALTER TABLE `tbl_rikamar`
  MODIFY `id_kamar` int(20) NOT NULL AUTO_INCREMENT, AUTO_INCREMENT=9;
COMMIT;

/*!40101 SET CHARACTER_SET_CLIENT=@OLD_CHARACTER_SET_CLIENT */;
/*!40101 SET CHARACTER_SET_RESULTS=@OLD_CHARACTER_SET_RESULTS */;
/*!40101 SET COLLATION_CONNECTION=@OLD_COLLATION_CONNECTION */;
